t,v,k,N,source,status,retrieved
2,2,3,4,"Kleitman and Spencer, or Katona",2024-11,2026-10-04
2,2,4,5,"Kleitman and Spencer, or Katona",2024-11,2026-10-04
2,2,10,6,"Kleitman and Spencer, or Katona",2024-11,2026-10-04
2,2,15,7,"Kleitman and Spencer, or Katona",2024-11,2026-10-04
2,2,35,8,"Kleitman and Spencer, or Katona",2024-11,2026-10-04
2,2,56,9,"Kleitman and Spencer, or Katona",2024-11,2026-10-04
2,2,126,10,"Kleitman and Spencer, or Katona",2024-11,2026-10-04
2,2,210,11,"Kleitman and Spencer, or Katona",2024-11,2026-10-04
2,2,462,12,"Kleitman and Spencer, or Katona",2024-11,2026-10-04
2,2,792,13,"Kleitman and Spencer, or Katona",2024-11,2026-10-04
2,2,1716,14,"Kleitman and Spencer, or Katona",2024-11,2026-10-04
2,2,3003,15,"Kleitman and Spencer, or Katona",2024-11,2026-10-04
2,2,6435,16,"Kleitman and Spencer, or Katona",2024-11,2026-10-04
2,2,11440,17,"Kleitman and Spencer, or Katona",2024-11,2026-10-04
2,2,20000,18,"Kleitman and Spencer, or Katona",2024-11,2026-10-04
2,3,4,9,orthogonal array,2024-11,2026-10-04
2,3,5,11,Derive from strength 3,2024-11,2026-10-04
2,3,7,12,simulated annealing (Cohen),2024-11,2026-10-04
2,3,9,13,simulated annealing (Cohen),2024-11,2026-10-04
2,3,10,14,simulated annealing (Cohen),2024-11,2026-10-04
2,3,20,15,tabu search (Nurmela),2024-11,2026-10-04
2,3,21,16,tabu search (Zekaoui),2024-11,2026-10-04
2,3,29,17,CA Extender (TJ-AJ-AG),2024-11,2026-10-04
2,3,46,18,CA Extender (TJ-AJ-AG),2024-11,2026-10-04
2,3,49,19,CA Extender (TJ-AJ-AG),2024-11,2026-10-04
2,3,63,20,CA Extender (TJ-AJ-AG),2024-11,2026-10-04
2,3,93,21,CA Extender (TJ-AJ-AG),2024-11,2026-10-04
2,3,107,22,CA Extender (TJ-AJ-AG),2024-11,2026-10-04
2,3,138,23,CA Extender (TJ-AJ-AG),2024-11,2026-10-04
2,3,199,24,CA Extender (TJ-AJ-AG),2024-11,2026-10-04
2,3,216,25,CA Extender (TJ-AJ-AG),2024-11,2026-10-04
2,3,288,26,CA Extender (TJ-AJ-AG),2024-11,2026-10-04
2,3,435,27,CA Extender (TJ-AJ-AG),2024-11,2026-10-04
2,3,449,28,CA Extender (TJ-AJ-AG),2024-11,2026-10-04
2,3,610,29,CA Extender (TJ-AJ-AG),2024-11,2026-10-04
2,3,878,30,CA Extender (TJ-AJ-AG),2024-11,2026-10-04
2,3,964,31,CA Extender (TJ-AJ-AG),2024-11,2026-10-04
2,3,1308,32,CA Extender (TJ-AJ-AG),2024-11,2026-10-04
2,3,1964,33,CA Extender (TJ-AJ-AG),2024-11,2026-10-04
2,3,2116,34,CA Extender (TJ-AJ-AG),2024-11,2026-10-04
2,3,2700,35,CA Extender (TJ-AJ-AG),2024-11,2026-10-04
2,3,3918,36,CA Extender (TJ-AJ-AG),2024-11,2026-10-04
2,3,4457,37,CA Extender (TJ-AJ-AG),2024-11,2026-10-04
2,3,5763,38,CA Extender (TJ-AJ-AG),2024-11,2026-10-04
2,3,8329,39,CA Extender (TJ-AJ-AG),2024-11,2026-10-04
2,3,9207,40,CA Extender (TJ-AJ-AG),2024-11,2026-10-04
2,3,11898,41,CA Extender (TJ-AJ-AG),2024-11,2026-10-04
2,3,17895,42,CA Extender (TJ-AJ-AG),2024-11,2026-10-04
2,3,20000,43,CA Extender (TJ-AJ-AG),2024-11,2026-10-04
2,4,5,16,Derive from strength 3,2024-11,2026-10-04
2,4,6,19,Fix 1 symbols (Meagher-Stevens),2024-11,2026-10-04
2,4,7,21,simulated annealing (Cohen),2024-11,2026-10-04
2,4,9,22,Fix 2 symbols (LCDST) postop TJ-SA,2024-11,2026-10-04
2,4,12,24,simulated annealing (CKRS),2024-11,2026-10-04
2,4,13,25,simulated annealing (CKRS),2024-11,2026-10-04
2,4,15,26,simulated annealing (Torres-Jimenez),2024-11,2026-10-04
2,4,17,27,simulated annealing (Torres-Jimenez),2024-11,2026-10-04
2,4,24,28,PCAx2PCA,2024-11,2026-10-04
2,4,27,29,simulated annealing (Torres-Jimenez),2024-11,2026-10-04
2,4,30,30,simulated annealing (Torres-Jimenez),2024-11,2026-10-04
2,4,35,31,simulated annealing (Torres-Jimenez),2024-11,2026-10-04
2,4,48,32,simulated annealing (Torres-Jimenez),2024-11,2026-10-04
2,4,49,33,simulated annealing (Torres-Jimenez),2024-11,2026-10-04
2,4,50,34,simulated annealing (Torres-Jimenez),2024-11,2026-10-04
2,4,57,35,simulated annealing (Torres-Jimenez),2024-11,2026-10-04
2,4,66,36,simulated annealing (Torres-Jimenez),2024-11,2026-10-04
2,4,72,37,simulated annealing (Torres-Jimenez),2024-11,2026-10-04
2,4,83,38,simulated annealing (Torres-Jimenez),2024-11,2026-10-04
2,4,103,39,simulated annealing (Torres-Jimenez),2024-11,2026-10-04
2,4,133,40,simulated annealing (Torres-Jimenez),2024-11,2026-10-04
2,4,139,41,simulated annealing (Torres-Jimenez),2024-11,2026-10-04
2,4,148,42,simulated annealing (Torres-Jimenez),2024-11,2026-10-04
2,4,170,43,PCAxPCA postop TJ-SA,2024-11,2026-10-04
2,4,231,44,PCAx2PCA,2024-11,2026-10-04
2,4,237,45,PCAx2PCA,2024-11,2026-10-04
2,4,241,46,PCAx2PCA,2024-11,2026-10-04
2,4,279,47,PCAx2PCA,2024-11,2026-10-04
2,4,338,48,simulated annealing (Torres-Jimenez),2024-11,2026-10-04
2,4,360,49,simulated annealing (Torres-Jimenez),2024-11,2026-10-04
2,4,412,50,simulated annealing (Torres-Jimenez),2024-11,2026-10-04
2,4,503,51,simulated annealing (Torres-Jimenez),2024-11,2026-10-04
2,4,652,52,simulated annealing (Torres-Jimenez),2024-11,2026-10-04
2,4,664,53,simulated annealing (Torres-Jimenez),2024-11,2026-10-04
2,4,749,54,simulated annealing (Torres-Jimenez),2024-11,2026-10-04
2,4,950,55,simulated annealing (Torres-Jimenez),2024-11,2026-10-04
2,4,1134,56,PCAxPCA,2024-11,2026-10-04
2,4,1251,57,PCAxPCA,2024-11,2026-10-04
2,4,1377,58,PCAxPCA,2024-11,2026-10-04
2,4,1626,59,PCAxPCA,2024-11,2026-10-04
2,4,2223,60,PCAxPCA,2024-11,2026-10-04
2,4,2280,61,PCAxPCA,2024-11,2026-10-04
2,4,2337,62,PCAxPCA,2024-11,2026-10-04
2,4,2655,63,PCAxPCA,2024-11,2026-10-04
2,4,3136,64,PCAx2PCA,2024-11,2026-10-04
2,4,3431,65,PCAxPCA,2024-11,2026-10-04
2,4,3804,66,PCAxPCA,2024-11,2026-10-04
2,4,4647,67,PCAxPCA,2024-11,2026-10-04
2,4,6096,68,PCAxPCA,2024-11,2026-10-04
2,4,6321,69,PCAxPCA,2024-11,2026-10-04
2,4,6690,70,PCAxPCA,2024-11,2026-10-04
2,4,7896,71,PCAxPCA,2024-11,2026-10-04
2,4,10737,72,PCAxPCA,2024-11,2026-10-04
2,4,11025,73,PCAxPCA,2024-11,2026-10-04
2,4,11301,74,PCAxPCA,2024-11,2026-10-04
2,4,12960,75,PCAxPCA,2024-11,2026-10-04
2,4,16665,76,PCAxPCA,2024-11,2026-10-04
2,4,17239,77,PCAxPCA,2024-11,2026-10-04
2,4,19065,78,PCAxPCA,2024-11,2026-10-04
2,4,20000,79,PCAx2PCA,2024-11,2026-10-04
2,5,6,25,orthogonal array,2024-11,2026-10-04
2,5,7,29,Fix 1 symbols (Meagher-Stevens),2024-11,2026-10-04
2,5,8,33,Fix 1 symbols (Meagher-Stevens),2024-11,2026-10-04
2,5,9,35,simulated annealing (Cohen),2024-11,2026-10-04
2,5,10,36,tabu search (Rouse-Lamarre),2024-11,2026-10-04
2,5,11,37,simulated annealing (Torres-Jimenez),2024-11,2026-10-04
2,5,13,38,simulated annealing (Torres-Jimenez),2024-11,2026-10-04
2,5,14,39,simulated annealing (Torres-Jimenez),2024-11,2026-10-04
2,5,21,40,"cover starter (Colbourn,Torres-Jimenez)",2024-11,2026-10-04
2,5,35,45,PCAx2PCA,2024-11,2026-10-04
2,5,36,46,simulated annealing (Torres-Jimenez),2024-11,2026-10-04
2,5,38,48,simulated annealing (Torres-Jimenez),2024-11,2026-10-04
2,5,43,49,simulated annealing (Torres-Jimenez),2024-11,2026-10-04
2,5,45,50,simulated annealing (Torres-Jimenez),2024-11,2026-10-04
2,5,47,51,simulated annealing (Torres-Jimenez),2024-11,2026-10-04
2,5,52,53,simulated annealing (Torres-Jimenez),2024-11,2026-10-04
2,5,54,54,simulated annealing (Torres-Jimenez),2024-11,2026-10-04
2,5,55,55,simulated annealing (Torres-Jimenez),2024-11,2026-10-04
2,5,61,56,simulated annealing (Torres-Jimenez),2024-11,2026-10-04
2,5,69,57,simulated annealing (Torres-Jimenez),2024-11,2026-10-04
2,5,77,58,PCAxPCA postop TJ-SA,2024-11,2026-10-04
2,5,83,59,PCAx2PCA,2024-11,2026-10-04
2,5,125,60,PCAx2PCA,2024-11,2026-10-04
2,5,126,62,PCAx2PCA,2024-11,2026-10-04
2,5,146,64,PCAxPCA,2024-11,2026-10-04
2,5,220,65,simulated annealing (Torres-Jimenez),2024-11,2026-10-04
2,5,224,68,PCAxPCA postop TJ-SA,2024-11,2026-10-04
2,5,252,69,PCAx2PCA,2024-11,2026-10-04
2,5,262,70,PCAx2PCA,2024-11,2026-10-04
2,5,273,71,PCAx2PCA,2024-11,2026-10-04
2,5,301,73,PCAx2PCA,2024-11,2026-10-04
2,5,312,74,PCAx2PCA,2024-11,2026-10-04
2,5,440,75,PCAxPCA,2024-11,2026-10-04
2,5,441,77,Direct product,2024-11,2026-10-04
2,5,451,78,PCAx2PCA,2024-11,2026-10-04
2,5,485,79,PCAx2PCA,2024-11,2026-10-04
2,5,730,80,PCAx2PCA,2024-11,2026-10-04
2,5,750,81,PCAxPCA,2024-11,2026-10-04
2,5,794,83,PCAxPCA,2024-11,2026-10-04
2,5,897,84,PCAxPCA,2024-11,2026-10-04
2,5,1289,85,PCAx2PCA,2024-11,2026-10-04
2,5,1292,87,PCAx2PCA,2024-11,2026-10-04
2,5,1324,88,PCAx2PCA,2024-11,2026-10-04
2,5,1509,89,PCAx2PCA,2024-11,2026-10-04
2,5,1535,90,PCAx2PCA,2024-11,2026-10-04
2,5,1600,91,PCAx2PCA,2024-11,2026-10-04
2,5,1638,92,PCAxPCA,2024-11,2026-10-04
2,5,1813,93,PCAxPCA,2024-11,2026-10-04
2,5,1887,94,PCAxPCA,2024-11,2026-10-04
2,5,2605,95,PCAxPCA,2024-11,2026-10-04
2,5,2625,97,Direct product,2024-11,2026-10-04
2,5,2829,98,PCAxPCA,2024-11,2026-10-04
2,5,3049,99,PCAxPCA,2024-11,2026-10-04
2,5,4589,100,PCAxPCA,2024-11,2026-10-04
2,5,4620,102,Direct product,2024-11,2026-10-04
2,5,4684,103,PCAxPCA,2024-11,2026-10-04
2,5,5255,104,PCAxPCA,2024-11,2026-10-04
2,5,7545,105,PCAx2PCA,2024-11,2026-10-04
2,5,7734,106,PCAxPCA,2024-11,2026-10-04
2,5,8236,108,PCAxPCA,2024-11,2026-10-04
2,5,9274,109,PCAxPCA,2024-11,2026-10-04
2,5,9652,110,PCAxPCA,2024-11,2026-10-04
2,5,10061,111,PCAxPCA,2024-11,2026-10-04
2,5,11099,113,PCAxPCA,2024-11,2026-10-04
2,5,11508,114,PCAxPCA,2024-11,2026-10-04
2,5,15225,115,PCAxPCA,2024-11,2026-10-04
2,5,15600,116,PCAxPCA,2024-11,2026-10-04
2,5,16599,118,PCAxPCA,2024-11,2026-10-04
2,5,18680,119,PCAxPCA,2024-11,2026-10-04
2,5,20000,120,Direct product,2024-11,2026-10-04
2,6,3,36,orthogonal array,2024-11,2026-10-04
2,6,4,37,simulated annealing (Cohen),2024-11,2026-10-04
2,6,5,39,simulated annealing (Cohen),2024-11,2026-10-04
2,6,6,41,tabu search (Nurmela),2024-11,2026-10-04
2,6,8,42,tabu search (Nurmela),2024-11,2026-10-04
2,6,9,46,Fix 1 symbols (Meagher-Stevens),2024-11,2026-10-04
2,6,10,48,simulated annealing (Torres-Jimenez),2024-11,2026-10-04
2,6,11,51,simulated annealing (Torres-Jimenez),2024-11,2026-10-04
2,6,12,53,simulated annealing (Torres-Jimenez),2024-11,2026-10-04
2,6,13,55,"cover starter (Colbourn,Torres-Jimenez)",2024-11,2026-10-04
2,6,18,57,"cover starter (Colbourn,Torres-Jimenez)",2024-11,2026-10-04
2,6,19,59,"cover starter (Colbourn,Torres-Jimenez)",2024-11,2026-10-04
2,6,20,61,"cover starter (Colbourn,Torres-Jimenez)",2024-11,2026-10-04
2,6,22,63,"cover starter (Colbourn,Torres-Jimenez)",2024-11,2026-10-04
2,6,23,65,"cover starter (Colbourn,Torres-Jimenez)",2024-11,2026-10-04
2,6,24,66,"cover starter (Colbourn,Torres-Jimenez)",2024-11,2026-10-04
2,6,26,67,"cover starter (Colbourn,Torres-Jimenez)",2024-11,2026-10-04
2,6,28,68,"cover starter (Colbourn,Torres-Jimenez)",2024-11,2026-10-04
2,6,30,69,simulated annealing (Torres-Jimenez),2024-11,2026-10-04
2,6,32,70,simulated annealing (Torres-Jimenez),2024-11,2026-10-04
2,6,35,71,simulated annealing (Torres-Jimenez),2024-11,2026-10-04
2,6,37,72,simulated annealing (Torres-Jimenez),2024-11,2026-10-04
2,6,40,73,simulated annealing (Torres-Jimenez),2024-11,2026-10-04
2,6,42,74,simulated annealing (Torres-Jimenez),2024-11,2026-10-04
2,6,52,75,simulated annealing (Torres-Jimenez),2024-11,2026-10-04
2,6,63,76,simulated annealing (Torres-Jimenez),2024-11,2026-10-04
2,6,65,77,simulated annealing (Torres-Jimenez),2024-11,2026-10-04
2,6,69,78,simulated annealing (Torres-Jimenez),2024-11,2026-10-04
2,6,75,79,simulated annealing (Torres-Jimenez),2024-11,2026-10-04
2,6,78,80,simulated annealing (Torres-Jimenez),2024-11,2026-10-04
2,6,79,81,simulated annealing (Torres-Jimenez),2024-11,2026-10-04
2,6,80,82,simulated annealing (Torres-Jimenez),2024-11,2026-10-04
2,6,82,83,simulated annealing (Torres-Jimenez),2024-11,2026-10-04
2,6,84,84,simulated annealing (Torres-Jimenez),2024-11,2026-10-04
2,6,86,85,simulated annealing (Torres-Jimenez),2024-11,2026-10-04
2,6,89,86,simulated annealing (Torres-Jimenez),2024-11,2026-10-04
2,6,94,87,Direct product generalized,2024-11,2026-10-04
2,6,100,88,Direct product generalized,2024-11,2026-10-04
2,6,102,89,Direct product generalized,2024-11,2026-10-04
2,6,110,90,Direct product generalized,2024-11,2026-10-04
2,6,119,91,Direct product generalized,2024-11,2026-10-04
2,6,132,92,Direct product generalized,2024-11,2026-10-04
2,6,144,93,PCAxPCA,2024-11,2026-10-04
2,6,145,94,Direct product generalized,2024-11,2026-10-04
2,6,152,95,PCAxPCA,2024-11,2026-10-04
2,6,160,96,Direct product generalized,2024-11,2026-10-04
2,6,162,97,Direct product generalized,2024-11,2026-10-04
2,6,174,98,Direct product generalized,2024-11,2026-10-04
2,6,186,99,Direct product generalized,2024-11,2026-10-04
2,6,190,100,Direct product generalized,2024-11,2026-10-04
2,6,198,101,Direct product generalized,2024-11,2026-10-04
2,6,206,102,Direct product generalized,2024-11,2026-10-04
2,6,224,103,Direct product generalized,2024-11,2026-10-04
2,6,245,104,Direct product generalized,2024-11,2026-10-04
2,6,274,105,Direct product generalized,2024-11,2026-10-04
2,6,302,106,Direct product generalized,2024-11,2026-10-04
2,6,322,107,Direct product generalized,2024-11,2026-10-04
2,6,336,108,Direct product generalized,2024-11,2026-10-04
2,6,374,109,Direct product generalized,2024-11,2026-10-04
2,6,394,110,Direct product generalized,2024-11,2026-10-04
2,6,472,111,simulated annealing (Torres-Jimenez),2024-11,2026-10-04
2,6,512,112,simulated annealing (Torres-Jimenez),2024-11,2026-10-04
2,6,524,113,Direct product generalized,2024-11,2026-10-04
2,6,554,114,Direct product generalized,2024-11,2026-10-04
2,6,600,115,Direct product,2024-11,2026-10-04
2,6,624,116,Direct product,2024-11,2026-10-04
2,6,632,117,Direct product,2024-11,2026-10-04
2,6,640,118,Direct product,2024-11,2026-10-04
2,6,656,119,PCAx2PCA,2024-11,2026-10-04
2,6,686,120,PCAx2PCA,2024-11,2026-10-04
2,6,731,121,PCAx2PCA,2024-11,2026-10-04
2,6,764,122,PCAx2PCA,2024-11,2026-10-04
2,6,838,123,Direct product generalized,2024-11,2026-10-04
2,6,881,124,Direct product generalized,2024-11,2026-10-04
2,6,905,125,Direct product generalized,2024-11,2026-10-04
2,6,964,126,Direct product generalized,2024-11,2026-10-04
2,6,1121,127,PCAxPCA,2024-11,2026-10-04
2,6,1159,128,PCAxPCA,2024-11,2026-10-04
2,6,1229,129,PCAxPCA,2024-11,2026-10-04
2,6,1331,130,PCAxPCA,2024-11,2026-10-04
2,6,1388,131,PCAxPCA,2024-11,2026-10-04
2,6,1406,132,PCAxPCA,2024-11,2026-10-04
2,6,1450,133,PCAxPCA,2024-11,2026-10-04
2,6,1520,134,Direct product generalized,2024-11,2026-10-04
2,6,1627,135,Direct product generalized,2024-11,2026-10-04
2,6,1695,136,Direct product generalized,2024-11,2026-10-04
2,6,1786,137,Direct product generalized,2024-11,2026-10-04
2,6,1893,138,Direct product generalized,2024-11,2026-10-04
2,6,2068,139,Direct product generalized,2024-11,2026-10-04
2,6,2231,140,Direct product generalized,2024-11,2026-10-04
2,6,2482,141,Direct product generalized,2024-11,2026-10-04
2,6,2744,142,Direct product generalized,2024-11,2026-10-04
2,6,2943,143,Direct product generalized,2024-11,2026-10-04
2,6,3072,144,Direct product generalized,2024-11,2026-10-04
2,6,3328,145,Direct product generalized,2024-11,2026-10-04
2,6,3800,146,PCAxPCA,2024-11,2026-10-04
2,6,4032,147,Direct product,2024-11,2026-10-04
2,6,4212,148,Direct product generalized,2024-11,2026-10-04
2,6,4478,149,PCAxPCA,2024-11,2026-10-04
2,6,4800,150,Direct product,2024-11,2026-10-04
2,6,4992,151,Direct product,2024-11,2026-10-04
2,6,5264,152,PCAxPCA,2024-11,2026-10-04
2,6,5546,153,PCAxPCA,2024-11,2026-10-04
2,6,5828,154,PCAxPCA,2024-11,2026-10-04
2,6,5906,155,PCAxPCA,2024-11,2026-10-04
2,6,5985,156,PCAxPCA,2024-11,2026-10-04
2,6,6012,157,PCAxPCA,2024-11,2026-10-04
2,6,6452,158,Direct product generalized,2024-11,2026-10-04
2,6,7275,159,Direct product generalized,2024-11,2026-10-04
2,6,7518,160,Direct product generalized,2024-11,2026-10-04
2,6,7789,161,Direct product generalized,2024-11,2026-10-04
2,6,8433,162,PCAxPCA,2024-11,2026-10-04
2,6,9134,163,PCAxPCA,2024-11,2026-10-04
2,6,9432,164,Direct product,2024-11,2026-10-04
2,6,10314,165,Direct product generalized,2024-11,2026-10-04
2,6,10648,166,Direct product,2024-11,2026-10-04
2,6,11154,167,PCAxPCA,2024-11,2026-10-04
2,6,11584,168,Direct product generalized,2024-11,2026-10-04
2,6,12146,169,Direct product generalized,2024-11,2026-10-04
2,6,13199,170,Direct product generalized,2024-11,2026-10-04
2,6,14333,171,Direct product generalized,2024-11,2026-10-04
2,6,15257,172,Direct product generalized,2024-11,2026-10-04
2,6,16153,173,Direct product generalized,2024-11,2026-10-04
2,6,17033,174,Direct product generalized,2024-11,2026-10-04
2,6,18534,175,Direct product generalized,2024-11,2026-10-04
2,6,19556,176,Direct product generalized,2024-11,2026-10-04
2,6,20000,177,Direct product generalized,2024-11,2026-10-04
2,7,8,49,orthogonal array,2024-11,2026-10-04
2,7,9,59,simulated annealing (CKRS),2024-11,2026-10-04
2,7,10,61,Fix 1 symbols (Meagher-Stevens),2024-11,2026-10-04
2,7,11,65,simulated annealing (Torres-Jimenez),2024-11,2026-10-04
2,7,13,71,Fix 2 symbols (LCDST) postop NCK,2024-11,2026-10-04
2,7,14,76,Fix 2 symbols (LCDST) postop NCK,2024-11,2026-10-04
2,7,15,79,Fix 2 symbols (LCDST) postop TJ-SA,2024-11,2026-10-04
2,7,17,82,Fix 3 symbols (LCDST) postop TJ-SA,2024-11,2026-10-04
2,7,18,85,simulated annealing (Torres-Jimenez),2024-11,2026-10-04
2,7,19,86,simulated annealing (Torres-Jimenez),2024-11,2026-10-04
2,7,22,87,"cover starter (Colbourn,Torres-Jimenez)",2024-11,2026-10-04
2,7,29,88,"cover starter (Colbourn,Torres-Jimenez)",2024-11,2026-10-04
2,7,63,91,PCAx2PCA,2024-11,2026-10-04
2,7,64,96,Direct product,2024-11,2026-10-04
2,7,71,101,PCAx2PCA,2024-11,2026-10-04
2,7,72,102,simulated annealing (Torres-Jimenez),2024-11,2026-10-04
2,7,79,103,PCAx2PCA,2024-11,2026-10-04
2,7,80,105,Direct product,2024-11,2026-10-04
2,7,87,107,PCAx2PCA,2024-11,2026-10-04
2,7,88,109,PCAx2PCA,2024-11,2026-10-04
2,7,91,111,Direct product generalized,2024-11,2026-10-04
2,7,100,113,simulated annealing (Torres-Jimenez),2024-11,2026-10-04
2,7,101,115,PCAx2PCA,2024-11,2026-10-04
2,7,103,116,PCAx2PCA,2024-11,2026-10-04
2,7,104,117,Direct product,2024-11,2026-10-04
2,7,108,118,PCAx2PCA,2024-11,2026-10-04
2,7,109,119,PCAxPCA,2024-11,2026-10-04
2,7,111,120,PCAx2PCA,2024-11,2026-10-04
2,7,114,121,PCAx2PCA,2024-11,2026-10-04
2,7,115,122,PCAx2PCA,2024-11,2026-10-04
2,7,120,123,PCAxPCA,2024-11,2026-10-04
2,7,128,124,PCAx2PCA,2024-11,2026-10-04
2,7,130,125,Direct product generalized,2024-11,2026-10-04
2,7,131,126,PCAx2PCA,2024-11,2026-10-04
2,7,135,127,PCAx2PCA,2024-11,2026-10-04
2,7,142,128,PCAx2PCA,2024-11,2026-10-04
2,7,176,129,Direct product,2024-11,2026-10-04
2,7,219,130,PCAx2PCA,2024-11,2026-10-04
2,7,497,133,PCAx2PCA,2024-11,2026-10-04
2,7,504,138,PCAx2PCA,2024-11,2026-10-04
2,7,521,140,simulated annealing (Torres-Jimenez),2024-11,2026-10-04
2,7,560,143,PCAx2PCA,2024-11,2026-10-04
2,7,568,144,PCAx2PCA,2024-11,2026-10-04
2,7,625,145,PCAx2PCA,2024-11,2026-10-04
2,7,632,146,Direct product,2024-11,2026-10-04
2,7,640,147,Direct product,2024-11,2026-10-04
2,7,689,149,PCAx2PCA,2024-11,2026-10-04
2,7,693,151,Direct product,2024-11,2026-10-04
2,7,696,152,simulated annealing (Torres-Jimenez),2024-11,2026-10-04
2,7,728,153,Direct product generalized,2024-11,2026-10-04
2,7,800,155,Direct product,2024-11,2026-10-04
2,7,812,158,PCAx2PCA,2024-11,2026-10-04
2,7,822,159,Direct product generalized,2024-11,2026-10-04
2,7,859,160,PCAx2PCA,2024-11,2026-10-04
2,7,863,161,PCAx2PCA,2024-11,2026-10-04
2,7,900,162,Direct product,2024-11,2026-10-04
2,7,903,163,PCAx2PCA,2024-11,2026-10-04
2,7,920,164,Direct product,2024-11,2026-10-04
2,7,957,165,Direct product generalized,2024-11,2026-10-04
2,7,1030,166,Direct product generalized,2024-11,2026-10-04
2,7,1040,167,Direct product,2024-11,2026-10-04
2,7,1071,169,PCAx2PCA,2024-11,2026-10-04
2,7,1136,170,Direct product,2024-11,2026-10-04
2,7,1386,171,Direct product,2024-11,2026-10-04
2,7,1736,172,PCAx2PCA,2024-11,2026-10-04
2,7,3927,175,PCAx2PCA,2024-11,2026-10-04
2,7,3976,180,PCAx2PCA,2024-11,2026-10-04
2,7,4154,182,PCAx2PCA,2024-11,2026-10-04
2,7,4424,185,PCAxPCA,2024-11,2026-10-04
2,7,4480,186,PCAx2PCA,2024-11,2026-10-04
2,7,4928,187,PCAx2PCA,2024-11,2026-10-04
2,7,4984,188,simulated annealing (Torres-Jimenez),2024-11,2026-10-04
2,7,5056,189,PCAx2PCA,2024-11,2026-10-04
2,7,5432,191,PCAx2PCA,2024-11,2026-10-04
2,7,5467,193,Direct product,2024-11,2026-10-04
2,7,5552,194,PCAx2PCA,2024-11,2026-10-04
2,7,5824,195,PCAx2PCA,2024-11,2026-10-04
2,7,6328,197,PCAx2PCA,2024-11,2026-10-04
2,7,6412,200,PCAxPCA,2024-11,2026-10-04
2,7,6491,201,Direct product generalized,2024-11,2026-10-04
2,7,6797,202,PCAx2PCA,2024-11,2026-10-04
2,7,6824,203,PCAxPCA,2024-11,2026-10-04
2,7,7119,204,PCAx2PCA,2024-11,2026-10-04
2,7,7161,205,PCAxPCA,2024-11,2026-10-04
2,7,7280,206,PCAx2PCA,2024-11,2026-10-04
2,7,7520,207,PCAx2PCA,2024-11,2026-10-04
2,7,8120,208,PCAx2PCA,2024-11,2026-10-04
2,7,8190,209,Direct product,2024-11,2026-10-04
2,7,8204,210,PCAxPCA,2024-11,2026-10-04
2,7,8505,211,PCAxPCA,2024-11,2026-10-04
2,7,9016,212,PCAx2PCA,2024-11,2026-10-04
2,7,10934,213,Direct product,2024-11,2026-10-04
2,7,13776,214,PCAxPCA,2024-11,2026-10-04
2,7,20000,217,Direct product,2024-11,2026-10-04
2,8,9,64,Derive from strength 3,2024-11,2026-10-04
2,8,10,76,simulated annealing (Torres-Jimenez),2024-11,2026-10-04
2,8,11,78,Fix 1 symbols (Meagher-Stevens),2024-11,2026-10-04
2,8,13,84,Fix 2 symbols (LCDST) postop TJ-SA,2024-11,2026-10-04
2,8,15,96,Fix 2 symbols (LCDST) postop NCK,2024-11,2026-10-04
2,8,16,102,Fix 2 symbols (LCDST) postop NCK,2024-11,2026-10-04
2,8,18,104,Fix 3 symbols (LCDST) postop TJ-SA,2024-11,2026-10-04
2,8,19,107,Fix 3 symbols (LCDST) postop TJ-SA,2024-11,2026-10-04
2,8,20,108,Fix 3 symbols (LCDST) postop TJ-SA,2024-11,2026-10-04
2,8,22,112,simulated annealing (Torres-Jimenez),2024-11,2026-10-04
2,8,24,113,simulated annealing (Torres-Jimenez),2024-11,2026-10-04
2,8,26,114,simulated annealing (Torres-Jimenez),2024-11,2026-10-04
2,8,28,115,simulated annealing (Torres-Jimenez),2024-11,2026-10-04
2,8,30,119,simulated annealing (Torres-Jimenez),2024-11,2026-10-04
2,8,80,120,PCAx2PCA,2024-11,2026-10-04
2,8,81,126,Direct product,2024-11,2026-10-04
2,8,89,132,PCAx2PCA,2024-11,2026-10-04
2,8,90,133,PCAx2PCA,2024-11,2026-10-04
2,8,98,134,PCAx2PCA,2024-11,2026-10-04
2,8,99,135,PCAx2PCA,2024-11,2026-10-04
2,8,113,140,simulated annealing (Torres-Jimenez),2024-11,2026-10-04
2,8,115,143,PCAx2PCA,2024-11,2026-10-04
2,8,117,144,PCAx2PCA,2024-11,2026-10-04
2,8,121,148,simulated annealing (Torres-Jimenez),2024-11,2026-10-04
2,8,123,151,Direct product generalized,2024-11,2026-10-04
2,8,131,152,PCAx2PCA,2024-11,2026-10-04
2,8,138,154,PCAxPCA,2024-11,2026-10-04
2,8,143,155,PCAxPCA,2024-11,2026-10-04
2,8,154,160,PCAx2PCA,2024-11,2026-10-04
2,8,156,161,PCAx2PCA,2024-11,2026-10-04
2,8,163,163,PCAx2PCA,2024-11,2026-10-04
2,8,170,164,PCAx2PCA,2024-11,2026-10-04
2,8,173,165,PCAx2PCA,2024-11,2026-10-04
2,8,174,166,PCAx2PCA,2024-11,2026-10-04
2,8,175,167,PCAx2PCA,2024-11,2026-10-04
2,8,197,168,PCAx2PCA,2024-11,2026-10-04
2,8,216,169,Direct product,2024-11,2026-10-04
2,8,233,170,PCAx2PCA,2024-11,2026-10-04
2,8,251,171,PCAx2PCA postop TJ-SA,2024-11,2026-10-04
2,8,252,174,Direct product,2024-11,2026-10-04
2,8,270,175,Direct product,2024-11,2026-10-04
2,8,712,176,PCAx2PCA,2024-11,2026-10-04
2,8,720,182,PCAx2PCA,2024-11,2026-10-04
2,8,730,184,Direct product,2024-11,2026-10-04
2,8,740,185,simulated annealing (Torres-Jimenez),2024-11,2026-10-04
2,8,792,188,PCAx2PCA,2024-11,2026-10-04
2,8,801,189,PCAx2PCA,2024-11,2026-10-04
2,8,882,190,Direct product,2024-11,2026-10-04
2,8,891,192,Direct product,2024-11,2026-10-04
2,8,1008,196,PCAx2PCA,2024-11,2026-10-04
2,8,1024,199,PCAx2PCA,2024-11,2026-10-04
2,8,1040,200,Direct product,2024-11,2026-10-04
2,8,1078,204,Direct product,2024-11,2026-10-04
2,8,1113,206,Direct product generalized,2024-11,2026-10-04
2,8,1121,207,Direct product generalized,2024-11,2026-10-04
2,8,1168,208,PCAx2PCA,2024-11,2026-10-04
2,8,1274,210,Direct product,2024-11,2026-10-04
2,8,1287,212,Direct product,2024-11,2026-10-04
2,8,1424,216,PCAxPCA,2024-11,2026-10-04
2,8,1433,217,PCAxPCA,2024-11,2026-10-04
2,8,1456,219,PCAx2PCA,2024-11,2026-10-04
2,8,1520,220,PCAx2PCA,2024-11,2026-10-04
2,8,1544,221,PCAx2PCA,2024-11,2026-10-04
2,8,1552,222,PCAx2PCA,2024-11,2026-10-04
2,8,1560,223,PCAx2PCA,2024-11,2026-10-04
2,8,1752,224,PCAx2PCA,2024-11,2026-10-04
2,8,1920,225,Direct product,2024-11,2026-10-04
2,8,2072,226,PCAx2PCA,2024-11,2026-10-04
2,8,2242,227,PCAx2PCA,2024-11,2026-10-04
2,8,2258,229,PCAx2PCA,2024-11,2026-10-04
2,8,2430,231,PCAx2PCA,2024-11,2026-10-04
2,8,6344,232,PCAx2PCA,2024-11,2026-10-04
2,8,6408,238,PCAx2PCA,2024-11,2026-10-04
2,8,6588,240,simulated annealing (Torres-Jimenez),2024-11,2026-10-04
2,8,6612,241,PCAx2PCA,2024-11,2026-10-04
2,8,7056,244,PCAxPCA,2024-11,2026-10-04
2,8,7128,245,PCAx2PCA,2024-11,2026-10-04
2,8,7840,246,Direct product,2024-11,2026-10-04
2,8,7938,248,PCAx2PCA,2024-11,2026-10-04
2,8,9000,252,PCAxPCA postop TJ-SA,2024-11,2026-10-04
2,8,9128,255,PCAxPCA,2024-11,2026-10-04
2,8,9256,256,Direct product,2024-11,2026-10-04
2,8,9604,260,Direct product,2024-11,2026-10-04
2,8,9702,261,Direct product,2024-11,2026-10-04
2,8,9919,262,PCAx2PCA,2024-11,2026-10-04
2,8,9991,263,PCAx2PCA,2024-11,2026-10-04
2,8,10424,264,PCAxPCA,2024-11,2026-10-04
2,8,11074,266,Direct product,2024-11,2026-10-04
2,8,11088,267,Direct product,2024-11,2026-10-04
2,8,11440,268,Direct product,2024-11,2026-10-04
2,8,11466,270,Direct product,2024-11,2026-10-04
2,8,12688,272,PCAxPCA,2024-11,2026-10-04
2,8,13016,275,PCAxPCA,2024-11,2026-10-04
2,8,13600,276,PCAxPCA,2024-11,2026-10-04
2,8,13792,277,PCAxPCA,2024-11,2026-10-04
2,8,13856,278,PCAxPCA,2024-11,2026-10-04
2,8,13920,279,PCAxPCA,2024-11,2026-10-04
2,8,15600,280,PCAxPCA,2024-11,2026-10-04
2,8,17088,281,Direct product,2024-11,2026-10-04
2,8,18448,282,PCAxPCA,2024-11,2026-10-04
2,8,20000,283,PCAx2PCA,2024-11,2026-10-04
2,9,10,81,orthogonal array,2024-11,2026-10-04
2,9,11,102,simulated annealing (Torres-Jimenez),2024-11,2026-10-04
2,9,13,105,Fix 1 symbols (Meagher-Stevens),2024-11,2026-10-04
2,9,14,112,projection (C) postop NCK,2024-11,2026-10-04
2,9,16,118,Fix 2 symbols (LCDST) postop NCK,2024-11,2026-10-04
2,9,17,125,Fix 2 symbols (LCDST) postop NCK,2024-11,2026-10-04
2,9,22,126,Brick by Brick (TATA),2024-11,2026-10-04
2,9,23,142,simulated annealing (Torres-Jimenez),2024-11,2026-10-04
2,9,25,144,simulated annealing (Torres-Jimenez),2024-11,2026-10-04
2,9,26,145,simulated annealing (Torres-Jimenez),2024-11,2026-10-04
2,9,28,146,simulated annealing (Torres-Jimenez),2024-11,2026-10-04
2,9,29,147,simulated annealing (Torres-Jimenez),2024-11,2026-10-04
2,9,30,148,simulated annealing (Torres-Jimenez),2024-11,2026-10-04
2,9,31,152,simulated annealing (Torres-Jimenez),2024-11,2026-10-04
2,9,99,153,PCAx2PCA,2024-11,2026-10-04
2,9,100,160,Direct product,2024-11,2026-10-04
2,9,108,170,Direct product,2024-11,2026-10-04
2,9,110,174,Direct product,2024-11,2026-10-04
2,9,129,177,PCAx2PCA,2024-11,2026-10-04
2,9,130,182,PCAx2PCA,2024-11,2026-10-04
2,9,140,184,Direct product,2024-11,2026-10-04
2,9,156,190,PCAx2PCA,2024-11,2026-10-04
2,9,158,194,PCAx2PCA,2024-11,2026-10-04
2,9,159,195,PCAx2PCA,2024-11,2026-10-04
2,9,160,196,Direct product,2024-11,2026-10-04
2,9,164,197,PCAx2PCA,2024-11,2026-10-04
2,9,200,198,PCAx2PCA,2024-11,2026-10-04
2,9,220,205,Direct product,2024-11,2026-10-04
2,9,227,214,PCAx2PCA,2024-11,2026-10-04
2,9,228,215,PCAx2PCA,2024-11,2026-10-04
2,9,250,216,Direct product,2024-11,2026-10-04
2,9,260,217,Direct product,2024-11,2026-10-04
2,9,278,218,PCAx2PCA,2024-11,2026-10-04
2,9,288,219,PCAx2PCA,2024-11,2026-10-04
2,9,297,220,PCAx2PCA,2024-11,2026-10-04
2,9,300,223,Direct product,2024-11,2026-10-04
2,9,307,224,PCAx2PCA,2024-11,2026-10-04
2,9,981,225,PCAx2PCA,2024-11,2026-10-04
2,9,990,232,PCAx2PCA,2024-11,2026-10-04
2,9,1000,238,Direct product,2024-11,2026-10-04
2,9,1092,242,Direct product,2024-11,2026-10-04
2,9,1278,249,PCAx2PCA,2024-11,2026-10-04
2,9,1287,254,Direct product,2024-11,2026-10-04
2,9,1300,255,Direct product,2024-11,2026-10-04
2,9,1386,256,Direct product,2024-11,2026-10-04
2,9,1400,258,Direct product,2024-11,2026-10-04
2,9,1548,262,PCAx2PCA,2024-11,2026-10-04
2,9,1566,266,PCAx2PCA,2024-11,2026-10-04
2,9,1575,267,PCAx2PCA,2024-11,2026-10-04
2,9,1584,268,PCAx2PCA,2024-11,2026-10-04
2,9,1629,269,PCAx2PCA,2024-11,2026-10-04
2,9,2002,270,PCAxPCA,2024-11,2026-10-04
2,9,2178,277,PCAx2PCA,2024-11,2026-10-04
2,9,2200,283,Direct product,2024-11,2026-10-04
2,9,2250,286,PCAx2PCA,2024-11,2026-10-04
2,9,2376,287,Direct product,2024-11,2026-10-04
2,9,2475,288,Direct product,2024-11,2026-10-04
2,9,2574,289,Direct product,2024-11,2026-10-04
2,9,2754,290,PCAx2PCA,2024-11,2026-10-04
2,9,2853,291,PCAx2PCA,2024-11,2026-10-04
2,9,2943,292,PCAx2PCA,2024-11,2026-10-04
2,9,2970,295,Direct product,2024-11,2026-10-04
2,9,3042,296,PCAx2PCA,2024-11,2026-10-04
2,9,9729,297,PCAx2PCA,2024-11,2026-10-04
2,9,9810,304,PCAx2PCA,2024-11,2026-10-04
2,9,9900,310,PCAx2PCA,2024-11,2026-10-04
2,9,10831,314,PCAx2PCA,2024-11,2026-10-04
2,9,12681,321,PCAx2PCA,2024-11,2026-10-04
2,9,12753,326,Direct product,2024-11,2026-10-04
2,9,12870,327,Direct product,2024-11,2026-10-04
2,9,13734,328,Direct product,2024-11,2026-10-04
2,9,13860,330,Direct product,2024-11,2026-10-04
2,9,15372,334,PCAx2PCA,2024-11,2026-10-04
2,9,15534,338,PCAxPCA,2024-11,2026-10-04
2,9,15615,339,PCAxPCA,2024-11,2026-10-04
2,9,15696,340,PCAx2PCA,2024-11,2026-10-04
2,9,16191,341,PCAx2PCA,2024-11,2026-10-04
2,9,19962,342,PCAxPCA,2024-11,2026-10-04
2,9,20000,349,PCAx2PCA,2024-11,2026-10-04
2,10,4,100,orthogonal array,2024-11,2026-10-04
2,10,6,102,Incomplete Transversal Design,2024-11,2026-10-04
2,10,7,111,Add Factor SO (AG-TJ-IM),2024-11,2026-10-04
2,10,8,112,Add Factor SO (AG-TJ-IM),2024-11,2026-10-04
2,10,9,113,Add Factor SO (AG-TJ-IM),2024-11,2026-10-04
2,10,10,115,Add Factor SO (AG-TJ-IM),2024-11,2026-10-04
2,10,12,116,Add Factor SO (AG-TJ-IM),2024-11,2026-10-04
2,10,13,120,projection (C),2024-11,2026-10-04
2,10,14,127,Fix 1 symbols (LCDST),2024-11,2026-10-04
2,10,15,136,Fix 1 symbols (Meagher-Stevens),2024-11,2026-10-04
2,10,16,145,Fix 1 symbols (Meagher-Stevens),2024-11,2026-10-04
2,10,17,149,simulated annealing (Torres-Jimenez),2024-11,2026-10-04
2,10,18,150,Fix 2 symbols (LCDST) postop TJ-SA,2024-11,2026-10-04
2,10,20,155,Fix 3 symbols (LCDST),2024-11,2026-10-04
2,10,21,162,Fix 3 symbols (LCDST) postop TJ-SA,2024-11,2026-10-04
2,10,22,166,Fix 3 symbols (LCDST) postop TJ-SA,2024-11,2026-10-04
2,10,23,171,Fix 3 symbols (LCDST) postop TJ-SA,2024-11,2026-10-04
2,10,25,178,Fix 4 symbols (LCDST) postop TJ-SA,2024-11,2026-10-04
2,10,26,185,Fix 4 symbols (LCDST),2024-11,2026-10-04
2,10,30,190,simulated annealing (Torres-Jimenez),2024-11,2026-10-04
2,10,36,191,simulated annealing (Torres-Jimenez),2024-11,2026-10-04
2,10,37,198,simulated annealing (Torres-Jimenez),2024-11,2026-10-04
2,10,39,199,simulated annealing (Torres-Jimenez),2024-11,2026-10-04
2,10,49,200,Direct product generalized,2024-11,2026-10-04
2,10,70,202,simulated annealing (Torres-Jimenez),2024-11,2026-10-04
2,10,73,204,simulated annealing (Torres-Jimenez),2024-11,2026-10-04
2,10,74,205,simulated annealing (Torres-Jimenez),2024-11,2026-10-04
2,10,78,206,simulated annealing (Torres-Jimenez),2024-11,2026-10-04
2,10,84,211,Direct product,2024-11,2026-10-04
2,10,96,212,Direct product generalized,2024-11,2026-10-04
2,10,108,213,Direct product generalized,2024-11,2026-10-04
2,10,109,215,Direct product generalized,2024-11,2026-10-04
2,10,121,216,Direct product generalized,2024-11,2026-10-04
2,10,134,217,simulated annealing (Torres-Jimenez),2024-11,2026-10-04
2,10,144,218,Direct product,2024-11,2026-10-04
2,10,154,219,simulated annealing (Torres-Jimenez),2024-11,2026-10-04
2,10,167,220,simulated annealing (Torres-Jimenez),2024-11,2026-10-04
2,10,169,221,simulated annealing (Torres-Jimenez),2024-11,2026-10-04
2,10,170,230,Direct product generalized,2024-11,2026-10-04
2,10,171,235,Direct product generalized,2024-11,2026-10-04
2,10,173,236,Direct product generalized,2024-11,2026-10-04
2,10,182,237,Direct product,2024-11,2026-10-04
2,10,190,243,simulated annealing (Torres-Jimenez),2024-11,2026-10-04
2,10,195,244,PCAxPCA,2024-11,2026-10-04
2,10,204,250,Direct product,2024-11,2026-10-04
2,10,205,252,Direct product generalized,2024-11,2026-10-04
2,10,209,253,PCAx2PCA,2024-11,2026-10-04
2,10,221,257,simulated annealing (Torres-Jimenez),2024-11,2026-10-04
2,10,222,259,Direct product generalized,2024-11,2026-10-04
2,10,234,260,Direct product,2024-11,2026-10-04
2,10,240,263,Direct product,2024-11,2026-10-04
2,10,260,265,Direct product,2024-11,2026-10-04
2,10,274,272,PCAxPCA,2024-11,2026-10-04
2,10,286,276,Direct product,2024-11,2026-10-04
2,10,288,280,PCAxPCA,2024-11,2026-10-04
2,10,299,281,Direct product,2024-11,2026-10-04
2,10,302,284,Direct product generalized,2024-11,2026-10-04
2,10,312,285,Direct product generalized,2024-11,2026-10-04
2,10,325,288,Direct product,2024-11,2026-10-04
2,10,333,290,Direct product generalized,2024-11,2026-10-04
2,10,388,291,Direct product generalized,2024-11,2026-10-04
2,10,432,292,Direct product,2024-11,2026-10-04
2,10,438,296,Direct product,2024-11,2026-10-04
2,10,444,297,Direct product,2024-11,2026-10-04
2,10,468,298,Direct product,2024-11,2026-10-04
2,10,478,299,Direct product generalized,2024-11,2026-10-04
2,10,588,300,Direct product,2024-11,2026-10-04
2,10,604,301,Direct product generalized,2024-11,2026-10-04
2,10,782,302,Direct product generalized,2024-11,2026-10-04
2,10,807,303,Direct product generalized,2024-11,2026-10-04
2,10,858,304,Direct product generalized,2024-11,2026-10-04
2,10,864,305,Direct product,2024-11,2026-10-04
2,10,866,306,Direct product generalized,2024-11,2026-10-04
2,10,888,307,Direct product,2024-11,2026-10-04
2,10,894,308,simulated annealing (Torres-Jimenez),2024-11,2026-10-04
2,10,936,309,Direct product,2024-11,2026-10-04
2,10,939,310,Direct product generalized,2024-11,2026-10-04
2,10,1001,311,Direct product generalized,2024-11,2026-10-04
2,10,1144,312,Direct product generalized,2024-11,2026-10-04
2,10,1287,313,Direct product generalized,2024-11,2026-10-04
2,10,1309,315,Direct product generalized,2024-11,2026-10-04
2,10,1452,316,Direct product generalized,2024-11,2026-10-04
2,10,1595,317,Direct product generalized,2024-11,2026-10-04
2,10,1725,318,Direct product generalized,2024-11,2026-10-04
2,10,1829,319,Direct product generalized,2024-11,2026-10-04
2,10,1887,320,Direct product generalized,2024-11,2026-10-04
2,10,1920,321,Direct product,2024-11,2026-10-04
2,10,1937,323,simulated annealing (Torres-Jimenez),2024-11,2026-10-04
2,10,1978,327,PCAxPCA,2024-11,2026-10-04
2,10,2028,328,Direct product,2024-11,2026-10-04
2,10,2166,329,simulated annealing (Torres-Jimenez),2024-11,2026-10-04
2,10,2197,330,simulated annealing (Torres-Jimenez),2024-11,2026-10-04
2,10,2325,337,PCAxPCA,2024-11,2026-10-04
2,10,2355,338,PCAxPCA,2024-11,2026-10-04
2,10,2366,344,Direct product,2024-11,2026-10-04
2,10,2492,346,PCAx2PCA,2024-11,2026-10-04
2,10,2524,347,PCAx2PCA,2024-11,2026-10-04
2,10,2535,353,Direct product,2024-11,2026-10-04
2,10,2548,354,PCAxPCA,2024-11,2026-10-04
2,10,2659,355,PCAx2PCA,2024-11,2026-10-04
2,10,2693,356,PCAx2PCA,2024-11,2026-10-04
2,10,2748,359,PCAxPCA,2024-11,2026-10-04
2,10,2915,360,PCAxPCA,2024-11,2026-10-04
2,10,2965,361,PCAxPCA,2024-11,2026-10-04
2,10,2998,362,PCAxPCA,2024-11,2026-10-04
2,10,3040,364,PCAxPCA,2024-11,2026-10-04
2,10,3262,365,PCAxPCA,2024-11,2026-10-04
2,10,3314,366,PCAxPCA,2024-11,2026-10-04
2,10,3380,371,Direct product,2024-11,2026-10-04
2,10,3403,372,PCAxPCA,2024-11,2026-10-04
2,10,3461,373,PCAxPCA,2024-11,2026-10-04
2,10,3483,374,PCAxPCA,2024-11,2026-10-04
2,10,3531,376,PCAxPCA,2024-11,2026-10-04
2,10,3597,377,PCAxPCA,2024-11,2026-10-04
2,10,3641,378,PCAxPCA,2024-11,2026-10-04
2,10,3698,381,PCAxPCA,2024-11,2026-10-04
2,10,3766,382,PCAxPCA,2024-11,2026-10-04
2,10,3788,383,PCAxPCA,2024-11,2026-10-04
2,10,3810,384,PCAxPCA,2024-11,2026-10-04
2,10,3912,386,Direct product generalized,2024-11,2026-10-04
2,10,3943,388,Direct product generalized,2024-11,2026-10-04
2,10,4071,389,PCAxPCA,2024-11,2026-10-04
2,10,4137,390,PCAxPCA,2024-11,2026-10-04
2,10,4664,391,Direct product generalized,2024-11,2026-10-04
2,10,5148,392,Direct product generalized,2024-11,2026-10-04
2,10,5180,397,Direct product,2024-11,2026-10-04
2,10,5460,398,Direct product,2024-11,2026-10-04
2,10,5797,399,Direct product generalized,2024-11,2026-10-04
2,10,7044,400,Direct product,2024-11,2026-10-04
2,10,7359,401,Direct product generalized,2024-11,2026-10-04
2,10,9393,402,Direct product generalized,2024-11,2026-10-04
2,10,9647,403,Direct product generalized,2024-11,2026-10-04
2,10,10054,404,Direct product generalized,2024-11,2026-10-04
2,10,10296,405,Direct product generalized,2024-11,2026-10-04
2,10,10340,406,Direct product generalized,2024-11,2026-10-04
2,10,10582,407,Direct product generalized,2024-11,2026-10-04
2,10,10670,408,Direct product generalized,2024-11,2026-10-04
2,10,11154,409,Direct product generalized,2024-11,2026-10-04
2,10,11220,410,Direct product generalized,2024-11,2026-10-04
2,10,11605,411,Direct product generalized,2024-11,2026-10-04
2,10,11968,412,Direct product generalized,2024-11,2026-10-04
2,10,13541,413,Direct product generalized,2024-11,2026-10-04
2,10,14894,414,Direct product generalized,2024-11,2026-10-04
2,10,15301,415,Direct product generalized,2024-11,2026-10-04
2,10,17160,416,Direct product generalized,2024-11,2026-10-04
2,10,18997,417,Direct product generalized,2024-11,2026-10-04
2,10,20000,418,Direct product generalized,2024-11,2026-10-04
2,11,12,121,orthogonal array,2024-11,2026-10-04
2,11,13,153,simulated annealing (Torres-Jimenez),2024-11,2026-10-04
2,11,14,155,simulated annealing (Torres-Jimenez),2024-11,2026-10-04
2,11,15,158,projection (C) postop NCK,2024-11,2026-10-04
2,11,16,161,Fix 1 symbols (Colbourn),2024-11,2026-10-04
2,11,17,171,Fix 1 symbols (Meagher-Stevens),2024-11,2026-10-04
2,11,18,177,simulated annealing (Torres-Jimenez),2024-11,2026-10-04
2,11,19,178,Fix 2 symbols (LCDST) postop NCK,2024-11,2026-10-04
2,11,20,186,Fix 2 symbols (LCDST) postop TJ-SA,2024-11,2026-10-04
2,11,22,192,Fix 3 symbols (LCDST) postop TJ-SA,2024-11,2026-10-04
2,11,23,200,Fix 3 symbols (LCDST) postop TJ-SA,2024-11,2026-10-04
2,11,24,203,Fix 3 symbols (LCDST) postop TJ-SA,2024-11,2026-10-04
2,11,25,204,Fix 4 symbols (LCDST),2024-11,2026-10-04
2,11,26,211,Fix 4 symbols (LCDST),2024-11,2026-10-04
2,11,27,218,Fix 4 symbols (LCDST),2024-11,2026-10-04
2,11,28,221,simulated annealing (Torres-Jimenez),2024-11,2026-10-04
2,11,29,224,simulated annealing (Torres-Jimenez),2024-11,2026-10-04
2,11,30,225,simulated annealing (Torres-Jimenez),2024-11,2026-10-04
2,11,32,226,simulated annealing (Torres-Jimenez),2024-11,2026-10-04
2,11,33,227,simulated annealing (Torres-Jimenez),2024-11,2026-10-04
2,11,35,229,simulated annealing (Torres-Jimenez),2024-11,2026-10-04
2,11,143,231,PCAx2PCA,2024-11,2026-10-04
2,11,144,240,Direct product,2024-11,2026-10-04
2,11,154,252,Direct product,2024-11,2026-10-04
2,11,155,261,Direct product generalized,2024-11,2026-10-04
2,11,168,262,Direct product,2024-11,2026-10-04
2,11,171,268,PCAx2PCA,2024-11,2026-10-04
2,11,177,269,PCAx2PCA,2024-11,2026-10-04
2,11,180,270,PCAx2PCA,2024-11,2026-10-04
2,11,191,271,PCAx2PCA,2024-11,2026-10-04
2,11,192,272,PCAx2PCA,2024-11,2026-10-04
2,11,203,281,PCAx2PCA,2024-11,2026-10-04
2,11,211,287,simulated annealing (Torres-Jimenez),2024-11,2026-10-04
2,11,222,288,PCAx2PCA,2024-11,2026-10-04
2,11,224,289,PCAx2PCA,2024-11,2026-10-04
2,11,225,293,PCAx2PCA,2024-11,2026-10-04
2,11,228,294,PCAx2PCA,2024-11,2026-10-04
2,11,232,296,PCAx2PCA,2024-11,2026-10-04
2,11,236,297,PCAx2PCA,2024-11,2026-10-04
2,11,255,302,PCAx2PCA,2024-11,2026-10-04
2,11,258,303,PCAx2PCA,2024-11,2026-10-04
2,11,259,307,PCAx2PCA,2024-11,2026-10-04
2,11,260,308,PCAx2PCA,2024-11,2026-10-04
2,11,262,309,PCAx2PCA,2024-11,2026-10-04
2,11,264,310,PCAx2PCA,2024-11,2026-10-04
2,11,270,311,PCAx2PCA,2024-11,2026-10-04
2,11,292,314,PCAx2PCA,2024-11,2026-10-04
2,11,293,319,PCAx2PCA,2024-11,2026-10-04
2,11,296,320,PCAx2PCA,2024-11,2026-10-04
2,11,304,321,PCAx2PCA,2024-11,2026-10-04
2,11,305,326,PCAx2PCA,2024-11,2026-10-04
2,11,309,327,PCAx2PCA,2024-11,2026-10-04
2,11,316,328,PCAx2PCA,2024-11,2026-10-04
2,11,324,331,Direct product,2024-11,2026-10-04
2,11,336,332,Direct product,2024-11,2026-10-04
2,11,348,334,Direct product,2024-11,2026-10-04
2,11,360,335,Direct product,2024-11,2026-10-04
2,11,375,336,PCAx2PCA,2024-11,2026-10-04
2,11,387,337,PCAx2PCA,2024-11,2026-10-04
2,11,396,338,Direct product,2024-11,2026-10-04
2,11,412,339,PCAx2PCA,2024-11,2026-10-04
2,11,416,340,PCAx2PCA,2024-11,2026-10-04
2,11,1705,341,PCAx2PCA,2024-11,2026-10-04
2,11,1716,350,PCAx2PCA,2024-11,2026-10-04
2,11,1728,359,Direct product,2024-11,2026-10-04
2,11,1848,362,Direct product,2024-11,2026-10-04
2,11,1859,371,Direct product generalized,2024-11,2026-10-04
2,11,2002,372,Direct product,2024-11,2026-10-04
2,11,2013,374,Direct product generalized,2024-11,2026-10-04
2,11,2046,378,PCAx2PCA,2024-11,2026-10-04
2,11,2112,379,PCAx2PCA,2024-11,2026-10-04
2,11,2145,380,Direct product,2024-11,2026-10-04
2,11,2277,381,PCAx2PCA,2024-11,2026-10-04
2,11,2288,382,Direct product,2024-11,2026-10-04
2,11,2304,388,Direct product,2024-11,2026-10-04
2,11,2420,391,PCAx2PCA,2024-11,2026-10-04
2,11,2427,395,Direct product generalized,2024-11,2026-10-04
2,11,2519,397,PCAx2PCA,2024-11,2026-10-04
2,11,2651,398,PCAx2PCA,2024-11,2026-10-04
2,11,2673,399,PCAx2PCA,2024-11,2026-10-04
2,11,2684,403,PCAx2PCA,2024-11,2026-10-04
2,11,2717,404,Direct product,2024-11,2026-10-04
2,11,2772,406,PCAx2PCA,2024-11,2026-10-04
2,11,2816,407,PCAx2PCA,2024-11,2026-10-04
2,11,3047,412,PCAx2PCA,2024-11,2026-10-04
2,11,3080,413,PCAx2PCA,2024-11,2026-10-04
2,11,3091,417,PCAx2PCA,2024-11,2026-10-04
2,11,3102,418,PCAx2PCA,2024-11,2026-10-04
2,11,3124,419,PCAx2PCA,2024-11,2026-10-04
2,11,3157,420,PCAx2PCA,2024-11,2026-10-04
2,11,3223,421,PCAx2PCA,2024-11,2026-10-04
2,11,3487,424,PCAx2PCA,2024-11,2026-10-04
2,11,3498,429,PCAx2PCA,2024-11,2026-10-04
2,11,3531,430,PCAx2PCA,2024-11,2026-10-04
2,11,3630,431,PCAx2PCA,2024-11,2026-10-04
2,11,3641,436,PCAx2PCA,2024-11,2026-10-04
2,11,3685,437,PCAx2PCA,2024-11,2026-10-04
2,11,3773,438,PCAx2PCA,2024-11,2026-10-04
2,11,3861,441,Direct product,2024-11,2026-10-04
2,11,4004,442,Direct product,2024-11,2026-10-04
2,11,4147,444,Direct product,2024-11,2026-10-04
2,11,4290,445,Direct product,2024-11,2026-10-04
2,11,4477,446,PCAx2PCA,2024-11,2026-10-04
2,11,4620,447,PCAx2PCA,2024-11,2026-10-04
2,11,4719,448,Direct product,2024-11,2026-10-04
2,11,4917,449,PCAx2PCA,2024-11,2026-10-04
2,11,4961,450,PCAx2PCA,2024-11,2026-10-04
2,11,20000,451,PCAx2PCA,2024-11,2026-10-04
2,12,7,144,orthogonal array,2024-11,2026-10-04
2,12,9,159,Add Factor SO (AG-TJ-IM),2024-11,2026-10-04
2,12,10,160,Add Factor SO (AG-TJ-IM),2024-11,2026-10-04
2,12,11,162,Add Factor SO (AG-TJ-IM),2024-11,2026-10-04
2,12,13,164,orthogonal array fuse postop TJ-SA,2024-11,2026-10-04
2,12,14,165,simulated annealing (CKRS),2024-11,2026-10-04
2,12,15,168,projection (C),2024-11,2026-10-04
2,12,17,188,Fix 1 symbols (LCDST),2024-11,2026-10-04
2,12,18,199,Fix 1 symbols (Meagher-Stevens),2024-11,2026-10-04
2,12,19,210,Fix 1 symbols (Meagher-Stevens),2024-11,2026-10-04
2,12,20,221,Fix 1 symbols (Colbourn),2024-11,2026-10-04
2,12,22,227,Fix 2 symbols (LCDST) postop NCK,2024-11,2026-10-04
2,12,24,232,Fix 3 symbols (LCDST) postop TJ-SA,2024-11,2026-10-04
2,12,25,242,Fix 3 symbols (LCDST),2024-11,2026-10-04
2,12,27,245,Fix 4 symbols (LCDST),2024-11,2026-10-04
2,12,28,254,Fix 4 symbols (LCDST),2024-11,2026-10-04
2,12,29,262,Fix 4 symbols (LCDST),2024-11,2026-10-04
2,12,32,269,Fix 5 symbols (LCDST),2024-11,2026-10-04
2,12,49,276,Direct product,2024-11,2026-10-04
2,12,91,288,simulated annealing (Torres-Jimenez),2024-11,2026-10-04
2,12,95,289,simulated annealing (Torres-Jimenez),2024-11,2026-10-04
2,12,98,290,Direct product generalized,2024-11,2026-10-04
2,12,102,291,simulated annealing (Torres-Jimenez),2024-11,2026-10-04
2,12,103,292,simulated annealing (Torres-Jimenez),2024-11,2026-10-04
2,12,104,294,simulated annealing (Torres-Jimenez),2024-11,2026-10-04
2,12,105,296,simulated annealing (Torres-Jimenez),2024-11,2026-10-04
2,12,126,303,Direct product generalized,2024-11,2026-10-04
2,12,140,304,Direct product generalized,2024-11,2026-10-04
2,12,154,306,Direct product generalized,2024-11,2026-10-04
2,12,155,307,Direct product generalized,2024-11,2026-10-04
2,12,169,308,Direct product generalized,2024-11,2026-10-04
2,12,183,309,Direct product generalized,2024-11,2026-10-04
2,12,196,310,Direct product,2024-11,2026-10-04
2,12,197,311,Direct product generalized,2024-11,2026-10-04
2,12,211,312,Direct product generalized,2024-11,2026-10-04
2,12,224,320,simulated annealing (Torres-Jimenez),2024-11,2026-10-04
2,12,225,323,Direct product postop TJ-SA,2024-11,2026-10-04
2,12,226,324,Direct product generalized,2024-11,2026-10-04
2,12,227,331,Direct product generalized,2024-11,2026-10-04
2,12,229,332,Direct product generalized,2024-11,2026-10-04
2,12,237,341,PCAxPCA,2024-11,2026-10-04
2,12,238,342,PCAxPCA,2024-11,2026-10-04
2,12,241,343,Direct product generalized,2024-11,2026-10-04
2,12,255,344,Direct product,2024-11,2026-10-04
2,12,270,354,PCAxPCA postop TJ-SA,2024-11,2026-10-04
2,12,288,364,PCAxPCA,2024-11,2026-10-04
2,12,294,372,Direct product,2024-11,2026-10-04
2,12,295,373,Direct product generalized,2024-11,2026-10-04
2,12,305,375,PCAx2PCA,2024-11,2026-10-04
2,12,308,381,Direct product,2024-11,2026-10-04
2,12,330,383,Direct product,2024-11,2026-10-04
2,12,336,386,Direct product,2024-11,2026-10-04
2,12,360,388,Direct product,2024-11,2026-10-04
2,12,375,398,Direct product,2024-11,2026-10-04
2,12,378,399,Direct product,2024-11,2026-10-04
2,12,405,401,Direct product,2024-11,2026-10-04
2,12,420,410,Direct product,2024-11,2026-10-04
2,12,429,411,Direct product generalized,2024-11,2026-10-04
2,12,431,416,Direct product generalized,2024-11,2026-10-04
2,12,435,418,Direct product,2024-11,2026-10-04
2,12,658,420,Direct product,2024-11,2026-10-04
2,12,665,421,Direct product,2024-11,2026-10-04
2,12,679,422,Direct product,2024-11,2026-10-04
2,12,714,423,Direct product,2024-11,2026-10-04
2,12,721,424,Direct product,2024-11,2026-10-04
2,12,728,426,Direct product,2024-11,2026-10-04
2,12,735,428,Direct product,2024-11,2026-10-04
2,12,1260,432,Direct product,2024-11,2026-10-04
2,12,1365,434,Direct product generalized,2024-11,2026-10-04
2,12,1429,438,Direct product generalized,2024-11,2026-10-04
2,12,1442,439,Direct product,2024-11,2026-10-04
2,12,1443,440,Direct product generalized,2024-11,2026-10-04
2,12,1457,441,Direct product generalized,2024-11,2026-10-04
2,12,1470,443,Direct product,2024-11,2026-10-04
2,12,1501,444,Direct product generalized,2024-11,2026-10-04
2,12,1755,447,Direct product generalized,2024-11,2026-10-04
2,12,1950,448,Direct product generalized,2024-11,2026-10-04
2,12,2145,450,Direct product generalized,2024-11,2026-10-04
2,12,2171,451,Direct product generalized,2024-11,2026-10-04
2,12,2366,452,Direct product generalized,2024-11,2026-10-04
2,12,2561,453,Direct product generalized,2024-11,2026-10-04
2,12,2730,454,Direct product,2024-11,2026-10-04
2,12,2756,455,Direct product generalized,2024-11,2026-10-04
2,12,2954,456,Direct product,2024-11,2026-10-04
2,12,2955,465,Direct product generalized,2024-11,2026-10-04
2,12,3021,466,Direct product generalized,2024-11,2026-10-04
2,12,3175,467,Direct product generalized,2024-11,2026-10-04
2,12,3209,468,Direct product generalized,2024-11,2026-10-04
2,12,3223,475,Direct product generalized,2024-11,2026-10-04
2,12,3360,476,Direct product,2024-11,2026-10-04
2,12,3397,479,Direct product generalized,2024-11,2026-10-04
2,12,3409,480,Direct product generalized,2024-11,2026-10-04
2,12,3410,486,Direct product generalized,2024-11,2026-10-04
2,12,3452,487,Direct product generalized,2024-11,2026-10-04
2,12,3587,488,Direct product,2024-11,2026-10-04
2,12,3793,496,PCAxPCA,2024-11,2026-10-04
2,12,3841,499,Direct product generalized,2024-11,2026-10-04
2,12,3885,500,Direct product generalized,2024-11,2026-10-04
2,12,3893,504,Direct product generalized,2024-11,2026-10-04
2,12,3895,505,Direct product generalized,2024-11,2026-10-04
2,12,4017,507,PCAx2PCA,2024-11,2026-10-04
2,12,4066,510,Direct product generalized,2024-11,2026-10-04
2,12,4110,511,Direct product generalized,2024-11,2026-10-04
2,12,4115,513,Direct product generalized,2024-11,2026-10-04
2,12,4116,514,Direct product generalized,2024-11,2026-10-04
2,12,4140,515,Direct product generalized,2024-11,2026-10-04
2,12,4156,516,Direct product generalized,2024-11,2026-10-04
2,12,4160,517,Direct product generalized,2024-11,2026-10-04
2,12,4241,518,PCAx2PCA,2024-11,2026-10-04
2,12,4335,520,PCAxPCA,2024-11,2026-10-04
2,12,4380,522,Direct product generalized,2024-11,2026-10-04
2,12,4390,525,Direct product generalized,2024-11,2026-10-04
2,12,4392,526,Direct product generalized,2024-11,2026-10-04
2,12,4642,527,PCAxPCA,2024-11,2026-10-04
2,12,4680,529,Direct product generalized,2024-11,2026-10-04
2,12,4689,531,Direct product generalized,2024-11,2026-10-04
2,12,5064,532,PCAxPCA,2024-11,2026-10-04
2,12,5085,539,Direct product generalized,2024-11,2026-10-04
2,12,5286,541,PCAxPCA,2024-11,2026-10-04
2,12,5403,543,Direct product generalized,2024-11,2026-10-04
2,12,5490,544,Direct product generalized,2024-11,2026-10-04
2,12,5697,545,PCAxPCA,2024-11,2026-10-04
2,12,5783,552,Direct product generalized,2024-11,2026-10-04
2,12,5928,553,PCAxPCA,2024-11,2026-10-04
2,12,5993,554,Direct product generalized,2024-11,2026-10-04
2,12,6005,555,Direct product generalized,2024-11,2026-10-04
2,12,6075,556,Direct product generalized,2024-11,2026-10-04
2,12,6372,557,Direct product generalized,2024-11,2026-10-04
2,12,6400,558,Direct product generalized,2024-11,2026-10-04
2,12,6407,559,Direct product generalized,2024-11,2026-10-04
2,12,6414,561,Direct product generalized,2024-11,2026-10-04
2,12,6451,562,Direct product generalized,2024-11,2026-10-04
2,12,9165,564,Direct product generalized,2024-11,2026-10-04
2,12,9217,566,Direct product generalized,2024-11,2026-10-04
2,12,9555,567,Direct product generalized,2024-11,2026-10-04
2,12,9690,568,Direct product,2024-11,2026-10-04
2,12,9894,569,Direct product,2024-11,2026-10-04
2,12,10404,570,Direct product,2024-11,2026-10-04
2,12,10506,571,Direct product,2024-11,2026-10-04
2,12,10609,572,Direct product,2024-11,2026-10-04
2,12,10712,574,Direct product,2024-11,2026-10-04
2,12,17556,576,Direct product,2024-11,2026-10-04
2,12,17680,578,Direct product generalized,2024-11,2026-10-04
2,12,18525,579,Direct product generalized,2024-11,2026-10-04
2,12,18577,580,Direct product generalized,2024-11,2026-10-04
2,12,19045,581,Direct product generalized,2024-11,2026-10-04
2,12,19916,582,Direct product generalized,2024-11,2026-10-04
2,12,20000,583,Direct product generalized,2024-11,2026-10-04
2,13,14,169,orthogonal array,2024-11,2026-10-04
2,13,15,215,simulated annealing (Torres-Jimenez),2024-11,2026-10-04
2,13,18,217,Fix 1 symbols (LCDST),2024-11,2026-10-04
2,13,19,229,Fix 1 symbols (LCDST),2024-11,2026-10-04
2,13,20,241,Fix 1 symbols (LCDST),2024-11,2026-10-04
2,13,21,253,Fix 1 symbols (Meagher-Stevens),2024-11,2026-10-04
2,13,22,262,projection (C) postop NCK,2024-11,2026-10-04
2,13,24,271,Fix 2 symbols (LCDST) postop NCK,2024-11,2026-10-04
2,13,25,280,simulated annealing (Torres-Jimenez),2024-11,2026-10-04
2,13,27,281,simulated annealing (Torres-Jimenez),2024-11,2026-10-04
2,13,28,282,Fix 4 symbols (LCDST),2024-11,2026-10-04
2,13,29,291,Fix 4 symbols (LCDST),2024-11,2026-10-04
2,13,30,299,Fix 4 symbols (LCDST) postop TJ-SA,2024-11,2026-10-04
2,13,32,301,Fix 5 symbols (LCDST),2024-11,2026-10-04
2,13,33,309,Fix 5 symbols (LCDST),2024-11,2026-10-04
2,13,39,317,simulated annealing (Torres-Jimenez),2024-11,2026-10-04
2,13,195,325,PCAx2PCA,2024-11,2026-10-04
2,13,196,336,Direct product,2024-11,2026-10-04
2,13,221,362,Direct product,2024-11,2026-10-04
2,13,251,373,PCAx2PCA,2024-11,2026-10-04
2,13,252,384,Direct product,2024-11,2026-10-04
2,13,265,385,PCAx2PCA,2024-11,2026-10-04
2,13,266,395,Direct product,2024-11,2026-10-04
2,13,279,397,PCAx2PCA,2024-11,2026-10-04
2,13,280,398,Direct product,2024-11,2026-10-04
2,13,282,403,Direct product generalized,2024-11,2026-10-04
2,13,293,409,PCAx2PCA,2024-11,2026-10-04
2,13,298,412,Direct product generalized,2024-11,2026-10-04
2,13,304,415,Direct product generalized,2024-11,2026-10-04
2,13,308,418,Direct product,2024-11,2026-10-04
2,13,323,421,PCAxPCA,2024-11,2026-10-04
2,13,332,428,PCAx2PCA,2024-11,2026-10-04
2,13,341,433,PCAxPCA,2024-11,2026-10-04
2,13,363,437,PCAx2PCA,2024-11,2026-10-04
2,13,384,438,PCAx2PCA,2024-11,2026-10-04
2,13,398,447,PCAx2PCA,2024-11,2026-10-04
2,13,412,456,PCAx2PCA,2024-11,2026-10-04
2,13,416,457,Direct product,2024-11,2026-10-04
2,13,438,458,PCAx2PCA,2024-11,2026-10-04
2,13,452,466,PCAx2PCA,2024-11,2026-10-04
2,13,511,473,PCAx2PCA,2024-11,2026-10-04
2,13,2717,481,PCAx2PCA,2024-11,2026-10-04
2,13,2730,492,PCAx2PCA,2024-11,2026-10-04
2,13,2744,502,Direct product,2024-11,2026-10-04
2,13,3111,518,Direct product,2024-11,2026-10-04
2,13,3497,529,PCAx2PCA,2024-11,2026-10-04
2,13,3514,540,PCAxPCA,2024-11,2026-10-04
2,13,3692,541,PCAx2PCA,2024-11,2026-10-04
2,13,3705,551,Direct product,2024-11,2026-10-04
2,13,3710,552,PCAxPCA,2024-11,2026-10-04
2,13,3887,553,PCAx2PCA,2024-11,2026-10-04
2,13,3900,554,Direct product,2024-11,2026-10-04
2,13,3901,557,Direct product generalized,2024-11,2026-10-04
2,13,3965,559,Direct product generalized,2024-11,2026-10-04
2,13,3974,561,Direct product generalized,2024-11,2026-10-04
2,13,4088,565,PCAx2PCA,2024-11,2026-10-04
2,13,4172,568,PCAx2PCA,2024-11,2026-10-04
2,13,4207,569,Direct product generalized,2024-11,2026-10-04
2,13,4232,570,Direct product generalized,2024-11,2026-10-04
2,13,4296,571,Direct product generalized,2024-11,2026-10-04
2,13,4299,572,Direct product generalized,2024-11,2026-10-04
2,13,4311,574,Direct product generalized,2024-11,2026-10-04
2,13,4501,577,PCAxPCA,2024-11,2026-10-04
2,13,4628,584,PCAx2PCA,2024-11,2026-10-04
2,13,4752,589,PCAxPCA,2024-11,2026-10-04
2,13,4760,592,PCAxPCA,2024-11,2026-10-04
2,13,5070,593,PCAx2PCA,2024-11,2026-10-04
2,13,5356,594,PCAx2PCA,2024-11,2026-10-04
2,13,5551,603,PCAx2PCA,2024-11,2026-10-04
2,13,5746,612,PCAx2PCA,2024-11,2026-10-04
2,13,5856,613,PCAxPCA,2024-11,2026-10-04
2,13,6110,614,PCAx2PCA,2024-11,2026-10-04
2,13,6305,622,PCAx2PCA,2024-11,2026-10-04
2,13,7150,629,PCAx2PCA,2024-11,2026-10-04
2,13,20000,637,Direct product,2024-11,2026-10-04
2,14,6,196,orthogonal array,2024-11,2026-10-04
2,14,7,203,Add Factor SO (AG-TJ-IM),2024-11,2026-10-04
2,14,8,213,Add Factor SO (AG-TJ-IM),2024-11,2026-10-04
2,14,9,214,Add Factor SO (AG-TJ-IM),2024-11,2026-10-04
2,14,12,217,Add Factor SO (AG-TJ-IM),2024-11,2026-10-04
2,14,13,218,Add Factor SO (AG-TJ-IM),2024-11,2026-10-04
2,14,14,223,Add Factor SO (AG-TJ-IM),2024-11,2026-10-04
2,14,16,242,Add Factor SO (AG-TJ-IM),2024-11,2026-10-04
2,14,17,243,Add Factor SO (AG-TJ-IM),2024-11,2026-10-04
2,14,18,247,projection (C) postop TJ-SA,2024-11,2026-10-04
2,14,19,248,Fix 1 symbols (LCDST),2024-11,2026-10-04
2,14,20,272,projection (C) postop TJ-SA,2024-11,2026-10-04
2,14,21,274,Fix 1 symbols (LCDST),2024-11,2026-10-04
2,14,22,287,Fix 1 symbols (LCDST),2024-11,2026-10-04
2,14,23,300,Fix 1 symbols (Meagher-Stevens),2024-11,2026-10-04
2,14,24,306,double proj (C) postop NCK,2024-11,2026-10-04
2,14,25,322,projection (C) postop NCK,2024-11,2026-10-04
2,14,27,329,simulated annealing (Torres-Jimenez),2024-11,2026-10-04
2,14,30,330,Fix 4 symbols (LCDST),2024-11,2026-10-04
2,14,31,341,Fix 4 symbols (LCDST),2024-11,2026-10-04
2,14,33,342,Fix 5 symbols (LCDST),2024-11,2026-10-04
2,14,34,351,Fix 5 symbols (LCDST),2024-11,2026-10-04
2,14,35,360,Fix 5 symbols (LCDST),2024-11,2026-10-04
2,14,36,370,Fix 5 symbols (LCDST),2024-11,2026-10-04
2,14,37,381,Fix 5 symbols (LCDST),2024-11,2026-10-04
2,14,42,385,PCAxPCA,2024-11,2026-10-04
2,14,50,392,Holey Transversal Design,2024-11,2026-10-04
2,14,54,396,PCAxPCA,2024-11,2026-10-04
2,14,72,399,PCAxPCA,2024-11,2026-10-04
2,14,78,400,PCAxPCA,2024-11,2026-10-04
2,14,102,405,Direct product,2024-11,2026-10-04
2,14,103,415,Direct product generalized,2024-11,2026-10-04
2,14,119,416,Direct product,2024-11,2026-10-04
2,14,144,420,Direct product,2024-11,2026-10-04
2,14,156,421,Direct product,2024-11,2026-10-04
2,14,169,422,Direct product,2024-11,2026-10-04
2,14,170,426,Direct product,2024-11,2026-10-04
2,14,204,427,Direct product,2024-11,2026-10-04
2,14,221,428,Direct product,2024-11,2026-10-04
2,14,234,441,Direct product,2024-11,2026-10-04
2,14,238,443,Direct product,2024-11,2026-10-04
2,14,247,452,Direct product,2024-11,2026-10-04
2,14,272,453,Direct product,2024-11,2026-10-04
2,14,289,454,Direct product,2024-11,2026-10-04
2,14,290,456,Direct product generalized,2024-11,2026-10-04
2,14,306,457,Direct product,2024-11,2026-10-04
2,14,307,459,Direct product generalized,2024-11,2026-10-04
2,14,323,460,Direct product,2024-11,2026-10-04
2,14,324,470,Direct product,2024-11,2026-10-04
2,14,327,472,Direct product generalized,2024-11,2026-10-04
2,14,342,473,Direct product,2024-11,2026-10-04
2,14,360,482,PCAxPCA,2024-11,2026-10-04
2,14,361,485,Direct product,2024-11,2026-10-04
2,14,369,487,Direct product generalized,2024-11,2026-10-04
2,14,371,489,Direct product generalized,2024-11,2026-10-04
2,14,375,496,Direct product generalized,2024-11,2026-10-04
2,14,378,498,Direct product,2024-11,2026-10-04
2,14,379,500,Direct product generalized,2024-11,2026-10-04
2,14,380,501,Direct product generalized,2024-11,2026-10-04
2,14,390,503,Direct product generalized,2024-11,2026-10-04
2,14,398,508,PCAxPCA,2024-11,2026-10-04
2,14,399,510,Direct product,2024-11,2026-10-04
2,14,407,512,Direct product generalized,2024-11,2026-10-04
2,14,419,514,Direct product generalized,2024-11,2026-10-04
2,14,425,517,Direct product generalized,2024-11,2026-10-04
2,14,436,524,Direct product generalized,2024-11,2026-10-04
2,14,439,532,Direct product generalized,2024-11,2026-10-04
2,14,440,534,PCAxPCA,2024-11,2026-10-04
2,14,445,536,Direct product generalized,2024-11,2026-10-04
2,14,457,538,Direct product generalized,2024-11,2026-10-04
2,14,467,539,Direct product generalized,2024-11,2026-10-04
2,14,471,542,Direct product generalized,2024-11,2026-10-04
2,14,475,546,Direct product generalized,2024-11,2026-10-04
2,14,481,549,Direct product generalized,2024-11,2026-10-04
2,14,510,551,Direct product,2024-11,2026-10-04
2,14,511,561,Direct product generalized,2024-11,2026-10-04
2,14,527,562,Direct product,2024-11,2026-10-04
2,14,561,563,Direct product,2024-11,2026-10-04
2,14,562,564,PCAxPCA,2024-11,2026-10-04
2,14,570,567,Direct product,2024-11,2026-10-04
2,14,578,572,Direct product,2024-11,2026-10-04
2,14,581,575,PCAxPCA,2024-11,2026-10-04
2,14,594,576,Direct product,2024-11,2026-10-04
2,14,617,577,PCAxPCA,2024-11,2026-10-04
2,14,627,579,Direct product,2024-11,2026-10-04
2,14,636,586,PCAxPCA,2024-11,2026-10-04
2,14,646,588,Direct product,2024-11,2026-10-04
2,14,670,592,Direct product generalized,2024-11,2026-10-04
2,14,678,593,Direct product generalized,2024-11,2026-10-04
2,14,714,594,Direct product,2024-11,2026-10-04
2,14,716,596,Direct product generalized,2024-11,2026-10-04
2,14,728,597,Direct product generalized,2024-11,2026-10-04
2,14,738,599,Direct product generalized,2024-11,2026-10-04
2,14,744,600,Direct product generalized,2024-11,2026-10-04
2,14,850,601,Direct product,2024-11,2026-10-04
2,14,864,602,PCAxPCA,2024-11,2026-10-04
2,14,936,603,PCAxPCA,2024-11,2026-10-04
2,14,1014,604,PCAxPCA,2024-11,2026-10-04
2,14,1224,608,PCAxPCA,2024-11,2026-10-04
2,14,1326,609,PCAxPCA,2024-11,2026-10-04
2,14,1350,613,Direct product generalized,2024-11,2026-10-04
2,14,1734,614,Direct product,2024-11,2026-10-04
2,14,1872,624,Direct product,2024-11,2026-10-04
2,14,2028,625,Direct product,2024-11,2026-10-04
2,14,2197,626,Direct product,2024-11,2026-10-04
2,14,2448,630,Direct product,2024-11,2026-10-04
2,14,2652,631,Direct product,2024-11,2026-10-04
2,14,2873,632,Direct product,2024-11,2026-10-04
2,14,2898,635,Direct product generalized,2024-11,2026-10-04
2,14,3298,636,Direct product,2024-11,2026-10-04
2,14,3570,637,Direct product,2024-11,2026-10-04
2,14,3744,638,Direct product generalized,2024-11,2026-10-04
2,14,3791,650,Direct product,2024-11,2026-10-04
2,14,3802,651,Direct product generalized,2024-11,2026-10-04
2,14,3991,652,Direct product generalized,2024-11,2026-10-04
2,14,4032,653,Direct product generalized,2024-11,2026-10-04
2,14,4050,661,Direct product generalized,2024-11,2026-10-04
2,14,4386,662,Direct product,2024-11,2026-10-04
2,14,4658,663,Direct product,2024-11,2026-10-04
2,14,4913,664,Direct product,2024-11,2026-10-04
2,14,4930,665,Direct product generalized,2024-11,2026-10-04
2,14,5202,666,Direct product,2024-11,2026-10-04
2,14,5219,669,Direct product generalized,2024-11,2026-10-04
2,14,5491,670,Direct product,2024-11,2026-10-04
2,14,5492,678,Direct product generalized,2024-11,2026-10-04
2,14,5508,679,Direct product,2024-11,2026-10-04
2,14,5562,681,Direct product generalized,2024-11,2026-10-04
2,14,5814,683,Direct product,2024-11,2026-10-04
2,14,5871,685,Direct product generalized,2024-11,2026-10-04
2,14,5975,693,Direct product generalized,2024-11,2026-10-04
2,14,6120,694,PCAxPCA,2024-11,2026-10-04
2,14,6137,695,PCAxPCA,2024-11,2026-10-04
2,14,6273,696,Direct product,2024-11,2026-10-04
2,14,6323,697,Direct product generalized,2024-11,2026-10-04
2,14,6340,698,Direct product generalized,2024-11,2026-10-04
2,14,6389,699,Direct product generalized,2024-11,2026-10-04
2,14,6391,703,Direct product generalized,2024-11,2026-10-04
2,14,6407,704,Direct product generalized,2024-11,2026-10-04
2,14,6415,706,Direct product generalized,2024-11,2026-10-04
2,14,6481,707,PCAxPCA,2024-11,2026-10-04
2,14,6498,708,PCAxPCA,2024-11,2026-10-04
2,14,6642,709,Direct product,2024-11,2026-10-04
2,14,6693,710,Direct product generalized,2024-11,2026-10-04
2,14,6705,711,Direct product generalized,2024-11,2026-10-04
2,14,6796,712,Direct product generalized,2024-11,2026-10-04
2,14,6798,713,Direct product generalized,2024-11,2026-10-04
2,14,6804,716,PCAxPCA,2024-11,2026-10-04
2,14,6840,719,Direct product,2024-11,2026-10-04
2,14,6855,720,Direct product generalized,2024-11,2026-10-04
2,14,7011,721,PCAxPCA,2024-11,2026-10-04
2,14,7172,723,Direct product generalized,2024-11,2026-10-04
2,14,7220,724,Direct product generalized,2024-11,2026-10-04
2,14,7285,725,Direct product generalized,2024-11,2026-10-04
2,14,7331,727,Direct product generalized,2024-11,2026-10-04
2,14,7333,731,Direct product generalized,2024-11,2026-10-04
2,14,7359,732,Direct product generalized,2024-11,2026-10-04
2,14,7393,734,Direct product generalized,2024-11,2026-10-04
2,14,7416,735,Direct product generalized,2024-11,2026-10-04
2,14,7542,736,Direct product,2024-11,2026-10-04
2,14,7656,737,Direct product generalized,2024-11,2026-10-04
2,14,7692,738,Direct product generalized,2024-11,2026-10-04
2,14,7769,740,Direct product generalized,2024-11,2026-10-04
2,14,7811,746,Direct product generalized,2024-11,2026-10-04
2,14,7829,747,Direct product generalized,2024-11,2026-10-04
2,14,7961,748,PCAxPCA,2024-11,2026-10-04
2,14,7991,749,Direct product generalized,2024-11,2026-10-04
2,14,8219,750,Direct product generalized,2024-11,2026-10-04
2,14,8255,751,Direct product generalized,2024-11,2026-10-04
2,14,8277,752,Direct product generalized,2024-11,2026-10-04
2,14,8387,753,Direct product generalized,2024-11,2026-10-04
2,14,8393,756,Direct product generalized,2024-11,2026-10-04
2,14,8395,760,Direct product generalized,2024-11,2026-10-04
2,14,8422,761,Direct product generalized,2024-11,2026-10-04
2,14,8640,762,Direct product generalized,2024-11,2026-10-04
2,14,8665,764,Direct product generalized,2024-11,2026-10-04
2,14,8675,765,Direct product generalized,2024-11,2026-10-04
2,14,8777,766,Direct product generalized,2024-11,2026-10-04
2,14,8793,768,Direct product generalized,2024-11,2026-10-04
2,14,8799,770,Direct product generalized,2024-11,2026-10-04
2,14,9010,772,Direct product,2024-11,2026-10-04
2,14,9180,773,PCAxPCA,2024-11,2026-10-04
2,14,9504,774,Direct product generalized,2024-11,2026-10-04
2,14,9554,776,PCAxPCA,2024-11,2026-10-04
2,14,9690,777,PCAxPCA,2024-11,2026-10-04
2,14,9792,783,Direct product generalized,2024-11,2026-10-04
2,14,10098,785,PCAxPCA,2024-11,2026-10-04
2,14,10131,788,Direct product generalized,2024-11,2026-10-04
2,14,10659,789,PCAxPCA,2024-11,2026-10-04
2,14,10982,798,PCAxPCA,2024-11,2026-10-04
2,14,11212,801,Direct product generalized,2024-11,2026-10-04
2,14,11404,802,Direct product generalized,2024-11,2026-10-04
2,14,12038,803,PCAxPCA,2024-11,2026-10-04
2,14,12184,805,Direct product generalized,2024-11,2026-10-04
2,14,12406,806,Direct product generalized,2024-11,2026-10-04
2,14,12438,807,Direct product generalized,2024-11,2026-10-04
2,14,13182,808,PCAxPCA,2024-11,2026-10-04
2,14,13634,810,Direct product,2024-11,2026-10-04
2,14,14688,811,PCAxPCA,2024-11,2026-10-04
2,14,15912,812,PCAxPCA,2024-11,2026-10-04
2,14,17238,813,PCAxPCA,2024-11,2026-10-04
2,14,17244,816,Direct product generalized,2024-11,2026-10-04
2,14,20000,817,Direct product,2024-11,2026-10-04
2,15,6,225,orthogonal array,2024-11,2026-10-04
2,15,7,242,Add Factor SO (AG-TJ-IM),2024-11,2026-10-04
2,15,8,247,Add Factor SO (AG-TJ-IM),2024-11,2026-10-04
2,15,9,248,Add Factor SO (AG-TJ-IM),2024-11,2026-10-04
2,15,10,249,Add Factor SO (AG-TJ-IM),2024-11,2026-10-04
2,15,12,250,Add Factor SO (AG-TJ-IM),2024-11,2026-10-04
2,15,15,251,Add Factor SO (AG-TJ-IM),2024-11,2026-10-04
2,15,17,252,Add Factor SO (AG-TJ-IM),2024-11,2026-10-04
2,15,18,255,projection (C),2024-11,2026-10-04
2,15,19,281,projection (C) postop NCK,2024-11,2026-10-04
2,15,20,285,projection (C) postop TJ-SA,2024-11,2026-10-04
2,15,21,331,projection (C) postop NCK,2024-11,2026-10-04
2,15,22,332,projection (C) postop NCK,2024-11,2026-10-04
2,15,23,334,projection (C) postop NCK,2024-11,2026-10-04
2,15,24,335,projection (C) postop NCK,2024-11,2026-10-04
2,15,25,351,Fix 1 symbols (LCDST),2024-11,2026-10-04
2,15,26,365,Fix 1 symbols (Colbourn),2024-11,2026-10-04
2,15,28,376,simulated annealing (Torres-Jimenez),2024-11,2026-10-04
2,15,32,383,Fix 4 symbols (LCDST),2024-11,2026-10-04
2,15,33,394,Fix 4 symbols (LCDST),2024-11,2026-10-04
2,15,34,405,Fix 4 symbols (LCDST),2024-11,2026-10-04
2,15,36,406,Fix 5 symbols (LCDST),2024-11,2026-10-04
2,15,37,418,Fix 5 symbols (LCDST),2024-11,2026-10-04
2,15,38,428,Fix 5 symbols (LCDST),2024-11,2026-10-04
2,15,39,439,Fix 5 symbols (LCDST),2024-11,2026-10-04
2,15,40,449,Fix 5 symbols (LCDST),2024-11,2026-10-04
2,15,102,450,Direct product,2024-11,2026-10-04
2,15,103,451,Direct product generalized,2024-11,2026-10-04
2,15,108,464,Direct product,2024-11,2026-10-04
2,15,120,465,Direct product generalized,2024-11,2026-10-04
2,15,122,471,Direct product generalized,2024-11,2026-10-04
2,15,136,472,Direct product generalized,2024-11,2026-10-04
2,15,137,473,Direct product generalized,2024-11,2026-10-04
2,15,170,474,Direct product generalized,2024-11,2026-10-04
2,15,189,475,Direct product generalized,2024-11,2026-10-04
2,15,238,476,Direct product generalized,2024-11,2026-10-04
2,15,272,477,Direct product,2024-11,2026-10-04
2,15,278,478,simulated annealing (Torres-Jimenez),2024-11,2026-10-04
2,15,290,479,Direct product generalized,2024-11,2026-10-04
2,15,307,480,Direct product generalized,2024-11,2026-10-04
2,15,324,494,Direct product,2024-11,2026-10-04
2,15,326,495,Direct product generalized,2024-11,2026-10-04
2,15,328,507,Direct product generalized,2024-11,2026-10-04
2,15,342,510,Direct product generalized,2024-11,2026-10-04
2,15,343,521,Direct product generalized,2024-11,2026-10-04
2,15,360,522,Direct product,2024-11,2026-10-04
2,15,364,523,Direct product generalized,2024-11,2026-10-04
2,15,369,525,Direct product generalized,2024-11,2026-10-04
2,15,370,526,Direct product generalized,2024-11,2026-10-04
2,15,373,539,Direct product generalized,2024-11,2026-10-04
2,15,380,540,Direct product generalized,2024-11,2026-10-04
2,15,387,550,Direct product generalized,2024-11,2026-10-04
2,15,400,552,Direct product,2024-11,2026-10-04
2,15,404,557,Direct product generalized,2024-11,2026-10-04
2,15,406,560,Direct product generalized,2024-11,2026-10-04
2,15,408,562,Direct product,2024-11,2026-10-04
2,15,409,563,Direct product generalized,2024-11,2026-10-04
2,15,413,566,Direct product generalized,2024-11,2026-10-04
2,15,414,567,Direct product generalized,2024-11,2026-10-04
2,15,420,570,Direct product generalized,2024-11,2026-10-04
2,15,432,575,Direct product,2024-11,2026-10-04
2,15,433,577,Direct product generalized,2024-11,2026-10-04
2,15,438,582,Direct product generalized,2024-11,2026-10-04
2,15,439,583,Direct product generalized,2024-11,2026-10-04
2,15,440,585,Direct product generalized,2024-11,2026-10-04
2,15,450,591,Direct product,2024-11,2026-10-04
2,15,456,592,Direct product generalized,2024-11,2026-10-04
2,15,459,596,Direct product generalized,2024-11,2026-10-04
2,15,460,597,Direct product generalized,2024-11,2026-10-04
2,15,469,603,Direct product generalized,2024-11,2026-10-04
2,15,480,604,Direct product,2024-11,2026-10-04
2,15,484,605,Direct product generalized,2024-11,2026-10-04
2,15,487,607,Direct product generalized,2024-11,2026-10-04
2,15,491,612,Direct product generalized,2024-11,2026-10-04
2,15,493,615,Direct product generalized,2024-11,2026-10-04
2,15,504,616,Direct product,2024-11,2026-10-04
2,15,512,620,Direct product,2024-11,2026-10-04
2,15,544,621,Direct product,2024-11,2026-10-04
2,15,576,623,Direct product,2024-11,2026-10-04
2,15,594,634,Direct product,2024-11,2026-10-04
2,15,612,644,Direct product,2024-11,2026-10-04
2,15,648,646,Direct product,2024-11,2026-10-04
2,15,666,658,Direct product,2024-11,2026-10-04
2,15,712,660,Direct product generalized,2024-11,2026-10-04
2,15,717,661,Direct product generalized,2024-11,2026-10-04
2,15,719,666,Direct product generalized,2024-11,2026-10-04
2,15,734,671,Direct product generalized,2024-11,2026-10-04
2,15,735,674,Direct product generalized,2024-11,2026-10-04
2,15,1728,675,Direct product generalized,2024-11,2026-10-04
2,15,1751,676,Direct product,2024-11,2026-10-04
2,15,1752,688,Direct product generalized,2024-11,2026-10-04
2,15,1778,689,Direct product generalized,2024-11,2026-10-04
2,15,2005,690,Direct product generalized,2024-11,2026-10-04
2,15,2080,691,Direct product generalized,2024-11,2026-10-04
2,15,2088,696,Direct product generalized,2024-11,2026-10-04
2,15,2304,697,Direct product generalized,2024-11,2026-10-04
2,15,2336,698,Direct product generalized,2024-11,2026-10-04
2,15,2880,699,Direct product generalized,2024-11,2026-10-04
2,15,3232,700,Direct product generalized,2024-11,2026-10-04
2,15,4032,701,Direct product generalized,2024-11,2026-10-04
2,15,4608,702,Direct product generalized,2024-11,2026-10-04
2,15,4736,703,Direct product generalized,2024-11,2026-10-04
2,15,4928,704,Direct product generalized,2024-11,2026-10-04
2,15,5219,705,Direct product,2024-11,2026-10-04
2,15,5236,718,Direct product generalized,2024-11,2026-10-04
2,15,5541,719,Direct product generalized,2024-11,2026-10-04
2,15,5595,720,Direct product generalized,2024-11,2026-10-04
2,15,5599,728,Direct product generalized,2024-11,2026-10-04
2,15,5600,731,Direct product generalized,2024-11,2026-10-04
2,15,5617,732,Direct product generalized,2024-11,2026-10-04
2,15,5832,733,Direct product,2024-11,2026-10-04
2,15,5876,734,Direct product generalized,2024-11,2026-10-04
2,15,5912,735,Direct product generalized,2024-11,2026-10-04
2,15,5943,743,Direct product generalized,2024-11,2026-10-04
2,15,5944,744,Direct product generalized,2024-11,2026-10-04
2,15,5946,746,Direct product generalized,2024-11,2026-10-04
2,15,6140,747,Direct product,2024-11,2026-10-04
2,15,6246,748,Direct product generalized,2024-11,2026-10-04
2,15,6263,749,Direct product generalized,2024-11,2026-10-04
2,15,6351,750,Direct product generalized,2024-11,2026-10-04
2,15,6367,751,Direct product generalized,2024-11,2026-10-04
2,15,6375,758,Direct product generalized,2024-11,2026-10-04
2,15,6377,759,Direct product generalized,2024-11,2026-10-04
2,15,6483,761,Direct product generalized,2024-11,2026-10-04
2,15,6626,762,Direct product generalized,2024-11,2026-10-04
2,15,6642,763,Direct product generalized,2024-11,2026-10-04
2,15,6698,764,Direct product generalized,2024-11,2026-10-04
2,15,6720,765,Direct product generalized,2024-11,2026-10-04
2,15,6724,766,Direct product generalized,2024-11,2026-10-04
2,15,6756,773,Direct product generalized,2024-11,2026-10-04
2,15,6759,774,Direct product generalized,2024-11,2026-10-04
2,15,6774,775,Direct product generalized,2024-11,2026-10-04
2,15,6878,777,Direct product generalized,2024-11,2026-10-04
2,15,7006,778,Direct product generalized,2024-11,2026-10-04
2,15,7028,779,Direct product generalized,2024-11,2026-10-04
2,15,7091,780,Direct product generalized,2024-11,2026-10-04
2,15,7098,781,Direct product generalized,2024-11,2026-10-04
2,15,7106,787,Direct product generalized,2024-11,2026-10-04
2,15,7120,788,Direct product generalized,2024-11,2026-10-04
2,15,7200,789,Direct product,2024-11,2026-10-04
2,15,7318,790,Direct product generalized,2024-11,2026-10-04
2,15,7378,791,Direct product generalized,2024-11,2026-10-04
2,15,7389,792,Direct product generalized,2024-11,2026-10-04
2,15,7490,793,Direct product generalized,2024-11,2026-10-04
2,15,7493,794,Direct product generalized,2024-11,2026-10-04
2,15,7558,795,Direct product generalized,2024-11,2026-10-04
2,15,7560,796,Direct product generalized,2024-11,2026-10-04
2,15,7584,800,Direct product generalized,2024-11,2026-10-04
2,15,7592,802,Direct product generalized,2024-11,2026-10-04
2,15,7621,803,Direct product generalized,2024-11,2026-10-04
2,15,7641,804,Direct product generalized,2024-11,2026-10-04
2,15,7664,807,Direct product generalized,2024-11,2026-10-04
2,15,7768,808,Direct product generalized,2024-11,2026-10-04
2,15,7822,810,Direct product generalized,2024-11,2026-10-04
2,15,7839,811,Direct product generalized,2024-11,2026-10-04
2,15,7840,812,Direct product generalized,2024-11,2026-10-04
2,15,7864,815,Direct product generalized,2024-11,2026-10-04
2,15,7896,816,Direct product generalized,2024-11,2026-10-04
2,15,7908,817,Direct product generalized,2024-11,2026-10-04
2,15,7942,818,Direct product generalized,2024-11,2026-10-04
2,15,7967,819,Direct product generalized,2024-11,2026-10-04
2,15,8024,820,Direct product generalized,2024-11,2026-10-04
2,15,8137,821,Direct product generalized,2024-11,2026-10-04
2,15,8142,822,Direct product generalized,2024-11,2026-10-04
2,15,8216,823,Direct product generalized,2024-11,2026-10-04
2,15,8228,825,Direct product generalized,2024-11,2026-10-04
2,15,8234,826,Direct product generalized,2024-11,2026-10-04
2,15,8240,827,Direct product generalized,2024-11,2026-10-04
2,15,8258,828,Direct product generalized,2024-11,2026-10-04
2,15,8336,830,Direct product generalized,2024-11,2026-10-04
2,15,8377,831,Direct product generalized,2024-11,2026-10-04
2,15,8398,832,Direct product generalized,2024-11,2026-10-04
2,15,8471,833,Direct product generalized,2024-11,2026-10-04
2,15,8474,836,Direct product generalized,2024-11,2026-10-04
2,15,8546,837,Direct product generalized,2024-11,2026-10-04
2,15,8557,838,Direct product generalized,2024-11,2026-10-04
2,15,8572,839,Direct product generalized,2024-11,2026-10-04
2,15,8639,840,Direct product generalized,2024-11,2026-10-04
2,15,8688,841,Direct product generalized,2024-11,2026-10-04
2,15,8796,843,Direct product generalized,2024-11,2026-10-04
2,15,8925,845,Direct product generalized,2024-11,2026-10-04
2,15,9216,846,Direct product generalized,2024-11,2026-10-04
2,15,9824,848,PCAxPCA,2024-11,2026-10-04
2,15,10131,859,PCAxPCA,2024-11,2026-10-04
2,15,10368,862,Direct product,2024-11,2026-10-04
2,15,10476,863,Direct product generalized,2024-11,2026-10-04
2,15,10494,868,Direct product generalized,2024-11,2026-10-04
2,15,10522,869,Direct product generalized,2024-11,2026-10-04
2,15,10540,870,Direct product generalized,2024-11,2026-10-04
2,15,11052,871,PCAxPCA,2024-11,2026-10-04
2,15,11359,883,PCAxPCA,2024-11,2026-10-04
2,15,12137,885,Direct product generalized,2024-11,2026-10-04
2,15,12828,886,Direct product generalized,2024-11,2026-10-04
2,15,12832,891,Direct product generalized,2024-11,2026-10-04
2,15,12834,893,Direct product generalized,2024-11,2026-10-04
2,15,12860,896,Direct product generalized,2024-11,2026-10-04
2,15,13130,898,Direct product generalized,2024-11,2026-10-04
2,15,13160,899,Direct product generalized,2024-11,2026-10-04
2,15,20000,900,Direct product generalized,2024-11,2026-10-04
2,16,17,256,Derive from strength 3,2024-11,2026-10-04
2,16,18,286,orthogonal array fuse,2024-11,2026-10-04
2,16,19,288,projection (C),2024-11,2026-10-04
2,16,20,342,projection (C) postop NCK,2024-11,2026-10-04
2,16,21,344,projection (C) postop NCK,2024-11,2026-10-04
2,16,22,346,projection (C) postop NCK,2024-11,2026-10-04
2,16,23,350,projection (C) postop NCK,2024-11,2026-10-04
2,16,25,376,Fix 1 symbols (LCDST),2024-11,2026-10-04
2,16,27,406,Fix 1 symbols (LCDST),2024-11,2026-10-04
2,16,28,421,Fix 1 symbols (Colbourn),2024-11,2026-10-04
2,16,29,436,Fix 1 symbols (Meagher-Stevens),2024-11,2026-10-04
2,16,36,442,Fix 5 symbols (LCDST),2024-11,2026-10-04
2,16,38,466,Fix 5 symbols (LCDST),2024-11,2026-10-04
2,16,39,478,Fix 5 symbols (LCDST),2024-11,2026-10-04
2,16,40,483,simulated annealing (Torres-Jimenez),2024-11,2026-10-04
2,16,45,490,simulated annealing (Torres-Jimenez),2024-11,2026-10-04
2,16,288,496,PCAx2PCA,2024-11,2026-10-04
2,16,289,510,Direct product,2024-11,2026-10-04
2,16,306,526,Direct product generalized,2024-11,2026-10-04
2,16,323,528,Direct product,2024-11,2026-10-04
2,16,327,543,Direct product generalized,2024-11,2026-10-04
2,16,343,544,Direct product generalized,2024-11,2026-10-04
2,16,360,559,Direct product generalized,2024-11,2026-10-04
2,16,361,560,Direct product,2024-11,2026-10-04
2,16,380,574,Direct product,2024-11,2026-10-04
2,16,387,589,Direct product generalized,2024-11,2026-10-04
2,16,391,590,Direct product,2024-11,2026-10-04
2,16,392,591,Direct product generalized,2024-11,2026-10-04
2,16,399,592,Direct product generalized,2024-11,2026-10-04
2,16,411,604,Direct product generalized,2024-11,2026-10-04
2,16,417,606,Direct product generalized,2024-11,2026-10-04
2,16,418,608,Direct product generalized,2024-11,2026-10-04
2,16,420,614,Direct product generalized,2024-11,2026-10-04
2,16,424,616,PCAx2PCA,2024-11,2026-10-04
2,16,426,619,Direct product generalized,2024-11,2026-10-04
2,16,427,620,Direct product generalized,2024-11,2026-10-04
2,16,437,621,Direct product generalized,2024-11,2026-10-04
2,16,438,622,Direct product generalized,2024-11,2026-10-04
2,16,439,623,Direct product generalized,2024-11,2026-10-04
2,16,449,624,Direct product generalized,2024-11,2026-10-04
2,16,453,630,Direct product generalized,2024-11,2026-10-04
2,16,457,632,Direct product generalized,2024-11,2026-10-04
2,16,461,635,Direct product generalized,2024-11,2026-10-04
2,16,465,638,Direct product generalized,2024-11,2026-10-04
2,16,468,646,Direct product generalized,2024-11,2026-10-04
2,16,475,648,Direct product,2024-11,2026-10-04
2,16,477,651,Direct product generalized,2024-11,2026-10-04
2,16,483,654,Direct product generalized,2024-11,2026-10-04
2,16,486,664,Direct product generalized,2024-11,2026-10-04
2,16,489,665,Direct product generalized,2024-11,2026-10-04
2,16,492,666,Direct product generalized,2024-11,2026-10-04
2,16,496,667,Direct product generalized,2024-11,2026-10-04
2,16,503,668,Direct product generalized,2024-11,2026-10-04
2,16,505,669,Direct product generalized,2024-11,2026-10-04
2,16,506,670,Direct product generalized,2024-11,2026-10-04
2,16,512,677,Direct product generalized,2024-11,2026-10-04
2,16,513,678,Direct product,2024-11,2026-10-04
2,16,515,679,Direct product generalized,2024-11,2026-10-04
2,16,526,680,Direct product generalized,2024-11,2026-10-04
2,16,602,682,PCAx2PCA,2024-11,2026-10-04
2,16,612,695,Direct product,2024-11,2026-10-04
2,16,636,706,PCAx2PCA,2024-11,2026-10-04
2,16,648,712,Direct product,2024-11,2026-10-04
2,16,684,714,Direct product,2024-11,2026-10-04
2,16,688,728,Direct product generalized,2024-11,2026-10-04
2,16,765,730,Direct product,2024-11,2026-10-04
2,16,4880,736,PCAx2PCA,2024-11,2026-10-04
2,16,4896,750,Direct product,2024-11,2026-10-04
2,16,4914,752,Direct product,2024-11,2026-10-04
2,16,5185,766,PCAx2PCA,2024-11,2026-10-04
2,16,5491,768,PCAx2PCA,2024-11,2026-10-04
2,16,5542,783,PCAx2PCA,2024-11,2026-10-04
2,16,5831,784,PCAx2PCA,2024-11,2026-10-04
2,16,6120,799,PCAx2PCA,2024-11,2026-10-04
2,16,6215,800,Direct product generalized,2024-11,2026-10-04
2,16,6460,814,Direct product,2024-11,2026-10-04
2,16,6533,815,Direct product generalized,2024-11,2026-10-04
2,16,6590,816,Direct product generalized,2024-11,2026-10-04
2,16,6597,829,Direct product generalized,2024-11,2026-10-04
2,16,6863,830,Direct product generalized,2024-11,2026-10-04
2,16,6912,831,Direct product generalized,2024-11,2026-10-04
2,16,6935,832,Direct product generalized,2024-11,2026-10-04
2,16,7088,844,Direct product generalized,2024-11,2026-10-04
2,16,7215,845,Direct product generalized,2024-11,2026-10-04
2,16,7271,846,Direct product generalized,2024-11,2026-10-04
2,16,7281,847,Direct product generalized,2024-11,2026-10-04
2,16,7298,848,Direct product generalized,2024-11,2026-10-04
2,16,7600,860,Direct product,2024-11,2026-10-04
2,16,7725,861,Direct product generalized,2024-11,2026-10-04
2,16,7800,862,Direct product generalized,2024-11,2026-10-04
2,16,7817,863,Direct product generalized,2024-11,2026-10-04
2,16,7894,864,Direct product generalized,2024-11,2026-10-04
2,16,7930,876,Direct product generalized,2024-11,2026-10-04
2,16,8204,877,Direct product generalized,2024-11,2026-10-04
2,16,8224,878,Direct product generalized,2024-11,2026-10-04
2,16,8239,879,Direct product generalized,2024-11,2026-10-04
2,16,8341,880,Direct product generalized,2024-11,2026-10-04
2,16,8344,890,Direct product generalized,2024-11,2026-10-04
2,16,8347,891,Direct product generalized,2024-11,2026-10-04
2,16,8633,892,Direct product generalized,2024-11,2026-10-04
2,16,8650,893,Direct product generalized,2024-11,2026-10-04
2,16,8668,894,Direct product generalized,2024-11,2026-10-04
2,16,8748,895,Direct product generalized,2024-11,2026-10-04
2,16,8759,896,Direct product generalized,2024-11,2026-10-04
2,16,8777,902,Direct product generalized,2024-11,2026-10-04
2,16,8795,904,Direct product generalized,2024-11,2026-10-04
2,16,8799,906,Direct product generalized,2024-11,2026-10-04
2,16,9050,907,Direct product generalized,2024-11,2026-10-04
2,16,9104,908,Direct product generalized,2024-11,2026-10-04
2,16,9152,909,Direct product generalized,2024-11,2026-10-04
2,16,9280,910,Direct product generalized,2024-11,2026-10-04
2,16,9301,920,Direct product generalized,2024-11,2026-10-04
2,16,10208,922,PCAx2PCA,2024-11,2026-10-04
2,16,10368,935,Direct product,2024-11,2026-10-04
2,16,10404,938,PCAxPCA,2024-11,2026-10-04
2,16,10784,946,PCAx2PCA,2024-11,2026-10-04
2,16,10982,952,PCAx2PCA,2024-11,2026-10-04
2,16,11628,954,PCAx2PCA,2024-11,2026-10-04
2,16,11660,968,PCAx2PCA,2024-11,2026-10-04
2,16,11700,969,PCAxPCA,2024-11,2026-10-04
2,16,12960,970,Direct product,2024-11,2026-10-04
2,16,20000,976,Direct product,2024-11,2026-10-04
2,17,18,289,orthogonal array,2024-11,2026-10-04
2,17,19,351,projection (C) postop NCK,2024-11,2026-10-04
2,17,20,352,projection (C) postop NCK,2024-11,2026-10-04
2,17,21,354,projection (C) postop NCK,2024-11,2026-10-04
2,17,22,357,projection (C) postop TJ-SA,2024-11,2026-10-04
2,17,23,442,Add a symbol (binary),2024-11,2026-10-04
2,17,24,467,projection (C) postop NCK,2024-11,2026-10-04
2,17,25,469,projection (C) postop NCK,2024-11,2026-10-04
2,17,26,471,projection (C) postop NCK,2024-11,2026-10-04
2,17,27,473,projection (C) postop NCK,2024-11,2026-10-04
2,17,28,474,projection (C) postop NCK,2024-11,2026-10-04
2,17,29,477,projection (C) postop NCK,2024-11,2026-10-04
2,17,30,479,projection (C) postop NCK,2024-11,2026-10-04
2,17,31,497,Fix 1 symbols (Colbourn),2024-11,2026-10-04
2,17,32,513,Fix 1 symbols (Colbourn),2024-11,2026-10-04
2,17,39,517,Fix 5 symbols (LCDST),2024-11,2026-10-04
2,17,40,529,Fix 5 symbols (LCDST),2024-11,2026-10-04
2,17,41,541,Fix 5 symbols (LCDST),2024-11,2026-10-04
2,17,45,551,simulated annealing (Torres-Jimenez),2024-11,2026-10-04
2,17,51,560,simulated annealing (Torres-Jimenez),2024-11,2026-10-04
2,17,323,561,PCAx2PCA,2024-11,2026-10-04
2,17,324,576,Direct product,2024-11,2026-10-04
2,17,340,594,Direct product,2024-11,2026-10-04
2,17,341,609,Direct product generalized,2024-11,2026-10-04
2,17,360,610,Direct product,2024-11,2026-10-04
2,17,378,626,Direct product,2024-11,2026-10-04
2,17,380,627,Direct product generalized,2024-11,2026-10-04
2,17,381,628,Direct product generalized,2024-11,2026-10-04
2,17,396,629,Direct product,2024-11,2026-10-04
2,17,402,645,Direct product generalized,2024-11,2026-10-04
2,17,404,646,Direct product generalized,2024-11,2026-10-04
2,17,406,657,Direct product generalized,2024-11,2026-10-04
2,17,409,658,Direct product generalized,2024-11,2026-10-04
2,17,420,659,Direct product,2024-11,2026-10-04
2,17,421,661,Direct product generalized,2024-11,2026-10-04
2,17,440,662,Direct product,2024-11,2026-10-04
2,17,444,677,Direct product generalized,2024-11,2026-10-04
2,17,448,679,Direct product generalized,2024-11,2026-10-04
2,17,462,680,Direct product generalized,2024-11,2026-10-04
2,17,469,692,Direct product generalized,2024-11,2026-10-04
2,17,484,695,Direct product generalized,2024-11,2026-10-04
2,17,485,724,Direct product generalized,2024-11,2026-10-04
2,17,486,725,Direct product generalized,2024-11,2026-10-04
2,17,505,728,Direct product generalized,2024-11,2026-10-04
2,17,528,731,Direct product generalized,2024-11,2026-10-04
2,17,530,745,Direct product generalized,2024-11,2026-10-04
2,17,533,746,Direct product generalized,2024-11,2026-10-04
2,17,540,747,Direct product generalized,2024-11,2026-10-04
2,17,550,748,Direct product generalized,2024-11,2026-10-04
2,17,554,759,Direct product generalized,2024-11,2026-10-04
2,17,560,760,Direct product generalized,2024-11,2026-10-04
2,17,564,761,Direct product generalized,2024-11,2026-10-04
2,17,569,762,Direct product generalized,2024-11,2026-10-04
2,17,571,763,Direct product generalized,2024-11,2026-10-04
2,17,572,764,Direct product generalized,2024-11,2026-10-04
2,17,577,772,Direct product generalized,2024-11,2026-10-04
2,17,583,773,Direct product generalized,2024-11,2026-10-04
2,17,587,774,Direct product generalized,2024-11,2026-10-04
2,17,590,775,Direct product generalized,2024-11,2026-10-04
2,17,593,776,Direct product generalized,2024-11,2026-10-04
2,17,594,777,Direct product generalized,2024-11,2026-10-04
2,17,600,784,Direct product,2024-11,2026-10-04
2,17,605,786,Direct product generalized,2024-11,2026-10-04
2,17,609,788,Direct product generalized,2024-11,2026-10-04
2,17,692,789,PCAx2PCA,2024-11,2026-10-04
2,17,710,801,PCAx2PCA,2024-11,2026-10-04
2,17,728,813,PCAx2PCA,2024-11,2026-10-04
2,17,767,823,PCAx2PCA,2024-11,2026-10-04
2,17,780,831,PCAx2PCA,2024-11,2026-10-04
2,17,869,832,PCAx2PCA,2024-11,2026-10-04
2,17,5797,833,PCAx2PCA,2024-11,2026-10-04
2,17,5814,848,Direct product,2024-11,2026-10-04
2,17,5832,863,Direct product,2024-11,2026-10-04
2,17,6120,866,Direct product,2024-11,2026-10-04
2,17,6137,881,Direct product generalized,2024-11,2026-10-04
2,17,6464,882,PCAx2PCA,2024-11,2026-10-04
2,17,6477,884,Direct product generalized,2024-11,2026-10-04
2,17,6480,897,Direct product,2024-11,2026-10-04
2,17,6783,898,Direct product,2024-11,2026-10-04
2,17,6840,899,PCAx2PCA,2024-11,2026-10-04
2,17,6885,900,Direct product generalized,2024-11,2026-10-04
2,17,7106,901,Direct product,2024-11,2026-10-04
2,17,7175,915,Direct product generalized,2024-11,2026-10-04
2,17,7217,916,Direct product generalized,2024-11,2026-10-04
2,17,7311,917,Direct product generalized,2024-11,2026-10-04
2,17,7328,919,Direct product generalized,2024-11,2026-10-04
2,17,7330,920,Direct product generalized,2024-11,2026-10-04
2,17,7560,931,PCAx2PCA,2024-11,2026-10-04
2,17,7600,932,Direct product,2024-11,2026-10-04
2,17,7644,933,Direct product generalized,2024-11,2026-10-04
2,17,7900,934,PCAx2PCA,2024-11,2026-10-04
2,17,7920,935,PCAxPCA,2024-11,2026-10-04
2,17,7938,949,PCAx2PCA,2024-11,2026-10-04
2,17,8051,950,Direct product generalized,2024-11,2026-10-04
2,17,8082,951,Direct product generalized,2024-11,2026-10-04
2,17,8316,952,PCAx2PCA,2024-11,2026-10-04
2,17,8442,964,PCAx2PCA,2024-11,2026-10-04
2,17,8521,965,Direct product generalized,2024-11,2026-10-04
2,17,8553,966,Direct product generalized,2024-11,2026-10-04
2,17,8712,967,PCAx2PCA,2024-11,2026-10-04
2,17,8800,968,Direct product,2024-11,2026-10-04
2,17,8904,981,Direct product generalized,2024-11,2026-10-04
2,17,8920,982,Direct product generalized,2024-11,2026-10-04
2,17,8998,983,Direct product generalized,2024-11,2026-10-04
2,17,9029,984,Direct product generalized,2024-11,2026-10-04
2,17,9240,985,Direct product,2024-11,2026-10-04
2,17,9306,986,Direct product generalized,2024-11,2026-10-04
2,17,9428,997,Direct product generalized,2024-11,2026-10-04
2,17,9456,998,Direct product generalized,2024-11,2026-10-04
2,17,9515,999,Direct product generalized,2024-11,2026-10-04
2,17,9680,1000,Direct product,2024-11,2026-10-04
2,17,9858,1001,Direct product generalized,2024-11,2026-10-04
2,17,9864,1002,Direct product generalized,2024-11,2026-10-04
2,17,9900,1003,Direct product generalized,2024-11,2026-10-04
2,17,9906,1014,Direct product generalized,2024-11,2026-10-04
2,17,9928,1015,Direct product generalized,2024-11,2026-10-04
2,17,9943,1016,Direct product generalized,2024-11,2026-10-04
2,17,10093,1017,Direct product generalized,2024-11,2026-10-04
2,17,10318,1018,Direct product generalized,2024-11,2026-10-04
2,17,10358,1020,Direct product generalized,2024-11,2026-10-04
2,17,10406,1021,Direct product generalized,2024-11,2026-10-04
2,17,10423,1030,Direct product generalized,2024-11,2026-10-04
2,17,10511,1032,Direct product generalized,2024-11,2026-10-04
2,17,10648,1033,Direct product generalized,2024-11,2026-10-04
2,17,10728,1034,Direct product generalized,2024-11,2026-10-04
2,17,10796,1035,Direct product generalized,2024-11,2026-10-04
2,17,10808,1036,Direct product generalized,2024-11,2026-10-04
2,17,10840,1037,Direct product generalized,2024-11,2026-10-04
2,17,10888,1038,Direct product generalized,2024-11,2026-10-04
2,17,10912,1039,Direct product generalized,2024-11,2026-10-04
2,17,11000,1053,Direct product,2024-11,2026-10-04
2,17,11088,1054,Direct product generalized,2024-11,2026-10-04
2,17,11154,1055,Direct product generalized,2024-11,2026-10-04
2,17,12427,1061,PCAx2PCA,2024-11,2026-10-04
2,17,12750,1073,PCAx2PCA,2024-11,2026-10-04
2,17,13073,1085,PCAx2PCA,2024-11,2026-10-04
2,17,13260,1094,Direct product,2024-11,2026-10-04
2,17,13804,1095,PCAx2PCA,2024-11,2026-10-04
2,17,14008,1103,PCAx2PCA,2024-11,2026-10-04
2,17,15640,1104,PCAx2PCA,2024-11,2026-10-04
2,17,20000,1105,Direct product,2024-11,2026-10-04
2,18,7,324,orthogonal array,2024-11,2026-10-04
2,18,9,346,Add Factor SO (AG-TJ-IM),2024-11,2026-10-04
2,18,10,349,Add Factor SO (AG-TJ-IM),2024-11,2026-10-04
2,18,13,350,Add Factor SO (AG-TJ-IM),2024-11,2026-10-04
2,18,14,355,Add Factor SO (AG-TJ-IM),2024-11,2026-10-04
2,18,17,356,Add Factor SO (AG-TJ-IM),2024-11,2026-10-04
2,18,20,357,Add Factor SO (AG-TJ-IM),2024-11,2026-10-04
2,18,21,360,projection (C),2024-11,2026-10-04
2,18,22,442,simulated annealing (Torres-Jimenez),2024-11,2026-10-04
2,18,23,482,projection (C) postop NCK,2024-11,2026-10-04
2,18,24,483,projection (C) postop NCK,2024-11,2026-10-04
2,18,25,489,projection (C) postop NCK,2024-11,2026-10-04
2,18,26,490,projection (C) postop NCK,2024-11,2026-10-04
2,18,27,491,projection (C) postop NCK,2024-11,2026-10-04
2,18,28,494,projection (C) postop NCK,2024-11,2026-10-04
2,18,29,496,projection (C) postop NCK,2024-11,2026-10-04
2,18,32,545,Fix 1 symbols (LCDST),2024-11,2026-10-04
2,18,33,558,projection (C) postop NCK,2024-11,2026-10-04
2,18,34,579,Fix 1 symbols (Colbourn),2024-11,2026-10-04
2,18,40,592,Fix 4 symbols (LCDST),2024-11,2026-10-04
2,18,42,595,Fix 5 symbols (LCDST),2024-11,2026-10-04
2,18,44,603,Fix 6 symbols (LCDST),2024-11,2026-10-04
2,18,45,615,Fix 6 symbols (LCDST),2024-11,2026-10-04
2,18,46,627,Fix 6 symbols (LCDST),2024-11,2026-10-04
2,18,49,630,Direct product,2024-11,2026-10-04
2,18,50,647,simulated annealing (Torres-Jimenez),2024-11,2026-10-04
2,18,120,648,Direct product,2024-11,2026-10-04
2,18,140,650,Direct product generalized,2024-11,2026-10-04
2,18,147,666,Direct product,2024-11,2026-10-04
2,18,161,669,Direct product generalized,2024-11,2026-10-04
2,18,180,670,Direct product generalized,2024-11,2026-10-04
2,18,200,673,Direct product generalized,2024-11,2026-10-04
2,18,260,674,Direct product generalized,2024-11,2026-10-04
2,18,280,679,Direct product generalized,2024-11,2026-10-04
2,18,323,680,Direct product generalized,2024-11,2026-10-04
2,18,380,681,Direct product,2024-11,2026-10-04
2,18,385,682,simulated annealing (Torres-Jimenez),2024-11,2026-10-04
2,18,401,683,Direct product generalized,2024-11,2026-10-04
2,18,421,684,Direct product generalized,2024-11,2026-10-04
2,18,440,701,Direct product generalized,2024-11,2026-10-04
2,18,441,702,Direct product,2024-11,2026-10-04
2,18,442,749,Direct product generalized,2024-11,2026-10-04
2,18,458,753,Direct product generalized,2024-11,2026-10-04
2,18,481,755,Direct product generalized,2024-11,2026-10-04
2,18,504,756,Direct product generalized,2024-11,2026-10-04
2,18,511,773,Direct product generalized,2024-11,2026-10-04
2,18,525,774,Direct product generalized,2024-11,2026-10-04
2,18,535,788,Direct product generalized,2024-11,2026-10-04
2,18,542,789,Direct product generalized,2024-11,2026-10-04
2,18,545,790,Direct product generalized,2024-11,2026-10-04
2,18,546,791,Direct product generalized,2024-11,2026-10-04
2,18,548,803,Direct product generalized,2024-11,2026-10-04
2,18,558,804,Direct product generalized,2024-11,2026-10-04
2,18,566,805,Direct product generalized,2024-11,2026-10-04
2,18,567,806,Direct product generalized,2024-11,2026-10-04
2,18,576,819,Direct product generalized,2024-11,2026-10-04
2,18,584,820,Direct product generalized,2024-11,2026-10-04
2,18,587,821,Direct product generalized,2024-11,2026-10-04
2,18,588,822,Direct product generalized,2024-11,2026-10-04
2,18,589,835,Direct product generalized,2024-11,2026-10-04
2,18,591,836,Direct product generalized,2024-11,2026-10-04
2,18,608,837,Direct product generalized,2024-11,2026-10-04
2,18,609,838,Direct product,2024-11,2026-10-04
2,18,611,851,Direct product generalized,2024-11,2026-10-04
2,18,614,853,Direct product generalized,2024-11,2026-10-04
2,18,620,854,Direct product generalized,2024-11,2026-10-04
2,18,627,855,Direct product generalized,2024-11,2026-10-04
2,18,628,856,Direct product generalized,2024-11,2026-10-04
2,18,629,857,Direct product generalized,2024-11,2026-10-04
2,18,630,858,Direct product generalized,2024-11,2026-10-04
2,18,639,867,Direct product generalized,2024-11,2026-10-04
2,18,643,868,Direct product generalized,2024-11,2026-10-04
2,18,648,869,Direct product generalized,2024-11,2026-10-04
2,18,651,870,Direct product generalized,2024-11,2026-10-04
2,18,660,882,Direct product,2024-11,2026-10-04
2,18,664,883,Direct product generalized,2024-11,2026-10-04
2,18,670,884,Direct product generalized,2024-11,2026-10-04
2,18,672,885,Direct product generalized,2024-11,2026-10-04
2,18,673,890,Direct product generalized,2024-11,2026-10-04
2,18,696,892,Direct product generalized,2024-11,2026-10-04
2,18,703,908,Direct product generalized,2024-11,2026-10-04
2,18,711,909,Direct product generalized,2024-11,2026-10-04
2,18,725,910,Direct product generalized,2024-11,2026-10-04
2,18,731,922,Direct product generalized,2024-11,2026-10-04
2,18,740,923,Direct product generalized,2024-11,2026-10-04
2,18,745,924,Direct product generalized,2024-11,2026-10-04
2,18,751,925,Direct product generalized,2024-11,2026-10-04
2,18,753,926,Direct product generalized,2024-11,2026-10-04
2,18,754,927,Direct product generalized,2024-11,2026-10-04
2,18,760,931,Direct product,2024-11,2026-10-04
2,18,800,932,Direct product,2024-11,2026-10-04
2,18,840,934,Direct product,2024-11,2026-10-04
2,18,882,937,Direct product,2024-11,2026-10-04
2,18,924,945,Direct product,2024-11,2026-10-04
2,18,962,954,Direct product generalized,2024-11,2026-10-04
2,18,1017,957,Direct product generalized,2024-11,2026-10-04
2,18,1020,958,Direct product generalized,2024-11,2026-10-04
2,18,1028,960,Direct product generalized,2024-11,2026-10-04
2,18,1046,969,Direct product generalized,2024-11,2026-10-04
2,18,1047,971,Direct product generalized,2024-11,2026-10-04
2,18,2394,972,Direct product generalized,2024-11,2026-10-04
2,18,2793,974,Direct product generalized,2024-11,2026-10-04
2,18,2807,989,Direct product,2024-11,2026-10-04
2,18,2947,990,PCAx2PCA,2024-11,2026-10-04
2,18,3159,993,Direct product generalized,2024-11,2026-10-04
2,18,3591,994,Direct product generalized,2024-11,2026-10-04
2,18,3990,997,Direct product generalized,2024-11,2026-10-04
2,18,5187,998,Direct product generalized,2024-11,2026-10-04
2,18,5586,1003,Direct product generalized,2024-11,2026-10-04
2,18,6384,1004,Direct product generalized,2024-11,2026-10-04
2,18,7581,1005,Direct product generalized,2024-11,2026-10-04
2,18,7714,1006,Direct product generalized,2024-11,2026-10-04
2,18,8002,1007,Direct product generalized,2024-11,2026-10-04
2,18,8420,1008,Direct product,2024-11,2026-10-04
2,18,8439,1024,Direct product generalized,2024-11,2026-10-04
2,18,8857,1025,Direct product generalized,2024-11,2026-10-04
2,18,8901,1026,Direct product generalized,2024-11,2026-10-04
2,18,9223,1042,Direct product generalized,2024-11,2026-10-04
2,18,9260,1043,Direct product generalized,2024-11,2026-10-04
2,18,9261,1044,Direct product,2024-11,2026-10-04
2,18,9276,1060,Direct product generalized,2024-11,2026-10-04
2,18,9324,1062,Direct product generalized,2024-11,2026-10-04
2,18,9576,1077,Direct product generalized,2024-11,2026-10-04
2,18,9598,1079,Direct product generalized,2024-11,2026-10-04
2,18,10104,1080,Direct product generalized,2024-11,2026-10-04
2,18,10123,1092,Direct product generalized,2024-11,2026-10-04
2,18,10124,1093,Direct product generalized,2024-11,2026-10-04
2,18,10561,1097,Direct product generalized,2024-11,2026-10-04
2,18,10668,1098,Direct product generalized,2024-11,2026-10-04
2,18,10780,1112,Direct product generalized,2024-11,2026-10-04
2,18,10945,1113,Direct product generalized,2024-11,2026-10-04
2,18,11004,1114,Direct product generalized,2024-11,2026-10-04
2,18,11053,1115,Direct product generalized,2024-11,2026-10-04
2,18,11109,1116,Direct product generalized,2024-11,2026-10-04
2,18,11125,1125,Direct product generalized,2024-11,2026-10-04
2,18,11126,1126,Direct product generalized,2024-11,2026-10-04
2,18,11164,1127,Direct product generalized,2024-11,2026-10-04
2,18,11242,1128,Direct product generalized,2024-11,2026-10-04
2,18,11384,1129,Direct product generalized,2024-11,2026-10-04
2,18,11426,1130,Direct product generalized,2024-11,2026-10-04
2,18,11444,1131,Direct product generalized,2024-11,2026-10-04
2,18,11487,1132,Direct product generalized,2024-11,2026-10-04
2,18,11550,1133,Direct product generalized,2024-11,2026-10-04
2,18,11566,1141,Direct product generalized,2024-11,2026-10-04
2,18,11605,1142,Direct product generalized,2024-11,2026-10-04
2,18,11683,1143,Direct product generalized,2024-11,2026-10-04
2,18,11725,1144,Direct product generalized,2024-11,2026-10-04
2,18,11784,1145,Direct product generalized,2024-11,2026-10-04
2,18,11880,1146,Direct product generalized,2024-11,2026-10-04
2,18,11928,1147,Direct product generalized,2024-11,2026-10-04
2,18,11991,1148,Direct product generalized,2024-11,2026-10-04
2,18,12096,1152,Direct product generalized,2024-11,2026-10-04
2,18,12163,1159,Direct product generalized,2024-11,2026-10-04
2,18,12168,1160,Direct product generalized,2024-11,2026-10-04
2,18,12282,1161,Direct product generalized,2024-11,2026-10-04
2,18,12326,1162,Direct product generalized,2024-11,2026-10-04
2,18,12375,1163,Direct product generalized,2024-11,2026-10-04
2,18,12432,1164,Direct product generalized,2024-11,2026-10-04
2,18,12663,1170,Direct product generalized,2024-11,2026-10-04
2,18,12752,1178,Direct product generalized,2024-11,2026-10-04
2,18,12813,1179,Direct product generalized,2024-11,2026-10-04
2,18,12831,1180,Direct product generalized,2024-11,2026-10-04
2,18,12873,1182,Direct product generalized,2024-11,2026-10-04
2,18,13030,1185,Direct product generalized,2024-11,2026-10-04
2,18,13140,1186,Direct product generalized,2024-11,2026-10-04
2,18,13188,1187,Direct product generalized,2024-11,2026-10-04
2,18,13195,1188,Direct product generalized,2024-11,2026-10-04
2,18,13209,1189,Direct product generalized,2024-11,2026-10-04
2,18,13216,1191,Direct product generalized,2024-11,2026-10-04
2,18,13230,1192,Direct product generalized,2024-11,2026-10-04
2,18,13251,1195,Direct product generalized,2024-11,2026-10-04
2,18,13265,1196,Direct product generalized,2024-11,2026-10-04
2,18,13300,1197,Direct product generalized,2024-11,2026-10-04
2,18,13314,1198,Direct product generalized,2024-11,2026-10-04
2,18,13328,1199,Direct product generalized,2024-11,2026-10-04
2,18,13426,1200,Direct product generalized,2024-11,2026-10-04
2,18,13588,1201,Direct product generalized,2024-11,2026-10-04
2,18,13657,1202,Direct product generalized,2024-11,2026-10-04
2,18,13685,1203,Direct product generalized,2024-11,2026-10-04
2,18,13720,1204,Direct product generalized,2024-11,2026-10-04
2,18,13734,1205,Direct product generalized,2024-11,2026-10-04
2,18,13755,1206,Direct product generalized,2024-11,2026-10-04
2,18,13762,1207,Direct product generalized,2024-11,2026-10-04
2,18,13776,1208,Direct product generalized,2024-11,2026-10-04
2,18,13797,1210,Direct product generalized,2024-11,2026-10-04
2,18,13825,1213,Direct product generalized,2024-11,2026-10-04
2,18,13846,1214,Direct product generalized,2024-11,2026-10-04
2,18,13902,1215,Direct product generalized,2024-11,2026-10-04
2,18,13968,1216,Direct product generalized,2024-11,2026-10-04
2,18,14112,1217,Direct product generalized,2024-11,2026-10-04
2,18,14133,1218,Direct product generalized,2024-11,2026-10-04
2,18,14203,1219,Direct product generalized,2024-11,2026-10-04
2,18,14238,1220,Direct product generalized,2024-11,2026-10-04
2,18,14280,1221,Direct product generalized,2024-11,2026-10-04
2,18,14301,1222,Direct product generalized,2024-11,2026-10-04
2,18,14328,1224,Direct product generalized,2024-11,2026-10-04
2,18,14343,1225,Direct product generalized,2024-11,2026-10-04
2,18,14364,1228,Direct product generalized,2024-11,2026-10-04
2,18,14397,1229,Direct product generalized,2024-11,2026-10-04
2,18,14418,1230,Direct product generalized,2024-11,2026-10-04
2,18,14448,1231,Direct product generalized,2024-11,2026-10-04
2,18,14511,1232,Direct product generalized,2024-11,2026-10-04
2,18,14593,1233,Direct product generalized,2024-11,2026-10-04
2,18,14658,1234,Direct product generalized,2024-11,2026-10-04
2,18,14769,1235,Direct product generalized,2024-11,2026-10-04
2,18,14811,1236,Direct product generalized,2024-11,2026-10-04
2,18,14868,1237,Direct product generalized,2024-11,2026-10-04
2,18,14889,1239,Direct product generalized,2024-11,2026-10-04
2,18,14910,1240,Direct product generalized,2024-11,2026-10-04
2,18,14916,1242,Direct product generalized,2024-11,2026-10-04
2,18,14952,1244,Direct product generalized,2024-11,2026-10-04
2,18,15004,1246,Direct product generalized,2024-11,2026-10-04
2,18,15031,1247,Direct product generalized,2024-11,2026-10-04
2,18,15080,1248,Direct product generalized,2024-11,2026-10-04
2,18,15188,1249,Direct product generalized,2024-11,2026-10-04
2,18,15247,1250,Direct product generalized,2024-11,2026-10-04
2,18,15369,1251,Direct product generalized,2024-11,2026-10-04
2,18,15440,1252,Direct product generalized,2024-11,2026-10-04
2,18,15482,1253,Direct product generalized,2024-11,2026-10-04
2,18,15960,1256,Direct product generalized,2024-11,2026-10-04
2,18,16840,1258,PCAxPCA,2024-11,2026-10-04
2,18,16842,1260,Direct product generalized,2024-11,2026-10-04
2,18,17682,1261,PCAxPCA,2024-11,2026-10-04
2,18,18524,1269,PCAxPCA,2024-11,2026-10-04
2,18,19222,1278,Direct product generalized,2024-11,2026-10-04
2,18,20000,1279,Direct product generalized,2024-11,2026-10-04
2,19,20,361,orthogonal array,2024-11,2026-10-04
2,19,21,462,Add a symbol (binary),2024-11,2026-10-04
2,19,22,497,projection (C) postop NCK,2024-11,2026-10-04
2,19,24,499,projection (C) postop NCK,2024-11,2026-10-04
2,19,25,502,projection (C) postop NCK,2024-11,2026-10-04
2,19,26,504,projection (C) postop NCK,2024-11,2026-10-04
2,19,27,507,projection (C) postop NCK,2024-11,2026-10-04
2,19,28,509,projection (C) postop TJ-SA,2024-11,2026-10-04
2,19,29,572,projection (C) postop NCK,2024-11,2026-10-04
2,19,30,574,projection (C) postop NCK,2024-11,2026-10-04
2,19,31,576,projection (C) postop NCK,2024-11,2026-10-04
2,19,32,577,projection (C) postop NCK,2024-11,2026-10-04
2,19,33,637,projection (C) postop NCK,2024-11,2026-10-04
2,19,34,638,projection (C) postop NCK,2024-11,2026-10-04
2,19,35,640,projection (C) postop NCK,2024-11,2026-10-04
2,19,36,645,projection (C) postop NCK,2024-11,2026-10-04
2,19,45,660,Fix 6 symbols (LCDST),2024-11,2026-10-04
2,19,46,673,Fix 6 symbols (LCDST),2024-11,2026-10-04
2,19,47,686,Fix 6 symbols (LCDST),2024-11,2026-10-04
2,19,50,698,simulated annealing (Torres-Jimenez),2024-11,2026-10-04
2,19,399,703,PCAx2PCA,2024-11,2026-10-04
2,19,400,720,Direct product,2024-11,2026-10-04
2,19,456,776,Direct product,2024-11,2026-10-04
2,19,457,793,Direct product generalized,2024-11,2026-10-04
2,19,480,794,Direct product,2024-11,2026-10-04
2,19,500,815,Direct product generalized,2024-11,2026-10-04
2,19,501,826,Direct product generalized,2024-11,2026-10-04
2,19,503,827,Direct product generalized,2024-11,2026-10-04
2,19,505,829,Direct product generalized,2024-11,2026-10-04
2,19,509,830,Direct product generalized,2024-11,2026-10-04
2,19,512,831,Direct product generalized,2024-11,2026-10-04
2,19,517,832,Direct product generalized,2024-11,2026-10-04
2,19,519,833,Direct product generalized,2024-11,2026-10-04
2,19,520,834,Direct product generalized,2024-11,2026-10-04
2,19,521,845,Direct product generalized,2024-11,2026-10-04
2,19,522,846,Direct product generalized,2024-11,2026-10-04
2,19,524,848,Direct product generalized,2024-11,2026-10-04
2,19,540,849,Direct product,2024-11,2026-10-04
2,19,560,851,Direct product,2024-11,2026-10-04
2,19,561,879,Direct product generalized,2024-11,2026-10-04
2,19,562,880,Direct product generalized,2024-11,2026-10-04
2,19,564,881,Direct product generalized,2024-11,2026-10-04
2,19,565,882,Direct product generalized,2024-11,2026-10-04
2,19,570,883,Direct product generalized,2024-11,2026-10-04
2,19,576,884,Direct product generalized,2024-11,2026-10-04
2,19,577,885,Direct product generalized,2024-11,2026-10-04
2,19,578,886,Direct product generalized,2024-11,2026-10-04
2,19,580,887,Direct product generalized,2024-11,2026-10-04
2,19,583,897,Direct product generalized,2024-11,2026-10-04
2,19,585,898,Direct product generalized,2024-11,2026-10-04
2,19,586,899,Direct product generalized,2024-11,2026-10-04
2,19,589,901,Direct product generalized,2024-11,2026-10-04
2,19,593,902,Direct product generalized,2024-11,2026-10-04
2,19,596,903,Direct product generalized,2024-11,2026-10-04
2,19,599,904,Direct product generalized,2024-11,2026-10-04
2,19,600,907,Direct product generalized,2024-11,2026-10-04
2,19,603,917,Direct product generalized,2024-11,2026-10-04
2,19,620,918,Direct product,2024-11,2026-10-04
2,19,640,919,Direct product,2024-11,2026-10-04
2,19,648,922,Direct product,2024-11,2026-10-04
2,19,672,924,Direct product,2024-11,2026-10-04
2,19,678,944,Direct product generalized,2024-11,2026-10-04
2,19,684,945,Direct product generalized,2024-11,2026-10-04
2,19,700,946,Direct product generalized,2024-11,2026-10-04
2,19,705,959,Direct product generalized,2024-11,2026-10-04
2,19,714,960,Direct product generalized,2024-11,2026-10-04
2,19,719,961,Direct product generalized,2024-11,2026-10-04
2,19,725,962,Direct product generalized,2024-11,2026-10-04
2,19,727,963,Direct product generalized,2024-11,2026-10-04
2,19,728,964,Direct product generalized,2024-11,2026-10-04
2,19,729,978,Direct product generalized,2024-11,2026-10-04
2,19,742,979,Direct product generalized,2024-11,2026-10-04
2,19,745,980,Direct product generalized,2024-11,2026-10-04
2,19,755,981,Direct product generalized,2024-11,2026-10-04
2,19,756,982,Direct product generalized,2024-11,2026-10-04
2,19,768,992,Direct product,2024-11,2026-10-04
2,19,770,998,Direct product generalized,2024-11,2026-10-04
2,19,784,999,Direct product,2024-11,2026-10-04
2,19,888,1002,PCAx2PCA,2024-11,2026-10-04
2,19,900,1014,Direct product,2024-11,2026-10-04
2,19,908,1015,PCAx2PCA,2024-11,2026-10-04
2,19,920,1027,Direct product,2024-11,2026-10-04
2,19,928,1028,PCAx2PCA,2024-11,2026-10-04
2,19,952,1040,PCAx2PCA,2024-11,2026-10-04
2,19,7961,1045,PCAx2PCA,2024-11,2026-10-04
2,19,7980,1062,Direct product,2024-11,2026-10-04
2,19,8000,1079,Direct product,2024-11,2026-10-04
2,19,9120,1118,Direct product,2024-11,2026-10-04
2,19,9139,1135,Direct product generalized,2024-11,2026-10-04
2,19,9582,1136,PCAx2PCA,2024-11,2026-10-04
2,19,9600,1153,Direct product,2024-11,2026-10-04
2,19,9680,1157,PCAx2PCA,2024-11,2026-10-04
2,19,10000,1158,PCAxPCA,2024-11,2026-10-04
2,19,10014,1168,Direct product generalized,2024-11,2026-10-04
2,19,10052,1169,Direct product generalized,2024-11,2026-10-04
2,19,10091,1171,Direct product generalized,2024-11,2026-10-04
2,19,10168,1172,Direct product generalized,2024-11,2026-10-04
2,19,10225,1173,Direct product generalized,2024-11,2026-10-04
2,19,10320,1174,Direct product generalized,2024-11,2026-10-04
2,19,10359,1175,Direct product generalized,2024-11,2026-10-04
2,19,10378,1176,Direct product generalized,2024-11,2026-10-04
2,19,10379,1177,Direct product generalized,2024-11,2026-10-04
2,19,10400,1179,PCAxPCA,2024-11,2026-10-04
2,19,10412,1187,Direct product generalized,2024-11,2026-10-04
2,19,10431,1188,Direct product generalized,2024-11,2026-10-04
2,19,10469,1190,Direct product generalized,2024-11,2026-10-04
2,19,10944,1191,Direct product,2024-11,2026-10-04
2,19,11172,1193,Direct product,2024-11,2026-10-04
2,19,11200,1210,PCAxPCA,2024-11,2026-10-04
2,19,11418,1213,Direct product generalized,2024-11,2026-10-04
2,19,11500,1214,Direct product generalized,2024-11,2026-10-04
2,19,11520,1227,Direct product,2024-11,2026-10-04
2,19,11534,1228,Direct product generalized,2024-11,2026-10-04
2,19,11719,1229,Direct product generalized,2024-11,2026-10-04
2,19,11831,1230,Direct product generalized,2024-11,2026-10-04
2,19,12000,1231,Direct product,2024-11,2026-10-04
2,19,12020,1233,Direct product generalized,2024-11,2026-10-04
2,19,12038,1238,Direct product generalized,2024-11,2026-10-04
2,19,12067,1245,Direct product generalized,2024-11,2026-10-04
2,19,12128,1246,Direct product generalized,2024-11,2026-10-04
2,19,12158,1247,Direct product generalized,2024-11,2026-10-04
2,19,12256,1248,Direct product generalized,2024-11,2026-10-04
2,19,12318,1249,Direct product generalized,2024-11,2026-10-04
2,19,12346,1250,Direct product generalized,2024-11,2026-10-04
2,19,12480,1251,Direct product generalized,2024-11,2026-10-04
2,19,12500,1252,Direct product generalized,2024-11,2026-10-04
2,19,12539,1253,Direct product generalized,2024-11,2026-10-04
2,19,12542,1254,Direct product generalized,2024-11,2026-10-04
2,19,12560,1255,Direct product generalized,2024-11,2026-10-04
2,19,12564,1257,Direct product generalized,2024-11,2026-10-04
2,19,12580,1258,Direct product generalized,2024-11,2026-10-04
2,19,12581,1259,Direct product generalized,2024-11,2026-10-04
2,19,12583,1260,Direct product generalized,2024-11,2026-10-04
2,19,12768,1261,Direct product,2024-11,2026-10-04
2,19,12935,1264,PCAx2PCA,2024-11,2026-10-04
2,19,12960,1265,PCAxPCA,2024-11,2026-10-04
2,19,13414,1266,PCAx2PCA,2024-11,2026-10-04
2,19,13440,1268,PCAxPCA,2024-11,2026-10-04
2,19,13520,1286,PCAx2PCA,2024-11,2026-10-04
2,19,13680,1287,PCAx2PCA,2024-11,2026-10-04
2,19,14000,1288,PCAx2PCA,2024-11,2026-10-04
2,19,14040,1305,PCAxPCA,2024-11,2026-10-04
2,19,14060,1306,PCAxPCA,2024-11,2026-10-04
2,19,14180,1307,PCAxPCA,2024-11,2026-10-04
2,19,14560,1308,PCAxPCA,2024-11,2026-10-04
2,19,14580,1323,PCAxPCA,2024-11,2026-10-04
2,19,14600,1324,PCAxPCA,2024-11,2026-10-04
2,19,14820,1325,PCAxPCA,2024-11,2026-10-04
2,19,15120,1326,PCAxPCA,2024-11,2026-10-04
2,19,15330,1334,PCAx2PCA,2024-11,2026-10-04
2,19,15360,1336,PCAxPCA,2024-11,2026-10-04
2,19,15552,1338,Direct product,2024-11,2026-10-04
2,19,16128,1341,Direct product,2024-11,2026-10-04
2,19,17727,1344,PCAx2PCA,2024-11,2026-10-04
2,19,17955,1356,Direct product,2024-11,2026-10-04
2,19,18126,1357,PCAx2PCA,2024-11,2026-10-04
2,19,18354,1369,Direct product,2024-11,2026-10-04
2,19,18525,1370,PCAx2PCA,2024-11,2026-10-04
2,19,19038,1382,PCAx2PCA,2024-11,2026-10-04
2,19,20000,1387,Direct product,2024-11,2026-10-04
2,20,6,400,orthogonal array,2024-11,2026-10-04
2,20,7,423,Add Factor SO (AG-TJ-IM),2024-11,2026-10-04
2,20,9,425,Add Factor SO (AG-TJ-IM),2024-11,2026-10-04
2,20,10,427,Add Factor SO (AG-TJ-IM),2024-11,2026-10-04
2,20,13,429,Add Factor SO (AG-TJ-IM),2024-11,2026-10-04
2,20,14,434,Add Factor SO (AG-TJ-IM),2024-11,2026-10-04
2,20,16,435,Add Factor SO (AG-TJ-IM),2024-11,2026-10-04
2,20,17,440,Add Factor SO (AG-TJ-IM),2024-11,2026-10-04
2,20,18,443,Add Factor SO (AG-TJ-IM),2024-11,2026-10-04
2,20,19,447,Add Factor SO (AG-TJ-IM),2024-11,2026-10-04
2,20,20,451,Add Factor SO (AG-TJ-IM),2024-11,2026-10-04
2,20,22,504,Add Factor SO (AG-TJ-IM),2024-11,2026-10-04
2,20,24,506,Add Factor SO (AG-TJ-IM),2024-11,2026-10-04
2,20,25,512,projection (C) postop NCK,2024-11,2026-10-04
2,20,26,517,projection (C) postop NCK,2024-11,2026-10-04
2,20,27,520,projection (C) postop TJ-SA,2024-11,2026-10-04
2,20,28,586,projection (C) postop NCK,2024-11,2026-10-04
2,20,29,589,projection (C) postop NCK,2024-11,2026-10-04
2,20,30,590,projection (C) postop NCK,2024-11,2026-10-04
2,20,31,592,projection (C) postop NCK,2024-11,2026-10-04
2,20,32,659,projection (C) postop NCK,2024-11,2026-10-04
2,20,33,661,projection (C) postop NCK,2024-11,2026-10-04
2,20,34,663,projection (C) postop NCK,2024-11,2026-10-04
2,20,35,666,projection (C) postop NCK,2024-11,2026-10-04
2,20,36,679,projection (C) postop NCK,2024-11,2026-10-04
2,20,37,685,simulated annealing (Torres-Jimenez) postop NCK,2024-11,2026-10-04
2,20,38,707,simulated annealing (Torres-Jimenez) postop NCK,2024-11,2026-10-04
2,20,39,740,projection (C) postop NCK,2024-11,2026-10-04
2,20,43,754,Fix 5 symbols (LCDST) postop TJ-SA,2024-11,2026-10-04
2,20,45,755,Fix 5 symbols (LCDST) postop TJ-SA,2024-11,2026-10-04
2,20,47,756,Fix 5 symbols (LCDST),2024-11,2026-10-04
2,20,49,761,Fix 6 symbols (LCDST),2024-11,2026-10-04
2,20,50,775,Fix 6 symbols (LCDST),2024-11,2026-10-04
2,20,51,789,Fix 6 symbols (LCDST),2024-11,2026-10-04
2,20,54,793,Fix 7 symbols (LCDST),2024-11,2026-10-04
2,20,55,806,Fix 7 symbols (LCDST),2024-11,2026-10-04
2,20,60,807,PCAxPCA,2024-11,2026-10-04
2,20,78,809,PCAxPCA,2024-11,2026-10-04
2,20,84,814,PCAxPCA,2024-11,2026-10-04
2,20,96,815,PCAxPCA,2024-11,2026-10-04
2,20,102,820,PCAxPCA,2024-11,2026-10-04
2,20,108,823,PCAxPCA,2024-11,2026-10-04
2,20,114,827,PCAxPCA,2024-11,2026-10-04
2,20,120,831,PCAxPCA,2024-11,2026-10-04
2,20,130,836,Direct product,2024-11,2026-10-04
2,20,169,838,Direct product,2024-11,2026-10-04
2,20,182,843,Direct product,2024-11,2026-10-04
2,20,208,844,Direct product,2024-11,2026-10-04
2,20,224,849,Direct product,2024-11,2026-10-04
2,20,256,850,Direct product,2024-11,2026-10-04
2,20,272,855,Direct product,2024-11,2026-10-04
2,20,288,858,Direct product,2024-11,2026-10-04
2,20,289,860,Direct product,2024-11,2026-10-04
2,20,304,862,Direct product,2024-11,2026-10-04
2,20,306,863,Direct product,2024-11,2026-10-04
2,20,324,866,Direct product,2024-11,2026-10-04
2,20,342,870,Direct product,2024-11,2026-10-04
2,20,384,874,Direct product,2024-11,2026-10-04
2,20,385,878,Direct product generalized,2024-11,2026-10-04
2,20,408,879,Direct product,2024-11,2026-10-04
2,20,409,881,Direct product generalized,2024-11,2026-10-04
2,20,432,882,Direct product,2024-11,2026-10-04
2,20,433,885,Direct product generalized,2024-11,2026-10-04
2,20,456,886,Direct product,2024-11,2026-10-04
2,20,457,889,Direct product generalized,2024-11,2026-10-04
2,20,480,890,Direct product,2024-11,2026-10-04
2,20,500,911,Direct product generalized,2024-11,2026-10-04
2,20,502,926,Direct product generalized,2024-11,2026-10-04
2,20,506,927,Direct product generalized,2024-11,2026-10-04
2,20,512,928,Direct product generalized,2024-11,2026-10-04
2,20,516,929,Direct product generalized,2024-11,2026-10-04
2,20,518,930,Direct product generalized,2024-11,2026-10-04
2,20,519,931,Direct product generalized,2024-11,2026-10-04
2,20,520,932,Direct product generalized,2024-11,2026-10-04
2,20,528,943,Direct product,2024-11,2026-10-04
2,20,533,944,Direct product generalized,2024-11,2026-10-04
2,20,552,945,Direct product,2024-11,2026-10-04
2,20,553,948,Direct product generalized,2024-11,2026-10-04
2,20,576,949,Direct product,2024-11,2026-10-04
2,20,600,951,Direct product,2024-11,2026-10-04
2,20,601,954,Direct product generalized,2024-11,2026-10-04
2,20,624,955,Direct product,2024-11,2026-10-04
2,20,625,957,Direct product generalized,2024-11,2026-10-04
2,20,648,958,Direct product,2024-11,2026-10-04
2,20,653,977,Direct product generalized,2024-11,2026-10-04
2,20,659,979,Direct product generalized,2024-11,2026-10-04
2,20,675,980,Direct product generalized,2024-11,2026-10-04
2,20,682,994,Direct product generalized,2024-11,2026-10-04
2,20,687,995,Direct product generalized,2024-11,2026-10-04
2,20,693,996,Direct product generalized,2024-11,2026-10-04
2,20,698,997,Direct product generalized,2024-11,2026-10-04
2,20,700,998,Direct product generalized,2024-11,2026-10-04
2,20,701,999,Direct product generalized,2024-11,2026-10-04
2,20,702,1000,Direct product generalized,2024-11,2026-10-04
2,20,713,1013,Direct product generalized,2024-11,2026-10-04
2,20,715,1014,Direct product generalized,2024-11,2026-10-04
2,20,729,1017,Direct product generalized,2024-11,2026-10-04
2,20,741,1020,Direct product generalized,2024-11,2026-10-04
2,20,745,1026,Direct product generalized,2024-11,2026-10-04
2,20,749,1029,Direct product generalized,2024-11,2026-10-04
2,20,753,1030,Direct product generalized,2024-11,2026-10-04
2,20,757,1032,Direct product generalized,2024-11,2026-10-04
2,20,760,1046,Direct product generalized,2024-11,2026-10-04
2,20,764,1049,Direct product generalized,2024-11,2026-10-04
2,20,766,1050,Direct product generalized,2024-11,2026-10-04
2,20,768,1051,Direct product generalized,2024-11,2026-10-04
2,20,775,1052,Direct product generalized,2024-11,2026-10-04
2,20,777,1054,Direct product generalized,2024-11,2026-10-04
2,20,780,1055,Direct product generalized,2024-11,2026-10-04
2,20,781,1056,Direct product generalized,2024-11,2026-10-04
2,20,783,1057,Direct product generalized,2024-11,2026-10-04
2,20,787,1067,Direct product generalized,2024-11,2026-10-04
2,20,795,1068,Direct product generalized,2024-11,2026-10-04
2,20,801,1069,Direct product generalized,2024-11,2026-10-04
2,20,804,1070,Direct product generalized,2024-11,2026-10-04
2,20,805,1071,Direct product generalized,2024-11,2026-10-04
2,20,806,1072,Direct product generalized,2024-11,2026-10-04
2,20,808,1075,Direct product generalized,2024-11,2026-10-04
2,20,810,1076,Direct product generalized,2024-11,2026-10-04
2,20,823,1087,Direct product generalized,2024-11,2026-10-04
2,20,837,1089,Direct product generalized,2024-11,2026-10-04
2,20,849,1092,Direct product generalized,2024-11,2026-10-04
2,20,852,1099,Direct product generalized,2024-11,2026-10-04
2,20,856,1100,Direct product generalized,2024-11,2026-10-04
2,20,860,1102,Direct product generalized,2024-11,2026-10-04
2,20,864,1104,Direct product generalized,2024-11,2026-10-04
2,20,867,1105,Direct product generalized,2024-11,2026-10-04
2,20,871,1108,Direct product generalized,2024-11,2026-10-04
2,20,875,1119,Direct product generalized,2024-11,2026-10-04
2,20,878,1120,Direct product generalized,2024-11,2026-10-04
2,20,881,1122,Direct product generalized,2024-11,2026-10-04
2,20,888,1123,Direct product,2024-11,2026-10-04
2,20,891,1126,Direct product generalized,2024-11,2026-10-04
2,20,896,1127,Direct product generalized,2024-11,2026-10-04
2,20,897,1128,Direct product generalized,2024-11,2026-10-04
2,20,899,1129,Direct product generalized,2024-11,2026-10-04
2,20,903,1139,Direct product generalized,2024-11,2026-10-04
2,20,909,1144,Direct product generalized,2024-11,2026-10-04
2,20,925,1145,Direct product generalized,2024-11,2026-10-04
2,20,928,1147,Direct product generalized,2024-11,2026-10-04
2,20,930,1148,Direct product generalized,2024-11,2026-10-04
2,20,934,1155,Direct product generalized,2024-11,2026-10-04
2,20,938,1156,Direct product generalized,2024-11,2026-10-04
2,20,941,1157,Direct product generalized,2024-11,2026-10-04
2,20,942,1158,Direct product generalized,2024-11,2026-10-04
2,20,946,1159,Direct product generalized,2024-11,2026-10-04
2,20,949,1160,Direct product generalized,2024-11,2026-10-04
2,20,954,1161,Direct product generalized,2024-11,2026-10-04
2,20,958,1162,Direct product generalized,2024-11,2026-10-04
2,20,960,1163,Direct product generalized,2024-11,2026-10-04
2,20,963,1164,Direct product generalized,2024-11,2026-10-04
2,20,974,1165,Direct product generalized,2024-11,2026-10-04
2,20,975,1167,Direct product generalized,2024-11,2026-10-04
2,20,978,1168,Direct product generalized,2024-11,2026-10-04
2,20,989,1176,Direct product generalized,2024-11,2026-10-04
2,20,992,1179,Direct product generalized,2024-11,2026-10-04
2,20,993,1180,Direct product generalized,2024-11,2026-10-04
2,20,1015,1182,Direct product generalized,2024-11,2026-10-04
2,20,1016,1185,Direct product generalized,2024-11,2026-10-04
2,20,1028,1190,Direct product generalized,2024-11,2026-10-04
2,20,1040,1194,Direct product generalized,2024-11,2026-10-04
2,20,1046,1199,Direct product generalized,2024-11,2026-10-04
2,20,1066,1207,Direct product generalized,2024-11,2026-10-04
2,20,1082,1210,Direct product generalized,2024-11,2026-10-04
2,20,1128,1212,Direct product,2024-11,2026-10-04
2,20,1130,1216,Direct product generalized,2024-11,2026-10-04
2,20,1176,1217,Direct product,2024-11,2026-10-04
2,20,1248,1224,PCAxPCA,2024-11,2026-10-04
2,20,1344,1229,PCAxPCA,2024-11,2026-10-04
2,20,1536,1230,PCAxPCA,2024-11,2026-10-04
2,20,1632,1235,PCAxPCA,2024-11,2026-10-04
2,20,1728,1238,PCAxPCA,2024-11,2026-10-04
2,20,1734,1240,PCAxPCA,2024-11,2026-10-04
2,20,1824,1242,PCAxPCA,2024-11,2026-10-04
2,20,1836,1243,PCAxPCA,2024-11,2026-10-04
2,20,1944,1246,PCAxPCA,2024-11,2026-10-04
2,20,2197,1247,Direct product,2024-11,2026-10-04
2,20,2366,1252,Direct product,2024-11,2026-10-04
2,20,2704,1253,Direct product,2024-11,2026-10-04
2,20,2912,1258,Direct product,2024-11,2026-10-04
2,20,3328,1259,Direct product,2024-11,2026-10-04
2,20,3584,1264,Direct product,2024-11,2026-10-04
2,20,4096,1265,Direct product,2024-11,2026-10-04
2,20,4352,1270,Direct product,2024-11,2026-10-04
2,20,4608,1273,Direct product,2024-11,2026-10-04
2,20,4624,1275,Direct product,2024-11,2026-10-04
2,20,4864,1277,Direct product,2024-11,2026-10-04
2,20,4896,1278,Direct product,2024-11,2026-10-04
2,20,4913,1280,Direct product,2024-11,2026-10-04
2,20,5184,1281,Direct product,2024-11,2026-10-04
2,20,5202,1283,Direct product,2024-11,2026-10-04
2,20,5472,1285,Direct product,2024-11,2026-10-04
2,20,5508,1286,Direct product,2024-11,2026-10-04
2,20,6144,1289,Direct product,2024-11,2026-10-04
2,20,6160,1293,Direct product,2024-11,2026-10-04
2,20,6528,1294,Direct product,2024-11,2026-10-04
2,20,6544,1296,Direct product,2024-11,2026-10-04
2,20,6912,1297,Direct product,2024-11,2026-10-04
2,20,6936,1299,Direct product,2024-11,2026-10-04
2,20,7296,1301,Direct product,2024-11,2026-10-04
2,20,7344,1302,Direct product,2024-11,2026-10-04
2,20,7362,1304,Direct product,2024-11,2026-10-04
2,20,7776,1305,Direct product,2024-11,2026-10-04
2,20,7794,1308,Direct product,2024-11,2026-10-04
2,20,8208,1309,Direct product,2024-11,2026-10-04
2,20,8880,1312,Direct product,2024-11,2026-10-04
2,20,9200,1315,Direct product generalized,2024-11,2026-10-04
2,20,9432,1317,Direct product,2024-11,2026-10-04
2,20,9455,1319,Direct product generalized,2024-11,2026-10-04
2,20,9984,1320,Direct product,2024-11,2026-10-04
2,20,10350,1323,Direct product generalized,2024-11,2026-10-04
2,20,10536,1324,Direct product,2024-11,2026-10-04
2,20,10925,1327,Direct product generalized,2024-11,2026-10-04
2,20,11088,1328,Direct product,2024-11,2026-10-04
2,20,11500,1331,Direct product generalized,2024-11,2026-10-04
2,20,11520,1347,Direct product,2024-11,2026-10-04
2,20,11616,1349,Direct product,2024-11,2026-10-04
2,20,12000,1350,Direct product,2024-11,2026-10-04
2,20,12020,1351,Direct product generalized,2024-11,2026-10-04
2,20,12027,1367,Direct product generalized,2024-11,2026-10-04
2,20,12115,1368,Direct product generalized,2024-11,2026-10-04
2,20,12207,1369,Direct product generalized,2024-11,2026-10-04
2,20,12480,1370,Direct product generalized,2024-11,2026-10-04
2,20,12500,1371,Direct product generalized,2024-11,2026-10-04
2,20,12503,1372,Direct product generalized,2024-11,2026-10-04
2,20,12560,1373,Direct product generalized,2024-11,2026-10-04
2,20,12572,1382,Direct product generalized,2024-11,2026-10-04
2,20,12768,1383,Direct product,2024-11,2026-10-04
2,20,12912,1385,Direct product,2024-11,2026-10-04
2,20,13248,1386,Direct product,2024-11,2026-10-04
2,20,13392,1387,Direct product,2024-11,2026-10-04
2,20,13824,1388,Direct product,2024-11,2026-10-04
2,20,13848,1389,Direct product,2024-11,2026-10-04
2,20,14400,1391,Direct product,2024-11,2026-10-04
2,20,14424,1394,Direct product generalized,2024-11,2026-10-04
2,20,14976,1395,Direct product,2024-11,2026-10-04
2,20,15000,1397,Direct product generalized,2024-11,2026-10-04
2,20,15552,1398,Direct product,2024-11,2026-10-04
2,20,15555,1414,Direct product generalized,2024-11,2026-10-04
2,20,15624,1415,Direct product,2024-11,2026-10-04
2,20,15648,1416,Direct product,2024-11,2026-10-04
2,20,15816,1417,Direct product,2024-11,2026-10-04
2,20,16200,1418,Direct product,2024-11,2026-10-04
2,20,16281,1420,Direct product generalized,2024-11,2026-10-04
2,20,16374,1434,Direct product generalized,2024-11,2026-10-04
2,20,16496,1435,Direct product generalized,2024-11,2026-10-04
2,20,16654,1436,Direct product generalized,2024-11,2026-10-04
2,20,16809,1437,Direct product generalized,2024-11,2026-10-04
2,20,16858,1438,Direct product generalized,2024-11,2026-10-04
2,20,16892,1439,Direct product generalized,2024-11,2026-10-04
2,20,16936,1440,Direct product generalized,2024-11,2026-10-04
2,20,16956,1441,Direct product generalized,2024-11,2026-10-04
2,20,16967,1442,Direct product generalized,2024-11,2026-10-04
2,20,16983,1443,Direct product generalized,2024-11,2026-10-04
2,20,16986,1444,Direct product generalized,2024-11,2026-10-04
2,20,16987,1445,Direct product generalized,2024-11,2026-10-04
2,20,16994,1446,Direct product generalized,2024-11,2026-10-04
2,20,17010,1447,Direct product generalized,2024-11,2026-10-04
2,20,17013,1449,Direct product generalized,2024-11,2026-10-04
2,20,17014,1450,Direct product generalized,2024-11,2026-10-04
2,20,17030,1451,Direct product generalized,2024-11,2026-10-04
2,20,17160,1452,Direct product,2024-11,2026-10-04
2,20,17193,1453,Direct product generalized,2024-11,2026-10-04
2,20,17454,1454,Direct product generalized,2024-11,2026-10-04
2,20,17496,1455,Direct product,2024-11,2026-10-04
2,20,18030,1457,Direct product generalized,2024-11,2026-10-04
2,20,18135,1460,Direct product generalized,2024-11,2026-10-04
2,20,18144,1461,Direct product generalized,2024-11,2026-10-04
2,20,18171,1466,Direct product generalized,2024-11,2026-10-04
2,20,18180,1468,Direct product generalized,2024-11,2026-10-04
2,20,18216,1469,Direct product generalized,2024-11,2026-10-04
2,20,18243,1470,Direct product generalized,2024-11,2026-10-04
2,20,18252,1471,Direct product generalized,2024-11,2026-10-04
2,20,18297,1472,Direct product generalized,2024-11,2026-10-04
2,20,18336,1474,Direct product generalized,2024-11,2026-10-04
2,20,18515,1476,Direct product generalized,2024-11,2026-10-04
2,20,18867,1477,Direct product generalized,2024-11,2026-10-04
2,20,18975,1480,Direct product generalized,2024-11,2026-10-04
2,20,19030,1492,Direct product generalized,2024-11,2026-10-04
2,20,19090,1493,Direct product generalized,2024-11,2026-10-04
2,20,19117,1495,Direct product generalized,2024-11,2026-10-04
2,20,19187,1496,Direct product generalized,2024-11,2026-10-04
2,20,19204,1497,Direct product generalized,2024-11,2026-10-04
2,20,19467,1498,Direct product generalized,2024-11,2026-10-04
2,20,19491,1499,Direct product generalized,2024-11,2026-10-04
2,20,19602,1501,Direct product generalized,2024-11,2026-10-04
2,20,19656,1506,Direct product generalized,2024-11,2026-10-04
2,20,19695,1507,Direct product generalized,2024-11,2026-10-04
2,20,19791,1509,Direct product generalized,2024-11,2026-10-04
2,20,19845,1510,Direct product generalized,2024-11,2026-10-04
2,20,19904,1511,Direct product generalized,2024-11,2026-10-04
2,20,19920,1512,Direct product generalized,2024-11,2026-10-04
2,20,19980,1513,Direct product generalized,2024-11,2026-10-04
2,20,20000,1514,Direct product generalized,2024-11,2026-10-04
2,21,7,441,orthogonal array,2024-11,2026-10-04
2,21,8,480,Add Factor SO (AG-TJ-IM),2024-11,2026-10-04
2,21,9,487,Add Factor SO (AG-TJ-IM),2024-11,2026-10-04
2,21,10,493,Add Factor SO (AG-TJ-IM),2024-11,2026-10-04
2,21,11,502,Add Factor SO (AG-TJ-IM),2024-11,2026-10-04
2,21,12,507,Add Factor SO (AG-TJ-IM),2024-11,2026-10-04
2,21,13,508,Add Factor SO (AG-TJ-IM),2024-11,2026-10-04
2,21,14,510,Add Factor SO (AG-TJ-IM),2024-11,2026-10-04
2,21,15,511,Add Factor SO (AG-TJ-IM),2024-11,2026-10-04
2,21,16,512,Add Factor SO (AG-TJ-IM),2024-11,2026-10-04
2,21,17,513,Add Factor SO (AG-TJ-IM),2024-11,2026-10-04
2,21,18,514,Add Factor SO (AG-TJ-IM),2024-11,2026-10-04
2,21,20,515,Add Factor SO (AG-TJ-IM),2024-11,2026-10-04
2,21,21,516,Add Factor SO (AG-TJ-IM),2024-11,2026-10-04
2,21,23,517,Add Factor SO (AG-TJ-IM),2024-11,2026-10-04
2,21,24,518,Add Factor SO (AG-TJ-IM),2024-11,2026-10-04
2,21,25,523,projection (C) postop NCK,2024-11,2026-10-04
2,21,26,526,projection (C) postop TJ-SA,2024-11,2026-10-04
2,21,27,598,projection (C) postop NCK,2024-11,2026-10-04
2,21,28,601,projection (C) postop NCK,2024-11,2026-10-04
2,21,29,605,projection (C) postop NCK,2024-11,2026-10-04
2,21,30,609,projection (C) postop NCK,2024-11,2026-10-04
2,21,31,677,projection (C) postop NCK,2024-11,2026-10-04
2,21,33,680,projection (C) postop NCK,2024-11,2026-10-04
2,21,34,683,projection (C) postop NCK,2024-11,2026-10-04
2,21,35,752,projection (C) postop NCK,2024-11,2026-10-04
2,21,36,754,projection (C) postop NCK,2024-11,2026-10-04
2,21,37,757,projection (C) postop NCK,2024-11,2026-10-04
2,21,38,761,projection (C) postop NCK,2024-11,2026-10-04
2,21,40,810,simulated annealing (Torres-Jimenez),2024-11,2026-10-04
2,21,42,833,projection (C) postop NCK,2024-11,2026-10-04
2,21,54,847,Fix 7 symbols (LCDST),2024-11,2026-10-04
2,21,55,861,Fix 7 symbols (LCDST),2024-11,2026-10-04
2,21,56,875,Fix 7 symbols (LCDST),2024-11,2026-10-04
2,21,57,889,Fix 7 symbols (LCDST),2024-11,2026-10-04
2,21,144,902,Direct product,2024-11,2026-10-04
2,21,145,906,Direct product generalized,2024-11,2026-10-04
2,21,168,907,Direct product,2024-11,2026-10-04
2,21,175,928,Direct product generalized,2024-11,2026-10-04
2,21,192,943,Direct product,2024-11,2026-10-04
2,21,193,949,Direct product generalized,2024-11,2026-10-04
2,21,216,950,Direct product,2024-11,2026-10-04
2,21,217,955,Direct product generalized,2024-11,2026-10-04
2,21,240,956,Direct product,2024-11,2026-10-04
2,21,241,964,Direct product generalized,2024-11,2026-10-04
2,21,264,965,Direct product,2024-11,2026-10-04
2,21,265,971,Direct product generalized,2024-11,2026-10-04
2,21,288,972,Direct product,2024-11,2026-10-04
2,21,312,973,Direct product,2024-11,2026-10-04
2,21,336,974,Direct product,2024-11,2026-10-04
2,21,360,975,Direct product,2024-11,2026-10-04
2,21,384,976,Direct product,2024-11,2026-10-04
2,21,432,977,Direct product,2024-11,2026-10-04
2,21,480,978,Direct product,2024-11,2026-10-04
2,21,528,979,Direct product,2024-11,2026-10-04
2,21,552,980,Direct product,2024-11,2026-10-04
2,21,553,981,Direct product generalized,2024-11,2026-10-04
2,21,576,982,Direct product,2024-11,2026-10-04
2,21,577,983,Direct product generalized,2024-11,2026-10-04
2,21,600,984,Direct product,2024-11,2026-10-04
2,21,601,986,Direct product generalized,2024-11,2026-10-04
2,21,624,987,Direct product,2024-11,2026-10-04
2,21,628,1006,Direct product generalized,2024-11,2026-10-04
2,21,633,1008,Direct product generalized,2024-11,2026-10-04
2,21,650,1009,Direct product generalized,2024-11,2026-10-04
2,21,657,1025,Direct product generalized,2024-11,2026-10-04
2,21,676,1027,Direct product,2024-11,2026-10-04
2,21,678,1039,Direct product generalized,2024-11,2026-10-04
2,21,680,1042,Direct product generalized,2024-11,2026-10-04
2,21,682,1046,Direct product generalized,2024-11,2026-10-04
2,21,684,1050,Direct product generalized,2024-11,2026-10-04
2,21,702,1051,Direct product generalized,2024-11,2026-10-04
2,21,708,1067,Direct product generalized,2024-11,2026-10-04
2,21,718,1068,Direct product generalized,2024-11,2026-10-04
2,21,722,1069,Direct product generalized,2024-11,2026-10-04
2,21,727,1070,Direct product generalized,2024-11,2026-10-04
2,21,728,1071,Direct product generalized,2024-11,2026-10-04
2,21,729,1087,Direct product generalized,2024-11,2026-10-04
2,21,734,1088,Direct product generalized,2024-11,2026-10-04
2,21,740,1089,Direct product generalized,2024-11,2026-10-04
2,21,749,1090,Direct product generalized,2024-11,2026-10-04
2,21,752,1091,Direct product generalized,2024-11,2026-10-04
2,21,754,1092,Direct product generalized,2024-11,2026-10-04
2,21,761,1107,Direct product generalized,2024-11,2026-10-04
2,21,767,1108,Direct product generalized,2024-11,2026-10-04
2,21,775,1109,Direct product generalized,2024-11,2026-10-04
2,21,780,1110,Direct product,2024-11,2026-10-04
2,21,782,1118,Direct product generalized,2024-11,2026-10-04
2,21,784,1121,Direct product generalized,2024-11,2026-10-04
2,21,786,1122,Direct product generalized,2024-11,2026-10-04
2,21,788,1124,Direct product generalized,2024-11,2026-10-04
2,21,796,1126,Direct product generalized,2024-11,2026-10-04
2,21,800,1127,Direct product generalized,2024-11,2026-10-04
2,21,803,1128,Direct product generalized,2024-11,2026-10-04
2,21,806,1129,Direct product generalized,2024-11,2026-10-04
2,21,810,1134,Direct product generalized,2024-11,2026-10-04
2,21,816,1144,Direct product,2024-11,2026-10-04
2,21,820,1148,Direct product generalized,2024-11,2026-10-04
2,21,822,1149,Direct product generalized,2024-11,2026-10-04
2,21,826,1150,Direct product generalized,2024-11,2026-10-04
2,21,830,1151,Direct product generalized,2024-11,2026-10-04
2,21,834,1152,Direct product generalized,2024-11,2026-10-04
2,21,839,1153,Direct product generalized,2024-11,2026-10-04
2,21,840,1154,Direct product generalized,2024-11,2026-10-04
2,21,841,1164,Direct product generalized,2024-11,2026-10-04
2,21,848,1165,Direct product generalized,2024-11,2026-10-04
2,21,853,1166,Direct product generalized,2024-11,2026-10-04
2,21,858,1167,Direct product generalized,2024-11,2026-10-04
2,21,865,1173,Direct product generalized,2024-11,2026-10-04
2,21,868,1174,Direct product generalized,2024-11,2026-10-04
2,21,870,1175,Direct product generalized,2024-11,2026-10-04
2,21,884,1184,Direct product,2024-11,2026-10-04
2,21,887,1191,Direct product generalized,2024-11,2026-10-04
2,21,895,1192,Direct product generalized,2024-11,2026-10-04
2,21,900,1193,Direct product generalized,2024-11,2026-10-04
2,21,905,1206,Direct product generalized,2024-11,2026-10-04
2,21,910,1207,Direct product generalized,2024-11,2026-10-04
2,21,918,1208,Direct product generalized,2024-11,2026-10-04
2,21,920,1209,Direct product generalized,2024-11,2026-10-04
2,21,924,1210,Direct product generalized,2024-11,2026-10-04
2,21,927,1211,Direct product generalized,2024-11,2026-10-04
2,21,930,1212,Direct product generalized,2024-11,2026-10-04
2,21,931,1224,Direct product generalized,2024-11,2026-10-04
2,21,941,1225,Direct product generalized,2024-11,2026-10-04
2,21,946,1226,Direct product generalized,2024-11,2026-10-04
2,21,951,1227,Direct product generalized,2024-11,2026-10-04
2,21,952,1228,Direct product generalized,2024-11,2026-10-04
2,21,954,1233,Direct product generalized,2024-11,2026-10-04
2,21,957,1234,Direct product generalized,2024-11,2026-10-04
2,21,958,1235,Direct product generalized,2024-11,2026-10-04
2,21,960,1236,Direct product generalized,2024-11,2026-10-04
2,21,969,1246,Direct product generalized,2024-11,2026-10-04
2,21,981,1247,Direct product generalized,2024-11,2026-10-04
2,21,984,1248,Direct product generalized,2024-11,2026-10-04
2,21,986,1249,Direct product generalized,2024-11,2026-10-04
2,21,990,1250,Direct product generalized,2024-11,2026-10-04
2,21,996,1264,Direct product generalized,2024-11,2026-10-04
2,21,1007,1265,Direct product generalized,2024-11,2026-10-04
2,21,1015,1266,Direct product generalized,2024-11,2026-10-04
2,21,1020,1267,Direct product generalized,2024-11,2026-10-04
2,21,1021,1281,Direct product generalized,2024-11,2026-10-04
2,21,1029,1282,Direct product generalized,2024-11,2026-10-04
2,21,1041,1283,Direct product generalized,2024-11,2026-10-04
2,21,1048,1284,Direct product generalized,2024-11,2026-10-04
2,21,1051,1285,Direct product generalized,2024-11,2026-10-04
2,21,1054,1286,Direct product generalized,2024-11,2026-10-04
2,21,1055,1303,Direct product generalized,2024-11,2026-10-04
2,21,1063,1304,Direct product generalized,2024-11,2026-10-04
2,21,1070,1305,Direct product generalized,2024-11,2026-10-04
2,21,1075,1306,Direct product generalized,2024-11,2026-10-04
2,21,1080,1307,Direct product generalized,2024-11,2026-10-04
2,21,1085,1308,Direct product generalized,2024-11,2026-10-04
2,21,1086,1309,Direct product generalized,2024-11,2026-10-04
2,21,1088,1310,Direct product generalized,2024-11,2026-10-04
2,21,1100,1321,Direct product generalized,2024-11,2026-10-04
2,21,1296,1322,Direct product,2024-11,2026-10-04
2,21,1297,1335,Direct product generalized,2024-11,2026-10-04
2,21,1320,1336,Direct product,2024-11,2026-10-04
2,21,1335,1343,Direct product generalized,2024-11,2026-10-04
2,21,1357,1344,Direct product generalized,2024-11,2026-10-04
2,21,1395,1348,Direct product generalized,2024-11,2026-10-04
2,21,1404,1352,Direct product,2024-11,2026-10-04
2,21,1406,1353,Direct product generalized,2024-11,2026-10-04
2,21,1410,1358,Direct product generalized,2024-11,2026-10-04
2,21,1432,1362,Direct product generalized,2024-11,2026-10-04
2,21,3456,1363,Direct product,2024-11,2026-10-04
2,21,3475,1367,Direct product generalized,2024-11,2026-10-04
2,21,3912,1368,Direct product,2024-11,2026-10-04
2,21,4025,1369,Direct product generalized,2024-11,2026-10-04
2,21,4032,1373,Direct product,2024-11,2026-10-04
2,21,4039,1389,Direct product generalized,2024-11,2026-10-04
2,21,4207,1390,Direct product generalized,2024-11,2026-10-04
2,21,4221,1395,Direct product generalized,2024-11,2026-10-04
2,21,4464,1404,Direct product,2024-11,2026-10-04
2,21,4600,1405,Direct product generalized,2024-11,2026-10-04
2,21,4602,1410,Direct product generalized,2024-11,2026-10-04
2,21,5016,1411,Direct product,2024-11,2026-10-04
2,21,5175,1412,Direct product generalized,2024-11,2026-10-04
2,21,5568,1417,Direct product,2024-11,2026-10-04
2,21,5750,1418,Direct product generalized,2024-11,2026-10-04
2,21,6120,1426,Direct product,2024-11,2026-10-04
2,21,6325,1427,Direct product generalized,2024-11,2026-10-04
2,21,6672,1433,Direct product,2024-11,2026-10-04
2,21,7224,1434,Direct product,2024-11,2026-10-04
2,21,7776,1435,Direct product,2024-11,2026-10-04
2,21,8640,1436,Direct product,2024-11,2026-10-04
2,21,8880,1437,Direct product,2024-11,2026-10-04
2,21,9984,1438,Direct product,2024-11,2026-10-04
2,21,11088,1439,Direct product,2024-11,2026-10-04
2,21,12192,1440,Direct product,2024-11,2026-10-04
2,21,13248,1441,Direct product,2024-11,2026-10-04
2,21,13272,1442,Direct product generalized,2024-11,2026-10-04
2,21,13824,1443,Direct product,2024-11,2026-10-04
2,21,13848,1444,Direct product generalized,2024-11,2026-10-04
2,21,14400,1445,Direct product,2024-11,2026-10-04
2,21,14424,1448,Direct product generalized,2024-11,2026-10-04
2,21,14976,1449,Direct product,2024-11,2026-10-04
2,21,14978,1466,Direct product generalized,2024-11,2026-10-04
2,21,15072,1467,Direct product generalized,2024-11,2026-10-04
2,21,15078,1468,Direct product generalized,2024-11,2026-10-04
2,21,15192,1469,Direct product,2024-11,2026-10-04
2,21,15600,1470,Direct product,2024-11,2026-10-04
2,21,15678,1471,Direct product generalized,2024-11,2026-10-04
2,21,15824,1486,Direct product generalized,2024-11,2026-10-04
2,21,15852,1487,Direct product generalized,2024-11,2026-10-04
2,21,15923,1488,Direct product generalized,2024-11,2026-10-04
2,21,16224,1489,Direct product,2024-11,2026-10-04
2,21,16434,1490,Direct product generalized,2024-11,2026-10-04
2,21,16441,1491,Direct product generalized,2024-11,2026-10-04
2,21,16534,1492,Direct product generalized,2024-11,2026-10-04
2,21,16536,1493,Direct product generalized,2024-11,2026-10-04
2,21,16564,1508,Direct product generalized,2024-11,2026-10-04
2,21,16900,1510,Direct product,2024-11,2026-10-04
2,21,17084,1511,Direct product generalized,2024-11,2026-10-04
2,21,17098,1512,Direct product generalized,2024-11,2026-10-04
2,21,17194,1513,Direct product generalized,2024-11,2026-10-04
2,21,17211,1514,Direct product generalized,2024-11,2026-10-04
2,21,17212,1515,Direct product generalized,2024-11,2026-10-04
2,21,17281,1527,Direct product generalized,2024-11,2026-10-04
2,21,17576,1529,Direct product,2024-11,2026-10-04
2,21,17680,1530,Direct product generalized,2024-11,2026-10-04
2,21,17681,1531,Direct product generalized,2024-11,2026-10-04
2,21,17768,1532,Direct product generalized,2024-11,2026-10-04
2,21,17838,1533,Direct product generalized,2024-11,2026-10-04
2,21,17880,1534,Direct product generalized,2024-11,2026-10-04
2,21,17888,1535,Direct product generalized,2024-11,2026-10-04
2,21,17902,1548,Direct product generalized,2024-11,2026-10-04
2,21,18040,1551,Direct product generalized,2024-11,2026-10-04
2,21,18226,1552,Direct product,2024-11,2026-10-04
2,21,18367,1553,Direct product generalized,2024-11,2026-10-04
2,21,18470,1554,Direct product generalized,2024-11,2026-10-04
2,21,18541,1555,Direct product generalized,2024-11,2026-10-04
2,21,18564,1556,Direct product generalized,2024-11,2026-10-04
2,21,18578,1569,Direct product generalized,2024-11,2026-10-04
2,21,18739,1570,Direct product generalized,2024-11,2026-10-04
2,21,18823,1571,Direct product generalized,2024-11,2026-10-04
2,21,18935,1572,Direct product generalized,2024-11,2026-10-04
2,21,18968,1573,Direct product generalized,2024-11,2026-10-04
2,21,19141,1574,Direct product generalized,2024-11,2026-10-04
2,21,19158,1575,Direct product generalized,2024-11,2026-10-04
2,21,19248,1576,Direct product generalized,2024-11,2026-10-04
2,21,19260,1587,Direct product generalized,2024-11,2026-10-04
2,21,19304,1589,Direct product generalized,2024-11,2026-10-04
2,21,19376,1590,Direct product generalized,2024-11,2026-10-04
2,21,19461,1591,Direct product generalized,2024-11,2026-10-04
2,21,19509,1592,Direct product generalized,2024-11,2026-10-04
2,21,19573,1593,Direct product generalized,2024-11,2026-10-04
2,21,19762,1594,Direct product generalized,2024-11,2026-10-04
2,21,19838,1595,Direct product generalized,2024-11,2026-10-04
2,21,19856,1596,Direct product generalized,2024-11,2026-10-04
2,21,19943,1597,Direct product generalized,2024-11,2026-10-04
2,21,19944,1598,Direct product generalized,2024-11,2026-10-04
2,21,19964,1607,Direct product generalized,2024-11,2026-10-04
2,21,19976,1608,Direct product generalized,2024-11,2026-10-04
2,21,20000,1609,Direct product generalized,2024-11,2026-10-04
2,22,5,484,orthogonal array,2024-11,2026-10-04
2,22,6,487,Incomplete Transversal Design,2024-11,2026-10-04
2,22,7,506,Holey Transversal Design,2024-11,2026-10-04
2,22,8,518,Add Factor SO (AG-TJ-IM),2024-11,2026-10-04
2,22,9,519,Add Factor SO (AG-TJ-IM),2024-11,2026-10-04
2,22,10,520,Add Factor SO (AG-TJ-IM),2024-11,2026-10-04
2,22,11,521,Add Factor SO (AG-TJ-IM),2024-11,2026-10-04
2,22,13,522,Add Factor SO (AG-TJ-IM),2024-11,2026-10-04
2,22,14,523,Add Factor SO (AG-TJ-IM),2024-11,2026-10-04
2,22,19,524,Add Factor SO (AG-TJ-IM),2024-11,2026-10-04
2,22,24,525,Add Factor SO (AG-TJ-IM),2024-11,2026-10-04
2,22,25,528,projection (C),2024-11,2026-10-04
2,22,26,609,projection (C) postop NCK,2024-11,2026-10-04
2,22,27,611,projection (C) postop NCK,2024-11,2026-10-04
2,22,28,613,projection (C) postop NCK,2024-11,2026-10-04
2,22,29,617,projection (C) postop TJ-SA,2024-11,2026-10-04
2,22,30,691,projection (C) postop NCK,2024-11,2026-10-04
2,22,31,696,projection (C) postop NCK,2024-11,2026-10-04
2,22,32,698,projection (C) postop NCK,2024-11,2026-10-04
2,22,33,699,projection (C) postop NCK,2024-11,2026-10-04
2,22,34,777,projection (C) postop NCK,2024-11,2026-10-04
2,22,35,779,projection (C) postop NCK,2024-11,2026-10-04
2,22,36,783,projection (C) postop NCK,2024-11,2026-10-04
2,22,37,785,projection (C) postop NCK,2024-11,2026-10-04
2,22,38,857,projection (C) postop NCK,2024-11,2026-10-04
2,22,39,860,projection (C) postop NCK,2024-11,2026-10-04
2,22,40,862,projection (C) postop NCK,2024-11,2026-10-04
2,22,41,868,projection (C) postop NCK,2024-11,2026-10-04
2,22,42,905,projection (C) postop NCK,2024-11,2026-10-04
2,22,43,912,projection (C) postop NCK,2024-11,2026-10-04
2,22,44,925,Fix 1 symbols (LCDST),2024-11,2026-10-04
2,22,54,940,Fix 6 symbols (LCDST),2024-11,2026-10-04
2,22,57,946,Fix 7 symbols (LCDST),2024-11,2026-10-04
2,22,58,961,Fix 7 symbols (LCDST),2024-11,2026-10-04
2,22,60,967,simulated annealing (Torres-Jimenez),2024-11,2026-10-04
2,22,120,968,Direct product,2024-11,2026-10-04
2,22,121,969,Direct product generalized,2024-11,2026-10-04
2,22,144,972,Direct product,2024-11,2026-10-04
2,22,145,973,Direct product generalized,2024-11,2026-10-04
2,22,169,990,Direct product generalized,2024-11,2026-10-04
2,22,171,994,Direct product generalized,2024-11,2026-10-04
2,22,193,1004,Direct product generalized,2024-11,2026-10-04
2,22,217,1005,Direct product generalized,2024-11,2026-10-04
2,22,241,1006,Direct product generalized,2024-11,2026-10-04
2,22,336,1007,Direct product generalized,2024-11,2026-10-04
2,22,347,1008,simulated annealing (Torres-Jimenez),2024-11,2026-10-04
2,22,504,1009,Direct product generalized,2024-11,2026-10-04
2,22,557,1010,simulated annealing (Torres-Jimenez),2024-11,2026-10-04
2,22,577,1011,Direct product generalized,2024-11,2026-10-04
2,22,601,1012,Direct product generalized,2024-11,2026-10-04
2,22,624,1033,Direct product generalized,2024-11,2026-10-04
2,22,625,1034,Direct product,2024-11,2026-10-04
2,22,650,1054,Direct product,2024-11,2026-10-04
2,22,653,1077,Direct product generalized,2024-11,2026-10-04
2,22,675,1078,Direct product generalized,2024-11,2026-10-04
2,22,678,1097,Direct product generalized,2024-11,2026-10-04
2,22,693,1098,Direct product generalized,2024-11,2026-10-04
2,22,700,1099,Direct product generalized,2024-11,2026-10-04
2,22,709,1118,Direct product generalized,2024-11,2026-10-04
2,22,725,1119,Direct product generalized,2024-11,2026-10-04
2,22,734,1122,Direct product generalized,2024-11,2026-10-04
2,22,737,1123,Direct product generalized,2024-11,2026-10-04
2,22,741,1137,Direct product generalized,2024-11,2026-10-04
2,22,745,1139,Direct product generalized,2024-11,2026-10-04
2,22,750,1140,Direct product generalized,2024-11,2026-10-04
2,22,754,1143,Direct product,2024-11,2026-10-04
2,22,756,1159,Direct product generalized,2024-11,2026-10-04
2,22,767,1160,Direct product generalized,2024-11,2026-10-04
2,22,772,1161,Direct product generalized,2024-11,2026-10-04
2,22,775,1162,Direct product generalized,2024-11,2026-10-04
2,22,783,1167,Direct product generalized,2024-11,2026-10-04
2,22,792,1184,Direct product,2024-11,2026-10-04
2,22,798,1186,Direct product generalized,2024-11,2026-10-04
2,22,805,1187,Direct product generalized,2024-11,2026-10-04
2,22,812,1188,Direct product generalized,2024-11,2026-10-04
2,22,825,1205,Direct product,2024-11,2026-10-04
2,22,841,1208,Direct product generalized,2024-11,2026-10-04
2,22,853,1211,Direct product generalized,2024-11,2026-10-04
2,22,857,1220,Direct product generalized,2024-11,2026-10-04
2,22,861,1225,Direct product generalized,2024-11,2026-10-04
2,22,865,1226,Direct product generalized,2024-11,2026-10-04
2,22,869,1228,Direct product generalized,2024-11,2026-10-04
2,22,870,1229,Direct product generalized,2024-11,2026-10-04
2,22,872,1242,Direct product generalized,2024-11,2026-10-04
2,22,877,1246,Direct product generalized,2024-11,2026-10-04
2,22,879,1247,Direct product generalized,2024-11,2026-10-04
2,22,886,1248,Direct product generalized,2024-11,2026-10-04
2,22,894,1249,Direct product generalized,2024-11,2026-10-04
2,22,896,1250,Direct product generalized,2024-11,2026-10-04
2,22,899,1251,Direct product generalized,2024-11,2026-10-04
2,22,900,1265,Direct product generalized,2024-11,2026-10-04
2,22,909,1269,Direct product generalized,2024-11,2026-10-04
2,22,917,1270,Direct product generalized,2024-11,2026-10-04
2,22,924,1271,Direct product generalized,2024-11,2026-10-04
2,22,926,1275,Direct product generalized,2024-11,2026-10-04
2,22,928,1276,Direct product generalized,2024-11,2026-10-04
2,22,941,1289,Direct product generalized,2024-11,2026-10-04
2,22,957,1291,Direct product generalized,2024-11,2026-10-04
2,22,969,1294,Direct product generalized,2024-11,2026-10-04
2,22,973,1305,Direct product generalized,2024-11,2026-10-04
2,22,977,1307,Direct product generalized,2024-11,2026-10-04
2,22,985,1311,Direct product generalized,2024-11,2026-10-04
2,22,990,1312,Direct product generalized,2024-11,2026-10-04
2,22,991,1329,Direct product generalized,2024-11,2026-10-04
2,22,998,1330,Direct product generalized,2024-11,2026-10-04
2,22,1007,1331,Direct product generalized,2024-11,2026-10-04
2,22,1018,1332,Direct product generalized,2024-11,2026-10-04
2,22,1020,1333,Direct product generalized,2024-11,2026-10-04
2,22,1023,1334,Direct product generalized,2024-11,2026-10-04
2,22,1027,1351,Direct product generalized,2024-11,2026-10-04
2,22,1034,1352,Direct product generalized,2024-11,2026-10-04
2,22,1040,1353,Direct product generalized,2024-11,2026-10-04
2,22,1044,1354,Direct product generalized,2024-11,2026-10-04
2,22,1045,1356,Direct product generalized,2024-11,2026-10-04
2,22,1050,1357,Direct product generalized,2024-11,2026-10-04
2,22,1054,1358,Direct product generalized,2024-11,2026-10-04
2,22,1056,1359,Direct product generalized,2024-11,2026-10-04
2,22,1057,1374,Direct product generalized,2024-11,2026-10-04
2,22,1058,1375,Direct product generalized,2024-11,2026-10-04
2,22,1073,1376,Direct product generalized,2024-11,2026-10-04
2,22,1089,1377,PCAxPCA,2024-11,2026-10-04
2,22,1093,1388,Direct product generalized,2024-11,2026-10-04
2,22,1097,1390,Direct product generalized,2024-11,2026-10-04
2,22,1099,1395,Direct product generalized,2024-11,2026-10-04
2,22,1108,1396,Direct product generalized,2024-11,2026-10-04
2,22,1113,1397,Direct product generalized,2024-11,2026-10-04
2,22,1119,1398,Direct product generalized,2024-11,2026-10-04
2,22,1120,1399,Direct product generalized,2024-11,2026-10-04
2,22,1122,1400,Direct product generalized,2024-11,2026-10-04
2,22,1128,1414,Direct product generalized,2024-11,2026-10-04
2,22,1138,1415,Direct product generalized,2024-11,2026-10-04
2,22,1145,1416,Direct product generalized,2024-11,2026-10-04
2,22,1151,1417,Direct product generalized,2024-11,2026-10-04
2,22,1154,1418,Direct product generalized,2024-11,2026-10-04
2,22,1155,1419,Direct product generalized,2024-11,2026-10-04
2,22,1157,1432,Direct product generalized,2024-11,2026-10-04
2,22,1158,1433,Direct product generalized,2024-11,2026-10-04
2,22,1174,1434,Direct product generalized,2024-11,2026-10-04
2,22,1179,1435,Direct product generalized,2024-11,2026-10-04
2,22,1184,1436,Direct product generalized,2024-11,2026-10-04
2,22,1188,1437,Direct product generalized,2024-11,2026-10-04
2,22,1296,1440,Direct product,2024-11,2026-10-04
2,22,1350,1446,Direct product,2024-11,2026-10-04
2,22,1368,1450,Direct product,2024-11,2026-10-04
2,22,1428,1451,Direct product generalized,2024-11,2026-10-04
2,22,2875,1452,Direct product generalized,2024-11,2026-10-04
2,22,2904,1453,Direct product,2024-11,2026-10-04
2,22,2923,1455,Direct product generalized,2024-11,2026-10-04
2,22,3450,1456,Direct product generalized,2024-11,2026-10-04
2,22,3480,1457,Direct product,2024-11,2026-10-04
2,22,3504,1473,Direct product generalized,2024-11,2026-10-04
2,22,4056,1474,Direct product,2024-11,2026-10-04
2,22,4129,1479,Direct product generalized,2024-11,2026-10-04
2,22,4600,1488,Direct product generalized,2024-11,2026-10-04
2,22,5184,1489,Direct product generalized,2024-11,2026-10-04
2,22,5760,1490,Direct product generalized,2024-11,2026-10-04
2,22,8050,1491,Direct product generalized,2024-11,2026-10-04
2,22,8366,1492,Direct product generalized,2024-11,2026-10-04
2,22,12075,1493,Direct product generalized,2024-11,2026-10-04
2,22,13225,1494,Direct product generalized,2024-11,2026-10-04
2,22,13826,1495,Direct product generalized,2024-11,2026-10-04
2,22,14424,1496,Direct product,2024-11,2026-10-04
2,22,14447,1516,Direct product generalized,2024-11,2026-10-04
2,22,15045,1517,Direct product generalized,2024-11,2026-10-04
2,22,15122,1518,Direct product generalized,2024-11,2026-10-04
2,22,15629,1538,Direct product generalized,2024-11,2026-10-04
2,22,15679,1539,Direct product generalized,2024-11,2026-10-04
2,22,15725,1540,Direct product generalized,2024-11,2026-10-04
2,22,16225,1559,Direct product generalized,2024-11,2026-10-04
2,22,16275,1560,Direct product generalized,2024-11,2026-10-04
2,22,16300,1561,Direct product generalized,2024-11,2026-10-04
2,22,16350,1562,Direct product generalized,2024-11,2026-10-04
2,22,16900,1580,Direct product,2024-11,2026-10-04
2,22,16928,1583,Direct product generalized,2024-11,2026-10-04
2,22,16975,1584,Direct product generalized,2024-11,2026-10-04
2,22,16984,1596,Direct product generalized,2024-11,2026-10-04
2,22,16987,1599,Direct product generalized,2024-11,2026-10-04
2,22,17184,1602,Direct product generalized,2024-11,2026-10-04
2,22,17819,1603,Direct product generalized,2024-11,2026-10-04
2,22,17845,1604,Direct product generalized,2024-11,2026-10-04
2,22,18025,1606,Direct product generalized,2024-11,2026-10-04
2,22,18509,1624,Direct product generalized,2024-11,2026-10-04
2,22,18525,1625,Direct product generalized,2024-11,2026-10-04
2,22,18709,1627,Direct product generalized,2024-11,2026-10-04
2,22,18725,1628,Direct product generalized,2024-11,2026-10-04
2,22,18752,1640,Direct product generalized,2024-11,2026-10-04
2,22,18761,1643,Direct product generalized,2024-11,2026-10-04
2,22,19250,1645,Direct product generalized,2024-11,2026-10-04
2,22,19304,1646,Direct product generalized,2024-11,2026-10-04
2,22,19400,1647,Direct product generalized,2024-11,2026-10-04
2,22,19525,1648,Direct product generalized,2024-11,2026-10-04
2,22,19600,1649,Direct product generalized,2024-11,2026-10-04
2,22,19652,1668,Direct product generalized,2024-11,2026-10-04
2,22,20000,1669,Direct product generalized,2024-11,2026-10-04
2,23,24,529,orthogonal array,2024-11,2026-10-04
2,23,26,616,projection (C) postop NCK,2024-11,2026-10-04
2,23,27,619,projection (C) postop NCK,2024-11,2026-10-04
2,23,28,622,projection (C) postop TJ-SA,2024-11,2026-10-04
2,23,29,706,projection (C) postop NCK,2024-11,2026-10-04
2,23,30,708,projection (C) postop NCK,2024-11,2026-10-04
2,23,31,712,projection (C) postop NCK,2024-11,2026-10-04
2,23,32,714,projection (C) postop TJ-SA,2024-11,2026-10-04
2,23,34,793,projection (C) postop NCK,2024-11,2026-10-04
2,23,35,796,projection (C) postop NCK,2024-11,2026-10-04
2,23,36,798,projection (C) postop NCK,2024-11,2026-10-04
2,23,37,877,projection (C) postop NCK,2024-11,2026-10-04
2,23,38,878,projection (C) postop NCK,2024-11,2026-10-04
2,23,39,879,projection (C) postop NCK,2024-11,2026-10-04
2,23,40,881,projection (C) postop NCK,2024-11,2026-10-04
2,23,41,921,projection (C) postop NCK,2024-11,2026-10-04
2,23,42,923,projection (C) postop NCK,2024-11,2026-10-04
2,23,58,1019,Fix 7 symbols (LCDST),2024-11,2026-10-04
2,23,60,1022,simulated annealing (Torres-Jimenez),2024-11,2026-10-04
2,23,575,1035,PCAx2PCA,2024-11,2026-10-04
2,23,576,1056,Direct product,2024-11,2026-10-04
2,23,598,1080,Direct product,2024-11,2026-10-04
2,23,599,1101,Direct product generalized,2024-11,2026-10-04
2,23,624,1102,Direct product,2024-11,2026-10-04
2,23,644,1124,Direct product,2024-11,2026-10-04
2,23,650,1125,Direct product generalized,2024-11,2026-10-04
2,23,651,1126,Direct product generalized,2024-11,2026-10-04
2,23,672,1128,Direct product,2024-11,2026-10-04
2,23,678,1149,Direct product generalized,2024-11,2026-10-04
2,23,680,1151,Direct product generalized,2024-11,2026-10-04
2,23,684,1168,Direct product generalized,2024-11,2026-10-04
2,23,686,1169,Direct product generalized,2024-11,2026-10-04
2,23,702,1170,Direct product,2024-11,2026-10-04
2,23,703,1172,Direct product generalized,2024-11,2026-10-04
2,23,728,1173,Direct product,2024-11,2026-10-04
2,23,732,1194,Direct product generalized,2024-11,2026-10-04
2,23,734,1196,Direct product generalized,2024-11,2026-10-04
2,23,756,1197,Direct product generalized,2024-11,2026-10-04
2,23,763,1215,Direct product generalized,2024-11,2026-10-04
2,23,784,1217,Direct product,2024-11,2026-10-04
2,23,786,1235,Direct product generalized,2024-11,2026-10-04
2,23,788,1237,Direct product generalized,2024-11,2026-10-04
2,23,790,1241,Direct product generalized,2024-11,2026-10-04
2,23,792,1243,Direct product generalized,2024-11,2026-10-04
2,23,794,1251,Direct product generalized,2024-11,2026-10-04
2,23,797,1252,Direct product generalized,2024-11,2026-10-04
2,23,801,1253,Direct product generalized,2024-11,2026-10-04
2,23,808,1254,Direct product generalized,2024-11,2026-10-04
2,23,810,1255,Direct product generalized,2024-11,2026-10-04
2,23,811,1258,Direct product generalized,2024-11,2026-10-04
2,23,819,1259,Direct product generalized,2024-11,2026-10-04
2,23,825,1260,Direct product generalized,2024-11,2026-10-04
2,23,832,1261,Direct product generalized,2024-11,2026-10-04
2,23,839,1262,Direct product generalized,2024-11,2026-10-04
2,23,840,1263,Direct product generalized,2024-11,2026-10-04
2,23,845,1284,Direct product generalized,2024-11,2026-10-04
2,23,850,1285,Direct product generalized,2024-11,2026-10-04
2,23,856,1286,Direct product generalized,2024-11,2026-10-04
2,23,865,1287,Direct product generalized,2024-11,2026-10-04
2,23,868,1288,Direct product generalized,2024-11,2026-10-04
2,23,875,1308,Direct product generalized,2024-11,2026-10-04
2,23,896,1309,Direct product,2024-11,2026-10-04
2,23,898,1322,Direct product generalized,2024-11,2026-10-04
2,23,900,1324,Direct product generalized,2024-11,2026-10-04
2,23,902,1325,Direct product generalized,2024-11,2026-10-04
2,23,904,1327,Direct product generalized,2024-11,2026-10-04
2,23,914,1344,Direct product generalized,2024-11,2026-10-04
2,23,918,1345,Direct product generalized,2024-11,2026-10-04
2,23,925,1346,Direct product generalized,2024-11,2026-10-04
2,23,926,1347,Direct product generalized,2024-11,2026-10-04
2,23,936,1349,Direct product,2024-11,2026-10-04
2,23,944,1352,Direct product generalized,2024-11,2026-10-04
2,23,952,1353,Direct product generalized,2024-11,2026-10-04
2,23,959,1354,Direct product generalized,2024-11,2026-10-04
2,23,960,1355,Direct product generalized,2024-11,2026-10-04
2,23,972,1373,Direct product generalized,2024-11,2026-10-04
2,23,977,1375,Direct product generalized,2024-11,2026-10-04
2,23,980,1376,Direct product generalized,2024-11,2026-10-04
2,23,989,1379,Direct product generalized,2024-11,2026-10-04
2,23,992,1380,Direct product generalized,2024-11,2026-10-04
2,23,1008,1393,Direct product,2024-11,2026-10-04
2,23,1024,1405,Direct product,2024-11,2026-10-04
2,23,1029,1428,Direct product generalized,2024-11,2026-10-04
2,23,1033,1429,Direct product generalized,2024-11,2026-10-04
2,23,1040,1430,Direct product generalized,2024-11,2026-10-04
2,23,1041,1432,Direct product generalized,2024-11,2026-10-04
2,23,1042,1434,Direct product generalized,2024-11,2026-10-04
2,23,1051,1435,Direct product generalized,2024-11,2026-10-04
2,23,1064,1436,Direct product generalized,2024-11,2026-10-04
2,23,1072,1437,Direct product generalized,2024-11,2026-10-04
2,23,1079,1438,Direct product generalized,2024-11,2026-10-04
2,23,1080,1439,Direct product generalized,2024-11,2026-10-04
2,23,1082,1446,Direct product generalized,2024-11,2026-10-04
2,23,1086,1447,Direct product generalized,2024-11,2026-10-04
2,23,1088,1448,Direct product generalized,2024-11,2026-10-04
2,23,1095,1461,Direct product generalized,2024-11,2026-10-04
2,23,1104,1462,Direct product generalized,2024-11,2026-10-04
2,23,1113,1463,Direct product generalized,2024-11,2026-10-04
2,23,1116,1464,Direct product generalized,2024-11,2026-10-04
2,23,1117,1467,Direct product generalized,2024-11,2026-10-04
2,23,1120,1468,Direct product generalized,2024-11,2026-10-04
2,23,1128,1477,Direct product generalized,2024-11,2026-10-04
2,23,1130,1479,Direct product generalized,2024-11,2026-10-04
2,23,1152,1489,Direct product,2024-11,2026-10-04
2,23,1156,1513,Direct product generalized,2024-11,2026-10-04
2,23,1157,1516,Direct product generalized,2024-11,2026-10-04
2,23,1176,1518,Direct product,2024-11,2026-10-04
2,23,1183,1519,Direct product generalized,2024-11,2026-10-04
2,23,1192,1520,Direct product generalized,2024-11,2026-10-04
2,23,1199,1521,Direct product generalized,2024-11,2026-10-04
2,23,1200,1522,Direct product generalized,2024-11,2026-10-04
2,23,1334,1525,Direct product,2024-11,2026-10-04
2,23,1382,1528,PCAx2PCA,2024-11,2026-10-04
2,23,13777,1541,PCAx2PCA,2024-11,2026-10-04
2,23,13800,1562,Direct product,2024-11,2026-10-04
2,23,13824,1582,Direct product,2024-11,2026-10-04
2,23,14352,1586,Direct product,2024-11,2026-10-04
2,23,14375,1607,Direct product generalized,2024-11,2026-10-04
2,23,14954,1608,PCAx2PCA,2024-11,2026-10-04
2,23,14973,1610,Direct product generalized,2024-11,2026-10-04
2,23,14976,1628,Direct product,2024-11,2026-10-04
2,23,15456,1630,Direct product,2024-11,2026-10-04
2,23,15600,1631,PCAx2PCA,2024-11,2026-10-04
2,23,15663,1632,Direct product generalized,2024-11,2026-10-04
2,23,15732,1633,Direct product generalized,2024-11,2026-10-04
2,23,16100,1634,Direct product,2024-11,2026-10-04
2,23,16128,1635,PCAxPCA,2024-11,2026-10-04
2,23,16193,1653,Direct product generalized,2024-11,2026-10-04
2,23,16247,1654,Direct product generalized,2024-11,2026-10-04
2,23,16371,1655,Direct product generalized,2024-11,2026-10-04
2,23,16394,1657,Direct product generalized,2024-11,2026-10-04
2,23,16438,1658,Direct product generalized,2024-11,2026-10-04
2,23,16744,1675,Direct product,2024-11,2026-10-04
2,23,16928,1676,Direct product generalized,2024-11,2026-10-04
2,23,16956,1677,Direct product generalized,2024-11,2026-10-04
2,23,17050,1678,Direct product generalized,2024-11,2026-10-04
2,23,17446,1679,PCAx2PCA,2024-11,2026-10-04
2,23,17472,1680,Direct product,2024-11,2026-10-04
2,23,17478,1699,Direct product generalized,2024-11,2026-10-04
2,23,17639,1700,Direct product generalized,2024-11,2026-10-04
2,23,17682,1701,Direct product generalized,2024-11,2026-10-04
2,23,17721,1702,Direct product generalized,2024-11,2026-10-04
2,23,18144,1703,PCAx2PCA,2024-11,2026-10-04
2,23,18244,1720,Direct product generalized,2024-11,2026-10-04
2,23,18370,1721,Direct product generalized,2024-11,2026-10-04
2,23,18453,1722,Direct product generalized,2024-11,2026-10-04
2,23,18790,1723,PCAx2PCA,2024-11,2026-10-04
2,23,18816,1724,Direct product,2024-11,2026-10-04
2,23,18936,1725,Direct product generalized,2024-11,2026-10-04
2,23,19040,1726,Direct product generalized,2024-11,2026-10-04
2,23,19152,1727,Direct product generalized,2024-11,2026-10-04
2,23,19166,1744,Direct product generalized,2024-11,2026-10-04
2,23,19174,1745,Direct product generalized,2024-11,2026-10-04
2,23,19218,1747,Direct product generalized,2024-11,2026-10-04
2,23,19656,1748,Direct product,2024-11,2026-10-04
2,23,19740,1749,Direct product generalized,2024-11,2026-10-04
2,23,19898,1766,Direct product generalized,2024-11,2026-10-04
2,23,19926,1767,Direct product generalized,2024-11,2026-10-04
2,23,20000,1768,Direct product generalized,2024-11,2026-10-04
2,24,9,576,orthogonal array,2024-11,2026-10-04
2,24,10,608,Add Factor SO (AG-TJ-IM),2024-11,2026-10-04
2,24,11,611,Add Factor SO (AG-TJ-IM),2024-11,2026-10-04
2,24,12,612,Add Factor SO (AG-TJ-IM),2024-11,2026-10-04
2,24,13,614,Add Factor SO (AG-TJ-IM),2024-11,2026-10-04
2,24,16,619,Add Factor SO (AG-TJ-IM),2024-11,2026-10-04
2,24,20,620,Add Factor SO (AG-TJ-IM),2024-11,2026-10-04
2,24,22,621,orthogonal array fuse postop TJ-SA,2024-11,2026-10-04
2,24,26,622,orthogonal array fuse,2024-11,2026-10-04
2,24,27,624,projection (C),2024-11,2026-10-04
2,24,28,713,projection (C) postop NCK,2024-11,2026-10-04
2,24,29,716,projection (C) postop NCK,2024-11,2026-10-04
2,24,30,718,projection (C) postop NCK,2024-11,2026-10-04
2,24,31,722,projection (C) postop TJ-SA,2024-11,2026-10-04
2,24,32,806,projection (C) postop NCK,2024-11,2026-10-04
2,24,33,810,projection (C) postop NCK,2024-11,2026-10-04
2,24,34,812,projection (C) postop TJ-SA,2024-11,2026-10-04
2,24,35,814,projection (C) postop TJ-SA,2024-11,2026-10-04
2,24,37,896,projection (C) postop NCK,2024-11,2026-10-04
2,24,38,904,projection (C) postop NCK,2024-11,2026-10-04
2,24,39,907,projection (C) postop NCK,2024-11,2026-10-04
2,24,40,951,projection (C) postop NCK,2024-11,2026-10-04
2,24,41,955,projection (C) postop NCK,2024-11,2026-10-04
2,24,42,1075,Add a symbol (binary),2024-11,2026-10-04
2,24,81,1128,Direct product,2024-11,2026-10-04
2,24,209,1152,Direct product generalized,2024-11,2026-10-04
2,24,234,1160,Direct product generalized,2024-11,2026-10-04
2,24,235,1170,Direct product generalized,2024-11,2026-10-04
2,24,243,1176,Direct product,2024-11,2026-10-04
2,24,260,1184,Direct product generalized,2024-11,2026-10-04
2,24,263,1185,Direct product generalized,2024-11,2026-10-04
2,24,286,1187,Direct product generalized,2024-11,2026-10-04
2,24,312,1188,Direct product generalized,2024-11,2026-10-04
2,24,338,1190,Direct product generalized,2024-11,2026-10-04
2,24,342,1195,Direct product generalized,2024-11,2026-10-04
2,24,447,1196,Direct product generalized,2024-11,2026-10-04
2,24,575,1197,Direct product generalized,2024-11,2026-10-04
2,24,651,1198,Direct product generalized,2024-11,2026-10-04
2,24,677,1199,Direct product generalized,2024-11,2026-10-04
2,24,703,1200,Direct product generalized,2024-11,2026-10-04
2,24,728,1223,Direct product generalized,2024-11,2026-10-04
2,24,729,1224,Direct product,2024-11,2026-10-04
2,24,756,1246,Direct product,2024-11,2026-10-04
2,24,758,1287,Direct product generalized,2024-11,2026-10-04
2,24,765,1288,Direct product generalized,2024-11,2026-10-04
2,24,773,1289,Direct product generalized,2024-11,2026-10-04
2,24,778,1290,Direct product generalized,2024-11,2026-10-04
2,24,781,1291,Direct product generalized,2024-11,2026-10-04
2,24,798,1292,Direct product generalized,2024-11,2026-10-04
2,24,806,1293,Direct product generalized,2024-11,2026-10-04
2,24,809,1294,Direct product generalized,2024-11,2026-10-04
2,24,810,1295,Direct product generalized,2024-11,2026-10-04
2,24,811,1317,Direct product generalized,2024-11,2026-10-04
2,24,813,1318,Direct product generalized,2024-11,2026-10-04
2,24,836,1321,Direct product generalized,2024-11,2026-10-04
2,24,837,1322,Direct product,2024-11,2026-10-04
2,24,840,1340,Direct product,2024-11,2026-10-04
2,24,841,1343,Direct product generalized,2024-11,2026-10-04
2,24,868,1344,Direct product,2024-11,2026-10-04
2,24,870,1382,Direct product generalized,2024-11,2026-10-04
2,24,877,1383,Direct product generalized,2024-11,2026-10-04
2,24,884,1384,Direct product generalized,2024-11,2026-10-04
2,24,890,1385,Direct product generalized,2024-11,2026-10-04
2,24,899,1386,Direct product generalized,2024-11,2026-10-04
2,24,907,1387,Direct product generalized,2024-11,2026-10-04
2,24,911,1388,Direct product generalized,2024-11,2026-10-04
2,24,917,1389,Direct product generalized,2024-11,2026-10-04
2,24,924,1390,Direct product generalized,2024-11,2026-10-04
2,24,927,1391,Direct product generalized,2024-11,2026-10-04
2,24,929,1392,Direct product generalized,2024-11,2026-10-04
2,24,930,1393,Direct product generalized,2024-11,2026-10-04
2,24,944,1413,Direct product generalized,2024-11,2026-10-04
2,24,945,1414,Direct product,2024-11,2026-10-04
2,24,961,1420,Direct product,2024-11,2026-10-04
2,24,980,1436,Direct product,2024-11,2026-10-04
2,24,989,1475,Direct product generalized,2024-11,2026-10-04
2,24,996,1476,Direct product generalized,2024-11,2026-10-04
2,24,1005,1477,Direct product generalized,2024-11,2026-10-04
2,24,1008,1478,Direct product generalized,2024-11,2026-10-04
2,24,1014,1479,Direct product generalized,2024-11,2026-10-04
2,24,1025,1480,Direct product generalized,2024-11,2026-10-04
2,24,1034,1481,Direct product generalized,2024-11,2026-10-04
2,24,1043,1482,Direct product generalized,2024-11,2026-10-04
2,24,1047,1483,Direct product generalized,2024-11,2026-10-04
2,24,1049,1484,Direct product generalized,2024-11,2026-10-04
2,24,1050,1485,Direct product generalized,2024-11,2026-10-04
2,24,1054,1490,Direct product generalized,2024-11,2026-10-04
2,24,1055,1507,Direct product generalized,2024-11,2026-10-04
2,24,1057,1511,Direct product generalized,2024-11,2026-10-04
2,24,1085,1512,Direct product,2024-11,2026-10-04
2,24,1092,1529,Direct product,2024-11,2026-10-04
2,24,1106,1554,Direct product generalized,2024-11,2026-10-04
2,24,1107,1555,Direct product,2024-11,2026-10-04
2,24,1110,1565,Direct product generalized,2024-11,2026-10-04
2,24,1116,1566,Direct product generalized,2024-11,2026-10-04
2,24,1118,1567,Direct product generalized,2024-11,2026-10-04
2,24,1121,1568,Direct product generalized,2024-11,2026-10-04
2,24,1125,1569,Direct product generalized,2024-11,2026-10-04
2,24,1127,1570,Direct product generalized,2024-11,2026-10-04
2,24,1133,1571,Direct product generalized,2024-11,2026-10-04
2,24,1144,1572,Direct product generalized,2024-11,2026-10-04
2,24,1149,1573,Direct product generalized,2024-11,2026-10-04
2,24,1156,1574,Direct product generalized,2024-11,2026-10-04
2,24,1164,1575,Direct product generalized,2024-11,2026-10-04
2,24,1167,1576,Direct product generalized,2024-11,2026-10-04
2,24,1169,1577,Direct product generalized,2024-11,2026-10-04
2,24,1170,1578,Direct product generalized,2024-11,2026-10-04
2,24,1180,1580,Direct product generalized,2024-11,2026-10-04
2,24,1184,1581,Direct product generalized,2024-11,2026-10-04
2,24,1190,1582,Direct product generalized,2024-11,2026-10-04
2,24,1195,1602,Direct product generalized,2024-11,2026-10-04
2,24,1196,1603,Direct product generalized,2024-11,2026-10-04
2,24,1225,1604,Direct product,2024-11,2026-10-04
2,24,1226,1621,Direct product generalized,2024-11,2026-10-04
2,24,1234,1622,Direct product generalized,2024-11,2026-10-04
2,24,1238,1623,Direct product generalized,2024-11,2026-10-04
2,24,1240,1624,Direct product generalized,2024-11,2026-10-04
2,24,1241,1650,Direct product generalized,2024-11,2026-10-04
2,24,1243,1651,Direct product generalized,2024-11,2026-10-04
2,24,1271,1653,Direct product,2024-11,2026-10-04
2,24,1279,1664,Direct product generalized,2024-11,2026-10-04
2,24,1289,1665,Direct product generalized,2024-11,2026-10-04
2,24,1291,1666,Direct product generalized,2024-11,2026-10-04
2,24,1295,1667,Direct product generalized,2024-11,2026-10-04
2,24,1303,1669,Direct product generalized,2024-11,2026-10-04
2,24,1313,1670,Direct product generalized,2024-11,2026-10-04
2,24,1320,1671,Direct product generalized,2024-11,2026-10-04
2,24,1324,1672,Direct product generalized,2024-11,2026-10-04
2,24,1329,1673,Direct product generalized,2024-11,2026-10-04
2,24,1330,1674,Direct product generalized,2024-11,2026-10-04
2,24,1334,1694,Direct product generalized,2024-11,2026-10-04
2,24,1335,1695,Direct product generalized,2024-11,2026-10-04
2,24,1341,1696,Direct product generalized,2024-11,2026-10-04
2,24,1365,1697,Direct product,2024-11,2026-10-04
2,24,1881,1704,Direct product,2024-11,2026-10-04
2,24,2066,1707,Direct product generalized postop TJ-SA,2024-11,2026-10-04
2,24,2106,1713,Direct product,2024-11,2026-10-04
2,24,2115,1722,Direct product,2024-11,2026-10-04
2,24,2234,1727,Direct product generalized,2024-11,2026-10-04
2,24,5434,1728,Direct product,2024-11,2026-10-04
2,24,6075,1736,Direct product generalized,2024-11,2026-10-04
2,24,6085,1745,Direct product generalized,2024-11,2026-10-04
2,24,6110,1746,Direct product,2024-11,2026-10-04
2,24,6118,1751,Direct product generalized,2024-11,2026-10-04
2,24,6327,1752,PCAx2PCA,2024-11,2026-10-04
2,24,6750,1760,Direct product generalized,2024-11,2026-10-04
2,24,7425,1763,Direct product generalized,2024-11,2026-10-04
2,24,8100,1764,Direct product generalized,2024-11,2026-10-04
2,24,8775,1766,Direct product generalized,2024-11,2026-10-04
2,24,8975,1771,Direct product generalized,2024-11,2026-10-04
2,24,11725,1772,Direct product generalized,2024-11,2026-10-04
2,24,15000,1773,Direct product generalized,2024-11,2026-10-04
2,24,16925,1774,Direct product generalized,2024-11,2026-10-04
2,24,17600,1775,Direct product generalized,2024-11,2026-10-04
2,24,18278,1776,Direct product,2024-11,2026-10-04
2,24,18303,1798,Direct product generalized,2024-11,2026-10-04
2,24,19003,1799,Direct product generalized,2024-11,2026-10-04
2,24,19086,1800,Direct product generalized,2024-11,2026-10-04
2,24,19687,1822,Direct product generalized,2024-11,2026-10-04
2,24,19740,1823,Direct product generalized,2024-11,2026-10-04
2,24,19764,1824,Direct product generalized,2024-11,2026-10-04
2,24,20000,1845,Direct product generalized,2024-11,2026-10-04
2,25,26,625,orthogonal array,2024-11,2026-10-04
2,25,28,719,projection (C) postop TJ-SA,2024-11,2026-10-04
2,25,29,725,projection (C) postop NCK,2024-11,2026-10-04
2,25,30,726,projection (C) postop TJ-SA,2024-11,2026-10-04
2,25,31,820,projection (C) postop NCK,2024-11,2026-10-04
2,25,32,823,projection (C) postop NCK,2024-11,2026-10-04
2,25,33,826,projection (C) postop NCK,2024-11,2026-10-04
2,25,34,828,projection (C) postop TJ-SA,2024-11,2026-10-04
2,25,35,914,projection (C) postop NCK,2024-11,2026-10-04
2,25,36,917,projection (C) postop NCK,2024-11,2026-10-04
2,25,37,919,projection (C) postop NCK,2024-11,2026-10-04
2,25,38,923,projection (C) postop TJ-SA,2024-11,2026-10-04
2,25,39,967,projection (C) postop NCK,2024-11,2026-10-04
2,25,40,970,projection (C) postop NCK,2024-11,2026-10-04
2,25,41,1111,Add a symbol (binary),2024-11,2026-10-04
2,25,50,1181,projection (C) postop TJ-SA,2024-11,2026-10-04
2,25,70,1219,simulated annealing (Torres-Jimenez),2024-11,2026-10-04
2,25,675,1225,PCAx2PCA,2024-11,2026-10-04
2,25,676,1248,Direct product,2024-11,2026-10-04
2,25,700,1274,Direct product,2024-11,2026-10-04
2,25,701,1297,Direct product generalized,2024-11,2026-10-04
2,25,728,1298,Direct product,2024-11,2026-10-04
2,25,754,1325,Direct product,2024-11,2026-10-04
2,25,780,1326,Direct product,2024-11,2026-10-04
2,25,784,1371,Direct product,2024-11,2026-10-04
2,25,785,1373,Direct product generalized,2024-11,2026-10-04
2,25,812,1374,Direct product,2024-11,2026-10-04
2,25,840,1375,Direct product,2024-11,2026-10-04
2,25,843,1423,Direct product generalized,2024-11,2026-10-04
2,25,844,1424,Direct product generalized,2024-11,2026-10-04
2,25,853,1425,Direct product generalized,2024-11,2026-10-04
2,25,876,1426,Direct product generalized,2024-11,2026-10-04
2,25,900,1427,Direct product,2024-11,2026-10-04
2,25,924,1475,Direct product,2024-11,2026-10-04
2,25,925,1476,Direct product generalized,2024-11,2026-10-04
2,25,952,1477,Direct product,2024-11,2026-10-04
2,25,962,1519,Direct product,2024-11,2026-10-04
2,25,963,1524,Direct product generalized,2024-11,2026-10-04
2,25,988,1525,Direct product,2024-11,2026-10-04
2,25,992,1527,Direct product generalized,2024-11,2026-10-04
2,25,996,1528,Direct product generalized,2024-11,2026-10-04
2,25,1020,1529,Direct product,2024-11,2026-10-04
2,25,1036,1568,Direct product,2024-11,2026-10-04
2,25,1040,1570,Direct product,2024-11,2026-10-04
2,25,1064,1574,Direct product,2024-11,2026-10-04
2,25,1065,1615,Direct product generalized,2024-11,2026-10-04
2,25,1092,1616,Direct product,2024-11,2026-10-04
2,25,1093,1618,Direct product generalized,2024-11,2026-10-04
2,25,1120,1619,Direct product,2024-11,2026-10-04
2,25,1140,1624,PCAxPCA,2024-11,2026-10-04
2,25,1156,1631,Direct product,2024-11,2026-10-04
2,25,1172,1668,Direct product generalized,2024-11,2026-10-04
2,25,1176,1670,Direct product generalized,2024-11,2026-10-04
2,25,1200,1671,Direct product,2024-11,2026-10-04
2,25,1202,1719,Direct product generalized,2024-11,2026-10-04
2,25,1227,1720,Direct product generalized,2024-11,2026-10-04
2,25,1230,1721,Direct product generalized,2024-11,2026-10-04
2,25,1259,1722,Direct product generalized,2024-11,2026-10-04
2,25,1260,1725,Direct product generalized,2024-11,2026-10-04
2,25,1292,1726,PCAxPCA,2024-11,2026-10-04
2,25,1293,1747,Direct product generalized,2024-11,2026-10-04
2,25,1294,1750,Direct product generalized,2024-11,2026-10-04
2,25,1295,1767,Direct product generalized,2024-11,2026-10-04
2,25,1296,1768,Direct product generalized,2024-11,2026-10-04
2,25,1297,1769,Direct product generalized,2024-11,2026-10-04
2,25,1327,1770,Direct product generalized,2024-11,2026-10-04
2,25,1329,1771,Direct product generalized,2024-11,2026-10-04
2,25,1330,1772,Direct product generalized,2024-11,2026-10-04
2,25,1360,1773,Direct product,2024-11,2026-10-04
2,25,1370,1813,Direct product generalized,2024-11,2026-10-04
2,25,1406,1817,PCAxPCA,2024-11,2026-10-04
2,25,1752,1819,PCAx2PCA,2024-11,2026-10-04
2,25,17525,1825,PCAx2PCA,2024-11,2026-10-04
2,25,17550,1848,Direct product,2024-11,2026-10-04
2,25,17576,1871,Direct product,2024-11,2026-10-04
2,25,18200,1874,Direct product,2024-11,2026-10-04
2,25,18225,1897,Direct product generalized,2024-11,2026-10-04
2,25,18904,1898,PCAx2PCA,2024-11,2026-10-04
2,25,18928,1921,Direct product,2024-11,2026-10-04
2,25,18952,1922,Direct product generalized,2024-11,2026-10-04
2,25,19600,1923,Direct product,2024-11,2026-10-04
2,25,20000,1926,Direct product,2024-11,2026-10-04
3,2,4,8,orthogonal array,2024-11,2026-10-04
3,2,5,10,Derive from strength 4,2024-11,2026-10-04
3,2,11,12,Derive from strength 4,2024-11,2026-10-04
3,2,12,15,tabu search (Nurmela),2024-11,2026-10-04
3,2,14,16,Sloane,2024-11,2026-10-04
3,2,16,17,Derive from strength 4,2024-11,2026-10-04
3,2,20,18,Chateauneuf-Kreher doubling,2024-11,2026-10-04
3,2,22,19,Chateauneuf-Kreher doubling,2024-11,2026-10-04
3,2,23,20,simulated annealing (TJ-RT),2024-11,2026-10-04
3,2,25,21,simulated annealing (TJ-RT),2024-11,2026-10-04
3,2,26,22,simulated annealing (TJ-RT),2024-11,2026-10-04
3,2,30,23,simulated annealing (TJ-RT),2024-11,2026-10-04
3,2,38,24,simulated annealing (TJ-RT),2024-11,2026-10-04
3,2,44,25,simulated annealing (TJ-RT),2024-11,2026-10-04
3,2,46,26,simulated annealing (TJ-RT),2024-11,2026-10-04
3,2,49,27,simulated annealing (TJ-RT),2024-11,2026-10-04
3,2,52,28,simulated annealing (TJ-RT),2024-11,2026-10-04
3,2,55,29,SBSTT (TJ-AG),2024-11,2026-10-04
3,2,57,30,SBSTT (TJ-AG),2024-11,2026-10-04
3,2,68,31,simulated annealing (TJ-RT),2024-11,2026-10-04
3,2,88,32,"Power CT11^2,T3c",2024-11,2026-10-04
3,2,121,33,Power CT11^2,2024-11,2026-10-04
3,2,123,35,simulated annealing (TJ-RT),2024-11,2026-10-04
3,2,127,36,simulated annealing (TJ-RT),2024-11,2026-10-04
3,2,140,37,simulated annealing (TJ-RT),2024-11,2026-10-04
3,2,142,39,SBSTT (TJ-AG),2024-11,2026-10-04
3,2,146,40,SBSTT (TJ-AG),2024-11,2026-10-04
3,2,163,41,SBSTT (TJ-AG),2024-11,2026-10-04
3,2,180,42,SBSTT (TJ-AG),2024-11,2026-10-04
3,2,242,43,simulated annealing (TJ-RT),2024-11,2026-10-04
3,2,243,44,simulated annealing (TJ-RT),2024-11,2026-10-04
3,2,246,45,simulated annealing (TJ-RT),2024-11,2026-10-04
3,2,256,46,simulated annealing (TJ-RT),2024-11,2026-10-04
3,2,262,47,simulated annealing (TJ-RT),2024-11,2026-10-04
3,2,280,48,simulated annealing (TJ-RT),2024-11,2026-10-04
3,2,352,49,Power CT11^3T7T3c,2024-11,2026-10-04
3,2,484,50,"Power CT11^3,T7c",2024-11,2026-10-04
3,2,605,52,"Power CT11^3,T6c",2024-11,2026-10-04
3,2,704,53,Power CT11^3T3T3c,2024-11,2026-10-04
3,2,968,54,"Power CT11^3,T3c",2024-11,2026-10-04
3,2,1331,55,Power CT11^3,2024-11,2026-10-04
3,2,1332,59,Add a factor,2024-11,2026-10-04
3,2,1452,61,"Power CT12^3,cT1T1",2024-11,2026-10-04
3,2,1584,64,"Power CT12^3,cT1",2024-11,2026-10-04
3,2,1712,66,simulated annealing (TJ-RT),2024-11,2026-10-04
3,2,1936,67,Power CT11^4T7T7c,2024-11,2026-10-04
3,2,2662,68,"Power CT11^4,cT9c",2024-11,2026-10-04
3,2,2816,70,Power CT11^4T3cT3cT7c,2024-11,2026-10-04
3,2,3872,71,Power CT11^4T7T3c,2024-11,2026-10-04
3,2,5324,72,"Power CT11^4,T7c",2024-11,2026-10-04
3,2,6655,74,"Power CT11^4,T6c",2024-11,2026-10-04
3,2,7744,75,Power CT11^4T3T3c,2024-11,2026-10-04
3,2,10000,76,"Power CT11^4,T3c",2024-11,2026-10-04
3,3,4,27,orthogonal array,2024-11,2026-10-04
3,3,6,33,Chateauneuf-Kreher NRB,2024-11,2026-10-04
3,3,7,39,SAT Local Search (Hnich et al.),2024-11,2026-10-04
3,3,8,42,cross-sum (CKRS),2024-11,2026-10-04
3,3,14,45,"Cover starter (Colbourn, Torres-Jimenez)",2024-11,2026-10-04
3,3,16,51,"Cover starter (Colbourn, Torres-Jimenez)",2024-11,2026-10-04
3,3,17,58,Torres Jimenez,2024-11,2026-10-04
3,3,20,59,simulated annealing (AG-TJ-H),2024-11,2026-10-04
3,3,22,66,Cyclic (Colbourn),2024-11,2026-10-04
3,3,23,69,Cyclic (Colbourn),2024-11,2026-10-04
3,3,24,71,simulated annealing (AG-TJ-H),2024-11,2026-10-04
3,3,26,72,simulated annealing (AG-TJ-H),2024-11,2026-10-04
3,3,28,75,Chateauneuf-Kreher doubling,2024-11,2026-10-04
3,3,32,81,Chateauneuf-Kreher doubling,2024-11,2026-10-04
3,3,34,88,Chateauneuf-Kreher doubling,2024-11,2026-10-04
3,3,40,89,Chateauneuf-Kreher doubling,2024-11,2026-10-04
3,3,46,93,"Cover starter (Colbourn, Torres-Jimenez)",2024-11,2026-10-04
3,3,47,95,"Cover starter (Colbourn, Torres-Jimenez)",2024-11,2026-10-04
3,3,48,97,"Cover starter (Colbourn, Torres-Jimenez)",2024-11,2026-10-04
3,3,49,99,"Cover starter (Colbourn, Torres-Jimenez)",2024-11,2026-10-04
3,3,52,102,simulated annealing (AG-TJ-H),2024-11,2026-10-04
3,3,59,103,simulated annealing (AG-TJ-H),2024-11,2026-10-04
3,3,60,104,simulated annealing (AG-TJ-H),2024-11,2026-10-04
3,3,61,105,two-stage SA (TJ-AG-I),2024-11,2026-10-04
3,3,63,107,two-stage SA (TJ-AG-I),2024-11,2026-10-04
3,3,65,108,two-stage SA (TJ-AG-I),2024-11,2026-10-04
3,3,66,109,two-stage SA (TJ-AG-I),2024-11,2026-10-04
3,3,67,110,two-stage SA (TJ-AG-I),2024-11,2026-10-04
3,3,68,111,two-stage SA (TJ-AG-I),2024-11,2026-10-04
3,3,69,112,two-stage SA (TJ-AG-I),2024-11,2026-10-04
3,3,70,113,two-stage SA (TJ-AG-I),2024-11,2026-10-04
3,3,71,114,two-stage SA (TJ-AG-I),2024-11,2026-10-04
3,3,73,115,two-stage SA (TJ-AG-I),2024-11,2026-10-04
3,3,75,116,two-stage SA (TJ-AG-I),2024-11,2026-10-04
3,3,79,117,two-stage SA (TJ-AG-I),2024-11,2026-10-04
3,3,83,118,two-stage SA (TJ-AG-I),2024-11,2026-10-04
3,3,84,119,two-stage SA (TJ-AG-I),2024-11,2026-10-04
3,3,85,120,two-stage SA (TJ-AG-I),2024-11,2026-10-04
3,3,87,123,two-stage SA (TJ-AG-I),2024-11,2026-10-04
3,3,89,124,two-stage SA (TJ-AG-I),2024-11,2026-10-04
3,3,92,125,two-stage SA (TJ-AG-I),2024-11,2026-10-04
3,3,96,126,two-stage SA (TJ-AG-I),2024-11,2026-10-04
3,3,98,127,two-stage SA (TJ-AG-I),2024-11,2026-10-04
3,3,105,128,two-stage SA (TJ-AG-I),2024-11,2026-10-04
3,3,121,129,two-stage SA (TJ-AG-I),2024-11,2026-10-04
3,3,125,130,two-stage SA (TJ-AG-I),2024-11,2026-10-04
3,3,127,131,two-stage SA (TJ-AG-I),2024-11,2026-10-04
3,3,128,132,two-stage SA (TJ-AG-I),2024-11,2026-10-04
3,3,129,133,two-stage SA (TJ-AG-I),2024-11,2026-10-04
3,3,130,134,two-stage SA (TJ-AG-I),2024-11,2026-10-04
3,3,144,135,Cohen-Colbourn-Ling,2024-11,2026-10-04
3,3,146,139,two-stage SA (TJ-AG-I),2024-11,2026-10-04
3,3,147,140,two-stage SA (TJ-AG-I),2024-11,2026-10-04
3,3,148,141,two-stage SA (TJ-AG-I),2024-11,2026-10-04
3,3,171,145,two-stage SA (TJ-AG-I),2024-11,2026-10-04
3,3,180,146,two-stage SA (TJ-AG-I),2024-11,2026-10-04
3,3,196,147,Cohen-Colbourn-Ling,2024-11,2026-10-04
3,3,211,153,Cohen-Colbourn-Ling,2024-11,2026-10-04
3,3,213,162,two-stage SA (TJ-AG-I),2024-11,2026-10-04
3,3,231,163,two-stage SA (TJ-AG-I),2024-11,2026-10-04
3,3,234,164,two-stage SA (TJ-AG-I),2024-11,2026-10-04
3,3,240,168,two-stage SA (TJ-AG-I),2024-11,2026-10-04
3,3,252,169,two-stage SA (TJ-AG-I),2024-11,2026-10-04
3,3,280,171,Cohen-Colbourn-Ling,2024-11,2026-10-04
3,3,284,176,two-stage SA (TJ-AG-I),2024-11,2026-10-04
3,3,302,177,two-stage SA (TJ-AG-I),2024-11,2026-10-04
3,3,308,178,Cohen-Colbourn-Ling,2024-11,2026-10-04
3,3,333,179,two-stage SA (TJ-AG-I),2024-11,2026-10-04
3,3,342,180,two-stage SA (TJ-AG-I),2024-11,2026-10-04
3,3,378,183,two-stage SA (TJ-AG-I),2024-11,2026-10-04
3,3,392,189,Cohen-Colbourn-Ling,2024-11,2026-10-04
3,3,395,190,two-stage SA (TJ-AG-I),2024-11,2026-10-04
3,3,410,191,two-stage SA (TJ-AG-I),2024-11,2026-10-04
3,3,413,192,two-stage SA (TJ-AG-I),2024-11,2026-10-04
3,3,414,193,two-stage SA (TJ-AG-I),2024-11,2026-10-04
3,3,448,195,Cohen-Colbourn-Ling,2024-11,2026-10-04
3,3,450,197,two-stage SA (TJ-AG-I),2024-11,2026-10-04
3,3,472,199,two-stage SA (TJ-AG-I),2024-11,2026-10-04
3,3,500,200,two-stage SA (TJ-AG-I),2024-11,2026-10-04
3,3,540,203,two-stage SA (TJ-AG-I),2024-11,2026-10-04
3,3,588,213,Colbourn-Martirosyan-TVT-Walker,2024-11,2026-10-04
3,3,594,217,Cohen-Colbourn-Ling,2024-11,2026-10-04
3,3,604,218,Cohen-Colbourn-Ling,2024-11,2026-10-04
3,3,631,219,Cohen-Colbourn-Ling,2024-11,2026-10-04
3,3,644,220,Cohen-Colbourn-Ling,2024-11,2026-10-04
3,3,654,222,Cohen-Colbourn-Ling,2024-11,2026-10-04
3,3,671,223,two-stage SA (TJ-AG-I),2024-11,2026-10-04
3,3,674,224,Cohen-Colbourn-Ling,2024-11,2026-10-04
3,3,702,225,Power CZ3-13.4-6.1-9.1,2024-11,2026-10-04
3,3,704,227,Cohen-Colbourn-Ling,2024-11,2026-10-04
3,3,1014,228,Power CZ3-13.5-6.1,2024-11,2026-10-04
3,3,1352,234,Power CZ3-13.5-8.1,2024-11,2026-10-04
3,3,1521,237,Power CZ3-13.5-9.1,2024-11,2026-10-04
3,3,1690,240,Power CZ3-13.5-10.1,2024-11,2026-10-04
3,3,2028,246,Power CZ3-13.5-12.1,2024-11,2026-10-04
3,3,2198,249,Power CZ3-14.6,2024-11,2026-10-04
3,3,2744,264,Power CZ3-16.3-14.1-14.1-14.1,2024-11,2026-10-04
3,3,3136,270,Power CZ3-16.4-14.1-14.1,2024-11,2026-10-04
3,3,3584,276,Power CZ3-16.5-14.1,2024-11,2026-10-04
3,3,4096,282,Power CZ3-16.6,2024-11,2026-10-04
3,3,4097,300,Add a factor,2024-11,2026-10-04
3,3,4352,303,Power CZ3-17.4-16.1-16.1,2024-11,2026-10-04
3,3,4608,306,Power CZ3-19.3-16.1-16.1-18.1,2024-11,2026-10-04
3,3,4788,308,Power CZ3-19.4-14.1-18.1,2024-11,2026-10-04
3,3,4864,312,Power CZ3-19.4-16.1-16.1,2024-11,2026-10-04
3,3,4896,313,Power CZ3-19.3-16.1-17.1-18.1,2024-11,2026-10-04
3,3,5472,314,Power CZ3-19.4-16.1-18.1,2024-11,2026-10-04
3,3,5776,320,Power CZ3-19.5-16.1,2024-11,2026-10-04
3,3,5814,321,Power CZ3-19.4-17.1-18.1,2024-11,2026-10-04
3,3,6498,322,Power CZ3-19.5-18.1,2024-11,2026-10-04
3,3,6859,328,Power CZ3-19.6,2024-11,2026-10-04
3,3,6860,330,Power CZ3-20.6,2024-11,2026-10-04
3,3,7168,348,Chateauneuf-Kreher doubling,2024-11,2026-10-04
3,3,8000,350,Power CZ3-23.3-20.1-20.1-20.1,2024-11,2026-10-04
3,3,8100,352,Colbourn-Martirosyan-TVT-Walker,2024-11,2026-10-04
3,3,8233,354,Cohen-Colbourn-Ling,2024-11,2026-10-04
3,3,8800,357,Power CZ3-23.3-20.1-20.1-22.1,2024-11,2026-10-04
3,3,8860,358,Power CZ3-23.1-22.4-20.1,2024-11,2026-10-04
3,3,9408,360,Colbourn-Martirosyan-TVT-Walker,2024-11,2026-10-04
3,3,9409,362,Cohen-Colbourn-Ling,2024-11,2026-10-04
3,3,9680,364,Power CZ3-23.3-22.2-20.1,2024-11,2026-10-04
3,3,9746,365,Power CZ3-23.1-22.5,2024-11,2026-10-04
3,3,10000,366,Colbourn-Martirosyan-TVT-Walker,2024-11,2026-10-04
3,4,6,64,orthogonal array,2024-11,2026-10-04
3,4,8,88,Chateauneuf-Kreher NRB,2024-11,2026-10-04
3,4,10,100,Torres Jimenez,2024-11,2026-10-04
3,4,11,110,Torres Jimenez,2024-11,2026-10-04
3,4,12,120,Torres Jimenez,2024-11,2026-10-04
3,4,18,124,Torres Jimenez,2024-11,2026-10-04
3,4,21,127,Raaphorst-Moura-Stevens,2024-11,2026-10-04
3,4,22,136,CPHF 3-stage (IM-TJ-AJ-AG),2024-11,2026-10-04
3,4,38,152,Cyclotomy (Colbourn),2024-11,2026-10-04
3,4,39,186,CPHF 3-stage (IM-TJ-AJ-AG),2024-11,2026-10-04
3,4,41,190,CPHF 3-stage (IM-TJ-AJ-AG),2024-11,2026-10-04
3,4,46,191,CPHF 3-stage (IM-TJ-AJ-AG),2024-11,2026-10-04
3,4,50,192,CPHF 3-stage (IM-TJ-AJ-AG),2024-11,2026-10-04
3,4,52,211,CPHF 3-stage (IM-TJ-AJ-AG),2024-11,2026-10-04
3,4,54,212,Cyclotomy (Colbourn),2024-11,2026-10-04
3,4,55,227,CPHF 3-stage (IM-TJ-AJ-AG),2024-11,2026-10-04
3,4,59,232,CPHF 3-stage (IM-TJ-AJ-AG),2024-11,2026-10-04
3,4,69,235,CPHF 3-stage (IM-TJ-AJ-AG),2024-11,2026-10-04
3,4,73,244,CPHF 3-stage (IM-TJ-AJ-AG),2024-11,2026-10-04
3,4,76,247,Torres Jimenez,2024-11,2026-10-04
3,4,79,250,CPHF 3-stage (IM-TJ-AJ-AG),2024-11,2026-10-04
3,4,98,253,CPHF 3-stage (IM-TJ-AJ-AG),2024-11,2026-10-04
3,4,99,269,CPHF 3-stage (IM-TJ-AJ-AG),2024-11,2026-10-04
3,4,100,272,CPHF 3-stage (IM-TJ-AJ-AG),2024-11,2026-10-04
3,4,101,277,CPHF 3-stage (IM-TJ-AJ-AG),2024-11,2026-10-04
3,4,102,280,CPHF 3-stage (IM-TJ-AJ-AG),2024-11,2026-10-04
3,4,103,281,CPHF 3-stage (IM-TJ-AJ-AG),2024-11,2026-10-04
3,4,104,282,CPHF 3-stage (IM-TJ-AJ-AG),2024-11,2026-10-04
3,4,105,283,CPHF 3-stage (IM-TJ-AJ-AG),2024-11,2026-10-04
3,4,106,284,CPHF 3-stage (IM-TJ-AJ-AG),2024-11,2026-10-04
3,4,126,286,CPHF 3-stage (IM-TJ-AJ-AG),2024-11,2026-10-04
3,4,129,287,CPHF 3-stage (IM-TJ-AJ-AG),2024-11,2026-10-04
3,4,130,288,CPHF 3-stage (IM-TJ-AJ-AG),2024-11,2026-10-04
3,4,140,290,CPHF 3-stage (IM-TJ-AJ-AG),2024-11,2026-10-04
3,4,152,292,CPHF 3-stage (IM-TJ-AJ-AG),2024-11,2026-10-04
3,4,154,298,Cohen-Colbourn-Ling,2024-11,2026-10-04
3,4,162,316,CPHF 3-stage (IM-TJ-AJ-AG),2024-11,2026-10-04
3,4,191,326,Cohen-Colbourn-Ling,2024-11,2026-10-04
3,4,197,333,CPHF 3-stage (IM-TJ-AJ-AG),2024-11,2026-10-04
3,4,200,334,CPHF 3-stage (IM-TJ-AJ-AG),2024-11,2026-10-04
3,4,230,349,CPHF 3-stage (IM-TJ-AJ-AG),2024-11,2026-10-04
3,4,240,361,CPHF 3-stage (IM-TJ-AJ-AG),2024-11,2026-10-04
3,4,266,364,CPHF 3-stage (IM-TJ-AJ-AG),2024-11,2026-10-04
3,4,279,370,CPHF 3-stage (IM-TJ-AJ-AG),2024-11,2026-10-04
3,4,286,373,CPHF 3-stage (IM-TJ-AJ-AG),2024-11,2026-10-04
3,4,304,376,CPHF 3-stage (IM-TJ-AJ-AG),2024-11,2026-10-04
3,4,325,379,CPHF 3-stage (IM-TJ-AJ-AG),2024-11,2026-10-04
3,4,338,389,CPHF 3-stage (IM-TJ-AJ-AG),2024-11,2026-10-04
3,4,339,395,CPHF 3-stage (IM-TJ-AJ-AG),2024-11,2026-10-04
3,4,343,397,"Restricted CPHF Ext  7( 3, 4) WCS",2024-11,2026-10-04
3,4,360,400,CPHF 3-stage (IM-TJ-AJ-AG),2024-11,2026-10-04
3,4,366,403,CPHF 3-stage (IM-TJ-AJ-AG),2024-11,2026-10-04
3,4,390,404,CPHF 3-stage (IM-TJ-AJ-AG),2024-11,2026-10-04
3,4,397,405,CPHF 3-stage (IM-TJ-AJ-AG),2024-11,2026-10-04
3,4,400,406,CPHF 3-stage (IM-TJ-AJ-AG),2024-11,2026-10-04
3,4,407,412,"Restricted CPHF Ext  7( 2, 3) WCS",2024-11,2026-10-04
3,4,415,415,CPHF 3-stage (IM-TJ-AJ-AG),2024-11,2026-10-04
3,4,432,416,CPHF 3-stage (IM-TJ-AJ-AG),2024-11,2026-10-04
3,4,441,417,CPHF 3-stage (IM-TJ-AJ-AG),2024-11,2026-10-04
3,4,442,418,CPHF 3-stage (IM-TJ-AJ-AG),2024-11,2026-10-04
3,4,443,421,"Restricted CPHF Ext  7( 1, 4) WCS",2024-11,2026-10-04
3,4,490,424,CPHF 3-stage (IM-TJ-AJ-AG),2024-11,2026-10-04
3,4,516,427,CPHF 3-stage (IM-TJ-AJ-AG),2024-11,2026-10-04
3,4,522,433,"Restricted CPHF Ext  7( 0, 4) WCS",2024-11,2026-10-04
3,4,541,436,"Restricted CPHF Ext  7( 0, 3) WCS",2024-11,2026-10-04
3,4,560,439,"Restricted CPHF Ext  7( 0, 2) WCS",2024-11,2026-10-04
3,4,624,442,CPHF 3-stage (IM-TJ-AJ-AG),2024-11,2026-10-04
3,4,675,445,CPHF 3-stage (IM-TJ-AJ-AG),2024-11,2026-10-04
3,4,762,460,CPHF 3-stage (IM-TJ-AJ-AG),2024-11,2026-10-04
3,4,779,471,CPHF 3-stage (IM-TJ-AJ-AG),2024-11,2026-10-04
3,4,798,472,CPHF 3-stage (IM-TJ-AJ-AG),2024-11,2026-10-04
3,4,816,475,"Restricted CPHF Ext  8( 2, 3) WCS",2024-11,2026-10-04
3,4,827,478,"Restricted CPHF Ext  9( 6, 7) WCS",2024-11,2026-10-04
3,4,837,481,"Restricted CPHF Ext  8( 1, 5) WCS",2024-11,2026-10-04
3,4,884,484,"Restricted CPHF Ext  8( 0, 8) WCS",2024-11,2026-10-04
3,4,911,487,"Restricted CPHF Ext  8( 0, 7) WCS",2024-11,2026-10-04
3,4,940,490,"Restricted CPHF Ext  9( 5, 7) WCS",2024-11,2026-10-04
3,4,978,493,"Restricted CPHF Ext  8( 0, 5) WCS",2024-11,2026-10-04
3,4,1001,496,"Restricted CPHF Ext  8( 0, 4) WCS",2024-11,2026-10-04
3,4,1032,499,"Restricted CPHF Ext  8( 0, 3) WCS",2024-11,2026-10-04
3,4,1067,502,"Restricted CPHF Ext  8( 0, 2) WCS",2024-11,2026-10-04
3,4,1160,505,"Restricted CPHF Ext  8( 0, 0) WCS",2024-11,2026-10-04
3,4,1183,514,"Restricted CPHF Ext  9( 3, 7) WCS",2024-11,2026-10-04
3,4,1202,517,"Restricted CPHF Ext  9( 3, 6) WCS",2024-11,2026-10-04
3,4,1235,520,"Restricted CPHF Ext  9( 3, 5) WCS",2024-11,2026-10-04
3,4,1291,523,"Restricted CPHF Ext 10( 7, 9) WCS",2024-11,2026-10-04
3,4,1323,526,"Restricted CPHF Ext 10( 7, 8) WCS",2024-11,2026-10-04
3,4,1353,529,"Restricted CPHF Ext  9( 2, 6) WCS",2024-11,2026-10-04
3,4,1396,532,"Restricted CPHF Ext  9( 2, 5) WCS",2024-11,2026-10-04
3,4,1491,535,"Restricted CPHF Ext  9( 2, 4) WCS",2024-11,2026-10-04
3,4,1530,538,"Restricted CPHF Ext  9( 2, 3) WCS",2024-11,2026-10-04
3,4,1539,541,"Restricted CPHF Ext 10( 6, 7) WCS",2024-11,2026-10-04
3,4,1652,544,"Restricted CPHF Ext  9( 0, 9) WCS",2024-11,2026-10-04
3,4,1666,547,"Restricted CPHF Ext  9( 0, 8) WCS",2024-11,2026-10-04
3,4,1696,550,"Restricted CPHF Ext  9( 0, 7) WCS",2024-11,2026-10-04
3,4,1754,553,"Restricted CPHF Ext  9( 0, 6) WCS",2024-11,2026-10-04
3,4,1810,556,"Restricted CPHF Ext 10( 5, 6) WCS",2024-11,2026-10-04
3,4,1868,559,"Restricted CPHF Ext  9( 0, 4) WCS",2024-11,2026-10-04
3,4,1938,562,"Restricted CPHF Ext  9( 0, 3) WCS",2024-11,2026-10-04
3,4,2016,565,"Restricted CPHF Ext  9( 0, 2) WCS",2024-11,2026-10-04
3,4,2120,568,"Restricted CPHF Ext  9( 0, 0) WCS",2024-11,2026-10-04
3,4,2148,574,"Restricted CPHF Ext 11( 8, 9) WCS",2024-11,2026-10-04
3,4,2179,577,"Restricted CPHF Ext 10( 3, 7) WCS",2024-11,2026-10-04
3,4,2225,580,"Restricted CPHF Ext 11( 7,11) WCS",2024-11,2026-10-04
3,4,2272,583,"Restricted CPHF Ext 10( 3, 5) WCS",2024-11,2026-10-04
3,4,2372,586,"Restricted CPHF Ext 11( 7, 9) WCS",2024-11,2026-10-04
3,4,2407,589,"Restricted CPHF Ext 10( 2, 7) WCS",2024-11,2026-10-04
3,4,2480,592,"Restricted CPHF Ext 10( 2, 6) WCS",2024-11,2026-10-04
3,4,2549,595,"Restricted CPHF Ext 10( 2, 5) WCS",2024-11,2026-10-04
3,4,2626,598,"Restricted CPHF Ext 10( 2, 4) WCS",2024-11,2026-10-04
3,4,2730,601,"Restricted CPHF Ext 11( 6, 8) WCS",2024-11,2026-10-04
3,4,2871,604,"Restricted CPHF Ext 10( 0,10) WCS",2024-11,2026-10-04
3,4,2921,607,"Restricted CPHF Ext 10( 0, 9) WCS",2024-11,2026-10-04
3,4,2985,610,"Restricted CPHF Ext 10( 0, 8) WCS",2024-11,2026-10-04
3,4,3062,613,"Restricted CPHF Ext 11( 5, 8) WCS",2024-11,2026-10-04
3,4,3134,616,"Restricted CPHF Ext 11( 5, 7) WCS",2024-11,2026-10-04
3,4,3269,619,"Restricted CPHF Ext 11( 5, 6) WCS",2024-11,2026-10-04
3,4,3422,622,"Restricted CPHF Ext 10( 0, 4) WCS",2024-11,2026-10-04
3,4,3498,625,"Restricted CPHF Ext 10( 0, 3) WCS",2024-11,2026-10-04
3,4,3591,628,"Restricted CPHF Ext 10( 0, 2) WCS",2024-11,2026-10-04
3,4,3969,631,CPHF IPO 10 (WCS),2024-11,2026-10-04
3,4,4093,646,"Restricted CPHF Ext 11( 3, 5) WCS",2024-11,2026-10-04
3,4,4237,649,"Restricted CPHF Ext 11( 3, 4) WCS",2024-11,2026-10-04
3,4,4346,652,"Restricted CPHF Ext 11( 1,11) WCS",2024-11,2026-10-04
3,4,4426,655,"Restricted CPHF Ext 11( 2, 6) WCS",2024-11,2026-10-04
3,4,4601,658,"Restricted CPHF Ext 11( 2, 5) WCS",2024-11,2026-10-04
3,4,4728,661,"Restricted CPHF Ext 11( 2, 4) WCS",2024-11,2026-10-04
3,4,5184,664,"Restricted CPHF Ext 11( 0,11) WCS",2024-11,2026-10-04
3,4,5193,667,"Restricted CPHF Ext 11( 0,10) WCS",2024-11,2026-10-04
3,4,5261,670,"Restricted CPHF Ext 11( 0, 9) WCS",2024-11,2026-10-04
3,4,5366,673,"Restricted CPHF Ext 11( 0, 8) WCS",2024-11,2026-10-04
3,4,5495,676,"Restricted CPHF Ext 12( 4,12) WCS",2024-11,2026-10-04
3,4,5712,679,"Restricted CPHF Ext 11( 0, 6) WCS",2024-11,2026-10-04
3,4,5935,682,"Restricted CPHF Ext 11( 0, 5) WCS",2024-11,2026-10-04
3,4,6158,685,"Restricted CPHF Ext 11( 0, 4) WCS",2024-11,2026-10-04
3,4,6335,688,"Restricted CPHF Ext 11( 0, 3) WCS",2024-11,2026-10-04
3,4,6465,691,"Restricted CPHF Ext 11( 0, 2) WCS",2024-11,2026-10-04
3,4,7523,694,CPHF IPO 11 (WCS),2024-11,2026-10-04
3,4,7684,712,"Restricted CPHF Ext 12( 3, 4) WCS",2024-11,2026-10-04
3,4,7911,715,"Restricted CPHF Ext 12( 2, 7) WCS",2024-11,2026-10-04
3,4,8064,718,"Restricted CPHF Ext 12( 2, 6) WCS",2024-11,2026-10-04
3,4,8348,721,"Restricted CPHF Ext 12( 2, 5) WCS",2024-11,2026-10-04
3,4,8892,724,"Restricted CPHF Ext 12( 0,12) WCS",2024-11,2026-10-04
3,4,8983,727,"Restricted CPHF Ext 12( 2, 3) WCS",2024-11,2026-10-04
3,4,9301,730,"Restricted CPHF Ext 13( 6, 7) WCS",2024-11,2026-10-04
3,4,9648,733,"Restricted CPHF Ext 12( 0, 9) WCS",2024-11,2026-10-04
3,4,9895,736,"Restricted CPHF Ext 12( 0, 8) WCS",2024-11,2026-10-04
3,4,10000,739,"Restricted CPHF Ext 12( 0, 7) WCS",2024-11,2026-10-04
3,5,6,125,orthogonal array,2024-11,2026-10-04
3,5,7,170,Torres Jimenez,2024-11,2026-10-04
3,5,10,185,Chateauneuf-Kreher NRB,2024-11,2026-10-04
3,5,12,225,Chateauneuf-Kreher doubling,2024-11,2026-10-04
3,5,24,245,SCPHF (Sherwood-Martirosyan-Colbourn),2024-11,2026-10-04
3,5,31,249,Raaphorst-Moura-Stevens,2024-11,2026-10-04
3,5,36,349,Restricted CPHF Sim Annealing (TJ-IM),2024-11,2026-10-04
3,5,52,365,SCPHF Sim Annealing (TJ-IM),2024-11,2026-10-04
3,5,55,373,Restricted CPHF Sim Annealing (TJ-IM),2024-11,2026-10-04
3,5,82,404,Torres Jimenez,2024-11,2026-10-04
3,5,96,465,Restricted CPHF Sim Annealing (TJ-IM),2024-11,2026-10-04
3,5,99,469,Restricted CPHF Sim Annealing (TJ-IM),2024-11,2026-10-04
3,5,104,473,Restricted CPHF Sim Annealing (TJ-IM),2024-11,2026-10-04
3,5,118,485,Restricted CPHF Sim Annealing (TJ-IM),2024-11,2026-10-04
3,5,128,497,Restricted CPHF Sim Annealing (TJ-IM),2024-11,2026-10-04
3,5,155,529,Colbourn-Martirosyan-TVT-Walker,2024-11,2026-10-04
3,5,156,544,Cohen-Colbourn-Ling,2024-11,2026-10-04
3,5,170,565,Path-Restricted SCPHF RE (CLS),2024-11,2026-10-04
3,5,175,569,Restricted CPHF Sim Annealing (TJ-IM),2024-11,2026-10-04
3,5,187,573,Restricted CPHF Sim Annealing (TJ-IM),2024-11,2026-10-04
3,5,193,585,Restricted CPHF Sim Annealing (TJ-IM),2024-11,2026-10-04
3,5,197,593,"Restricted CPHF Ext  5( 1, 3) WCS",2024-11,2026-10-04
3,5,236,597,Restricted CPHF Sim Annealing (TJ-IM),2024-11,2026-10-04
3,5,240,605,Restricted CPHF Sim Annealing (TJ-IM),2024-11,2026-10-04
3,5,241,613,"Restricted CPHF Ext  5( 0, 3) WCS",2024-11,2026-10-04
3,5,246,617,"Restricted CPHF Ext  5( 0, 2) WCS",2024-11,2026-10-04
3,5,298,621,Restricted CPHF Sim Annealing (TJ-IM),2024-11,2026-10-04
3,5,310,665,"Restricted CPHF Ext  6( 3, 6) WCS",2024-11,2026-10-04
3,5,322,669,"Restricted CPHF Ext  6( 3, 5) WCS",2024-11,2026-10-04
3,5,351,673,Restricted CPHF Sim Annealing (TJ-IM),2024-11,2026-10-04
3,5,362,685,"Restricted CPHF Ext  6( 2, 6) WCS",2024-11,2026-10-04
3,5,373,689,"Restricted CPHF Ext  6( 2, 5) WCS",2024-11,2026-10-04
3,5,382,693,"Restricted CPHF Ext  6( 2, 4) WCS",2024-11,2026-10-04
3,5,386,697,"Restricted CPHF Ext  6( 2, 3) WCS",2024-11,2026-10-04
3,5,408,705,"Restricted CPHF Ext  6( 1, 6) WCS",2024-11,2026-10-04
3,5,424,709,"Restricted CPHF Ext  6( 1, 5) WCS",2024-11,2026-10-04
3,5,429,713,"Restricted CPHF Ext  6( 1, 4) WCS",2024-11,2026-10-04
3,5,439,717,"Restricted CPHF Ext  6( 1, 3) WCS",2024-11,2026-10-04
3,5,500,721,Restricted CPHF Sim Annealing (TJ-IM),2024-11,2026-10-04
3,5,505,725,"Restricted CPHF Ext  6( 0, 6) WCS",2024-11,2026-10-04
3,5,519,729,"Restricted CPHF Ext  6( 0, 5) WCS",2024-11,2026-10-04
3,5,530,733,"Restricted CPHF Ext  6( 0, 4) WCS",2024-11,2026-10-04
3,5,548,737,"Restricted CPHF Ext  6( 0, 3) WCS",2024-11,2026-10-04
3,5,557,741,"Restricted CPHF Ext  6( 0, 2) WCS",2024-11,2026-10-04
3,5,618,745,Restricted CPHF Sim Annealing (TJ-IM),2024-11,2026-10-04
3,5,619,773,"Restricted CPHF Ext  7( 4, 5) WCS",2024-11,2026-10-04
3,5,676,785,"Restricted CPHF Ext  7( 3, 7) WCS",2024-11,2026-10-04
3,5,697,789,"Restricted CPHF Ext  7( 3, 6) WCS",2024-11,2026-10-04
3,5,715,793,"Restricted CPHF Ext  7( 3, 5) WCS",2024-11,2026-10-04
3,5,729,797,"Restricted CPHF Ext  7( 3, 4) WCS",2024-11,2026-10-04
3,5,785,805,"Restricted CPHF Ext  7( 2, 7) WCS",2024-11,2026-10-04
3,5,806,809,"Restricted CPHF Ext  7( 2, 6) WCS",2024-11,2026-10-04
3,5,825,813,"Restricted CPHF Ext  7( 2, 5) WCS",2024-11,2026-10-04
3,5,845,817,"Restricted CPHF Ext  7( 2, 4) WCS",2024-11,2026-10-04
3,5,863,821,"Restricted CPHF Ext  7( 2, 3) WCS",2024-11,2026-10-04
3,5,891,825,"Restricted CPHF Ext  7( 1, 7) WCS",2024-11,2026-10-04
3,5,905,829,"Restricted CPHF Ext  7( 1, 6) WCS",2024-11,2026-10-04
3,5,941,833,"Restricted CPHF Ext  7( 1, 5) WCS",2024-11,2026-10-04
3,5,961,837,"Restricted CPHF Ext  7( 1, 4) WCS",2024-11,2026-10-04
3,5,979,841,"Restricted CPHF Ext  7( 1, 3) WCS",2024-11,2026-10-04
3,5,1083,845,"Restricted CPHF Ext  7( 0, 7) WCS",2024-11,2026-10-04
3,5,1111,849,"Restricted CPHF Ext  7( 0, 6) WCS",2024-11,2026-10-04
3,5,1129,853,"Restricted CPHF Ext  7( 0, 5) WCS",2024-11,2026-10-04
3,5,1164,857,"Restricted CPHF Ext  7( 0, 4) WCS",2024-11,2026-10-04
3,5,1181,861,"Restricted CPHF Ext  7( 0, 3) WCS",2024-11,2026-10-04
3,5,1212,865,"Restricted CPHF Ext  7( 0, 2) WCS",2024-11,2026-10-04
3,5,1291,869,"Restricted CPHF Ext  7( 0, 0) WCS",2024-11,2026-10-04
3,5,1309,893,"Restricted CPHF Ext  8( 4, 6) WCS",2024-11,2026-10-04
3,5,1340,897,"Restricted CPHF Ext  8( 4, 5) WCS",2024-11,2026-10-04
3,5,1419,905,"Restricted CPHF Ext  8( 3, 8) WCS",2024-11,2026-10-04
3,5,1469,909,"Restricted CPHF Ext  8( 3, 7) WCS",2024-11,2026-10-04
3,5,1509,913,"Restricted CPHF Ext  8( 3, 6) WCS",2024-11,2026-10-04
3,5,1541,917,"Restricted CPHF Ext  8( 3, 5) WCS",2024-11,2026-10-04
3,5,1570,921,"Restricted CPHF Ext  8( 3, 4) WCS",2024-11,2026-10-04
3,5,1609,925,"Restricted CPHF Ext  8( 2, 8) WCS",2024-11,2026-10-04
3,5,1689,929,"Restricted CPHF Ext  8( 2, 7) WCS",2024-11,2026-10-04
3,5,1719,933,"Restricted CPHF Ext  8( 2, 6) WCS",2024-11,2026-10-04
3,5,1767,937,"Restricted CPHF Ext  8( 2, 5) WCS",2024-11,2026-10-04
3,5,1806,941,"Restricted CPHF Ext  8( 2, 4) WCS",2024-11,2026-10-04
3,5,1873,945,"Restricted CPHF Ext  8( 2, 3) WCS",2024-11,2026-10-04
3,5,1884,949,"Restricted CPHF Ext  8( 1, 7) WCS",2024-11,2026-10-04
3,5,1923,953,"Restricted CPHF Ext  8( 1, 6) WCS",2024-11,2026-10-04
3,5,1975,957,"Restricted CPHF Ext  8( 1, 5) WCS",2024-11,2026-10-04
3,5,2043,961,"Restricted CPHF Ext  8( 1, 4) WCS",2024-11,2026-10-04
3,5,2290,965,"Restricted CPHF Ext  8( 0, 8) WCS",2024-11,2026-10-04
3,5,2317,969,"Restricted CPHF Ext  8( 0, 7) WCS",2024-11,2026-10-04
3,5,2352,973,"Restricted CPHF Ext  8( 0, 6) WCS",2024-11,2026-10-04
3,5,2407,977,"Restricted CPHF Ext  8( 0, 5) WCS",2024-11,2026-10-04
3,5,2461,981,"Restricted CPHF Ext  8( 0, 4) WCS",2024-11,2026-10-04
3,5,2556,985,"Restricted CPHF Ext  8( 0, 3) WCS",2024-11,2026-10-04
3,5,2586,989,"Restricted CPHF Ext  8( 0, 2) WCS",2024-11,2026-10-04
3,5,2702,993,CPHF IPO 8 (WCS),2024-11,2026-10-04
3,5,2722,1017,"Restricted CPHF Ext  9( 4, 6) WCS",2024-11,2026-10-04
3,5,2772,1021,"Restricted CPHF Ext  9( 4, 5) WCS",2024-11,2026-10-04
3,5,2790,1025,"Restricted CPHF Ext  9( 3, 9) WCS",2024-11,2026-10-04
3,5,2896,1029,"Restricted CPHF Ext  9( 3, 8) WCS",2024-11,2026-10-04
3,5,3113,1033,"Restricted CPHF Ext  9( 3, 7) WCS",2024-11,2026-10-04
3,5,3171,1037,"Restricted CPHF Ext  9( 3, 6) WCS",2024-11,2026-10-04
3,5,3217,1041,"Restricted CPHF Ext  9( 3, 5) WCS",2024-11,2026-10-04
3,5,3243,1045,"Restricted CPHF Ext  9( 3, 4) WCS",2024-11,2026-10-04
3,5,3305,1049,"Restricted CPHF Ext  9( 2, 8) WCS",2024-11,2026-10-04
3,5,3535,1053,"Restricted CPHF Ext  9( 2, 7) WCS",2024-11,2026-10-04
3,5,3629,1057,"Restricted CPHF Ext  9( 2, 6) WCS",2024-11,2026-10-04
3,5,3660,1061,"Restricted CPHF Ext  9( 2, 5) WCS",2024-11,2026-10-04
3,5,3738,1065,"Restricted CPHF Ext  9( 1, 9) WCS",2024-11,2026-10-04
3,5,3784,1069,"Restricted CPHF Ext  9( 1, 8) WCS",2024-11,2026-10-04
3,5,3831,1073,"Restricted CPHF Ext  9( 1, 7) WCS",2024-11,2026-10-04
3,5,4041,1077,"Restricted CPHF Ext  9( 1, 6) WCS",2024-11,2026-10-04
3,5,4102,1081,"Restricted CPHF Ext  9( 1, 5) WCS",2024-11,2026-10-04
3,5,4571,1085,"Restricted CPHF Ext  9( 0, 9) WCS",2024-11,2026-10-04
3,5,4644,1089,"Restricted CPHF Ext  9( 0, 8) WCS",2024-11,2026-10-04
3,5,4746,1093,"Restricted CPHF Ext  9( 0, 7) WCS",2024-11,2026-10-04
3,5,4760,1097,"Restricted CPHF Ext  9( 0, 6) WCS",2024-11,2026-10-04
3,5,4817,1101,"Restricted CPHF Ext  9( 0, 5) WCS",2024-11,2026-10-04
3,5,4878,1105,"Restricted CPHF Ext  9( 0, 4) WCS",2024-11,2026-10-04
3,5,5015,1109,"Restricted CPHF Ext  9( 0, 3) WCS",2024-11,2026-10-04
3,5,5147,1113,"Restricted CPHF Ext  9( 0, 2) WCS",2024-11,2026-10-04
3,5,5683,1117,CPHF IPO 9 (WCS),2024-11,2026-10-04
3,5,5685,1149,"Restricted CPHF Ext 10( 3, 9) WCS",2024-11,2026-10-04
3,5,5836,1153,"Restricted CPHF Ext 10( 3, 8) WCS",2024-11,2026-10-04
3,5,6001,1157,"Restricted CPHF Ext 10( 3, 7) WCS",2024-11,2026-10-04
3,5,6129,1161,"Restricted CPHF Ext 10( 3, 6) WCS",2024-11,2026-10-04
3,5,6326,1165,"Restricted CPHF Ext 10( 3, 5) WCS",2024-11,2026-10-04
3,5,6503,1169,"Restricted CPHF Ext 10( 2, 9) WCS",2024-11,2026-10-04
3,5,6693,1173,"Restricted CPHF Ext 10( 2, 8) WCS",2024-11,2026-10-04
3,5,6887,1177,"Restricted CPHF Ext 10( 2, 7) WCS",2024-11,2026-10-04
3,5,7084,1181,"Restricted CPHF Ext 10( 2, 6) WCS",2024-11,2026-10-04
3,5,7276,1185,"Restricted CPHF Ext 10( 2, 5) WCS",2024-11,2026-10-04
3,5,7470,1189,"Restricted CPHF Ext 10( 2, 4) WCS",2024-11,2026-10-04
3,5,7574,1193,"Restricted CPHF Ext 10( 2, 3) WCS",2024-11,2026-10-04
3,5,7709,1197,"Restricted CPHF Ext 10( 1, 7) WCS",2024-11,2026-10-04
3,5,7941,1201,"Restricted CPHF Ext 10( 1, 6) WCS",2024-11,2026-10-04
3,5,8979,1205,"Restricted CPHF Ext 10( 0,10) WCS",2024-11,2026-10-04
3,5,9007,1209,"Restricted CPHF Ext 10( 0, 9) WCS",2024-11,2026-10-04
3,5,9180,1213,"Restricted CPHF Ext 10( 0, 8) WCS",2024-11,2026-10-04
3,5,9395,1217,"Restricted CPHF Ext 10( 0, 7) WCS",2024-11,2026-10-04
3,5,9517,1221,"Restricted CPHF Ext 10( 0, 6) WCS",2024-11,2026-10-04
3,5,9727,1225,"Restricted CPHF Ext 10( 0, 5) WCS",2024-11,2026-10-04
3,5,10000,1229,"Restricted CPHF Ext 10( 0, 4) WCS",2024-11,2026-10-04
3,6,4,216,Derive from strength 4,2024-11,2026-10-04
3,6,5,240,cross-sum (CKRS),2024-11,2026-10-04
3,6,6,258,cross-sum (CKRS),2024-11,2026-10-04
3,6,7,290,Torres Jimenez,2024-11,2026-10-04
3,6,8,301,Torres Jimenez,2024-11,2026-10-04
3,6,9,361,Torres Jimenez,2024-11,2026-10-04
3,6,10,380,Torres Jimenez,2024-11,2026-10-04
3,6,11,420,Torres Jimenez,2024-11,2026-10-04
3,6,12,463,Chateauneuf-Kreher doubling,2024-11,2026-10-04
3,6,13,490,Torres Jimenez,2024-11,2026-10-04
3,6,14,498,Chateauneuf-Kreher doubling postop NCK,2024-11,2026-10-04
3,6,15,506,Chateauneuf-Kreher doubling postop NCK,2024-11,2026-10-04
3,6,16,510,Chateauneuf-Kreher doubling postop NCK,2024-11,2026-10-04
3,6,17,549,Torres Jimenez,2024-11,2026-10-04
3,6,18,591,Torres Jimenez,2024-11,2026-10-04
3,6,20,620,Chateauneuf-Kreher doubling,2024-11,2026-10-04
3,6,104,624,Cyclotomy (Colbourn),2024-11,2026-10-04
3,6,122,726,Cyclotomy (Torres-Jimenez),2024-11,2026-10-04
3,6,128,762,Cyclotomy (Colbourn),2024-11,2026-10-04
3,6,152,906,Cyclotomy (Colbourn),2024-11,2026-10-04
3,6,164,978,Cyclotomy (Colbourn),2024-11,2026-10-04
3,6,170,1020,Cyclotomy (Torres-Jimenez),2024-11,2026-10-04
3,6,172,1049,Chateauneuf-Kreher doubling,2024-11,2026-10-04
3,6,178,1054,Chateauneuf-Kreher doubling,2024-11,2026-10-04
3,6,188,1059,Chateauneuf-Kreher doubling,2024-11,2026-10-04
3,6,200,1064,Chateauneuf-Kreher doubling,2024-11,2026-10-04
3,6,204,1069,Chateauneuf-Kreher doubling,2024-11,2026-10-04
3,6,208,1074,Chateauneuf-Kreher doubling,2024-11,2026-10-04
3,6,220,1176,Chateauneuf-Kreher doubling,2024-11,2026-10-04
3,6,238,1181,Chateauneuf-Kreher doubling,2024-11,2026-10-04
3,6,244,1186,Chateauneuf-Kreher doubling,2024-11,2026-10-04
3,6,256,1222,Chateauneuf-Kreher doubling,2024-11,2026-10-04
3,6,264,1270,Cohen-Colbourn-Ling,2024-11,2026-10-04
3,6,268,1276,Cohen-Colbourn-Ling,2024-11,2026-10-04
3,6,272,1282,Cohen-Colbourn-Ling,2024-11,2026-10-04
3,6,296,1286,Cohen-Colbourn-Ling,2024-11,2026-10-04
3,6,316,1306,Cohen-Colbourn-Ling,2024-11,2026-10-04
3,6,344,1318,Cohen-Colbourn-Ling,2024-11,2026-10-04
3,6,356,1330,Cohen-Colbourn-Ling,2024-11,2026-10-04
3,6,372,1336,Cohen-Colbourn-Ling,2024-11,2026-10-04
3,6,392,1342,Cohen-Colbourn-Ling,2024-11,2026-10-04
3,6,404,1348,Cohen-Colbourn-Ling,2024-11,2026-10-04
3,6,416,1350,Cohen-Colbourn-Ling,2024-11,2026-10-04
3,6,424,1370,Cohen-Colbourn-Ling,2024-11,2026-10-04
3,6,504,1405,Cohen-Colbourn-Ling,2024-11,2026-10-04
3,6,520,1422,Cohen-Colbourn-Ling,2024-11,2026-10-04
3,6,552,1427,Cohen-Colbourn-Ling,2024-11,2026-10-04
3,6,624,1440,Cohen-Colbourn-Ling,2024-11,2026-10-04
3,6,664,1463,Cohen-Colbourn-Ling,2024-11,2026-10-04
3,6,728,1488,Cohen-Colbourn-Ling,2024-11,2026-10-04
3,6,832,1499,Cohen-Colbourn-Ling,2024-11,2026-10-04
3,6,854,1616,Cohen-Colbourn-Ling,2024-11,2026-10-04
3,6,976,1627,Cohen-Colbourn-Ling,2024-11,2026-10-04
3,6,992,1663,Cohen-Colbourn-Ling,2024-11,2026-10-04
3,6,1024,1670,Cohen-Colbourn-Ling,2024-11,2026-10-04
3,6,1040,1690,Cohen-Colbourn-Ling,2024-11,2026-10-04
3,6,1098,1773,Cohen-Colbourn-Ling,2024-11,2026-10-04
3,6,1144,1778,Cohen-Colbourn-Ling,2024-11,2026-10-04
3,6,1220,1792,Cohen-Colbourn-Ling,2024-11,2026-10-04
3,6,1240,1828,Cohen-Colbourn-Ling,2024-11,2026-10-04
3,6,1280,1836,Cohen-Colbourn-Ling,2024-11,2026-10-04
3,6,1855,1869,"perfect hash family3,1855,104",2024-11,2026-10-04
3,6,1856,2049,Add a factor,2024-11,2026-10-04
3,6,1868,2056,Cohen-Colbourn-Ling,2024-11,2026-10-04
3,6,1872,2061,Cohen-Colbourn-Ling,2024-11,2026-10-04
3,6,1952,2066,Cohen-Colbourn-Ling,2024-11,2026-10-04
3,6,2492,2073,"perfect hash family3,2906,122T18",2024-11,2026-10-04
3,6,2600,2145,"perfect hash family3,3125,125T21",2024-11,2026-10-04
3,6,2788,2169,Cohen-Colbourn-Ling,2024-11,2026-10-04
3,6,2907,2175,"perfect hash family3,2978,123S3",2024-11,2026-10-04
3,6,2964,2182,Cohen-Colbourn-Ling,2024-11,2026-10-04
3,6,3008,2195,Cohen-Colbourn-Ling,2024-11,2026-10-04
3,6,3052,2208,Cohen-Colbourn-Ling,2024-11,2026-10-04
3,6,3096,2221,Cohen-Colbourn-Ling,2024-11,2026-10-04
3,6,3560,2226,Cohen-Colbourn-Ling,2024-11,2026-10-04
3,6,4008,2240,Cohen-Colbourn-Ling,2024-11,2026-10-04
3,6,4264,2254,Cohen-Colbourn-Ling,2024-11,2026-10-04
3,6,4328,2268,Cohen-Colbourn-Ling,2024-11,2026-10-04
3,6,4392,2282,Cohen-Colbourn-Ling,2024-11,2026-10-04
3,6,4456,2296,Cohen-Colbourn-Ling,2024-11,2026-10-04
3,6,4584,2310,Cohen-Colbourn-Ling,2024-11,2026-10-04
3,6,4984,2311,Cohen-Colbourn-Ling,2024-11,2026-10-04
3,6,5304,2326,Cohen-Colbourn-Ling,2024-11,2026-10-04
3,6,5384,2341,Cohen-Colbourn-Ling,2024-11,2026-10-04
3,6,5464,2356,Cohen-Colbourn-Ling,2024-11,2026-10-04
3,6,5720,2366,Cohen-Colbourn-Ling,2024-11,2026-10-04
3,6,6448,2382,Cohen-Colbourn-Ling,2024-11,2026-10-04
3,6,6864,2398,Cohen-Colbourn-Ling,2024-11,2026-10-04
3,6,6968,2414,Cohen-Colbourn-Ling,2024-11,2026-10-04
3,6,7072,2430,Cohen-Colbourn-Ling,2024-11,2026-10-04
3,6,7176,2446,Cohen-Colbourn-Ling,2024-11,2026-10-04
3,6,7384,2462,Cohen-Colbourn-Ling,2024-11,2026-10-04
3,6,7592,2478,Cohen-Colbourn-Ling,2024-11,2026-10-04
3,6,10000,2492,Power CT100^2,2024-11,2026-10-04
3,7,8,343,orthogonal array,2024-11,2026-10-04
3,7,9,472,simulated annealing (CKRS),2024-11,2026-10-04
3,7,10,479,simulated annealing (CKRS),2024-11,2026-10-04
3,7,16,637,Chateauneuf-Kreher doubling,2024-11,2026-10-04
3,7,45,679,SCPHF LFSR (TJ-IM),2024-11,2026-10-04
3,7,57,685,Raaphorst-Moura-Stevens,2024-11,2026-10-04
3,7,58,979,Add a factor,2024-11,2026-10-04
3,7,64,1014,SCPHF Conditional Expectation (CLS) fuse,2024-11,2026-10-04
3,7,90,1015,SCPHF Sim Annealing (TJ-IM),2024-11,2026-10-04
3,7,94,1027,CPHF Sim Annealing (TJ-IM),2024-11,2026-10-04
3,7,170,1183,Cyclotomy (Torres-Jimenez),2024-11,2026-10-04
3,7,183,1309,Path-Restricted SCPHF RE (CLS),2024-11,2026-10-04
3,7,227,1351,SCPHF Conditional Expectation (CLS),2024-11,2026-10-04
3,7,237,1369,CPHF Sim Annealing (TJ-IM),2024-11,2026-10-04
3,7,315,1519,Colbourn-Martirosyan-TVT-Walker,2024-11,2026-10-04
3,7,316,1524,Cohen-Colbourn-Ling,2024-11,2026-10-04
3,7,399,1525,Colbourn-Martirosyan-TVT-Walker,2024-11,2026-10-04
3,7,400,1566,Cohen-Colbourn-Ling,2024-11,2026-10-04
3,7,440,1645,"Restricted CPHF Ext  5( 1, 5) WCS",2024-11,2026-10-04
3,7,446,1651,"Restricted CPHF Ext  5( 1, 4) WCS",2024-11,2026-10-04
3,7,451,1657,"Restricted CPHF Ext  5( 1, 3) WCS",2024-11,2026-10-04
3,7,456,1663,"Restricted CPHF Ext  5( 1, 2) WCS",2024-11,2026-10-04
3,7,560,1687,"Restricted CPHF Ext  5( 0, 5) WCS",2024-11,2026-10-04
3,7,567,1693,"Restricted CPHF Ext  5( 0, 4) WCS",2024-11,2026-10-04
3,7,577,1699,"Restricted CPHF Ext  5( 0, 3) WCS",2024-11,2026-10-04
3,7,585,1705,"Restricted CPHF Ext  5( 0, 2) WCS",2024-11,2026-10-04
3,7,600,1711,"Restricted CPHF Ext  5( 0, 0) WCS",2024-11,2026-10-04
3,7,695,1855,"Restricted CPHF Ext  6( 4, 6) WCS",2024-11,2026-10-04
3,7,829,1897,"Restricted CPHF Ext  6( 3, 6) WCS",2024-11,2026-10-04
3,7,837,1903,"Restricted CPHF Ext  6( 3, 5) WCS",2024-11,2026-10-04
3,7,851,1909,"Restricted CPHF Ext  6( 3, 4) WCS",2024-11,2026-10-04
3,7,1002,1939,"Restricted CPHF Ext  6( 2, 6) WCS",2024-11,2026-10-04
3,7,1015,1945,"Restricted CPHF Ext  6( 2, 5) WCS",2024-11,2026-10-04
3,7,1026,1951,"Restricted CPHF Ext  6( 2, 4) WCS",2024-11,2026-10-04
3,7,1037,1957,"Restricted CPHF Ext  6( 2, 3) WCS",2024-11,2026-10-04
3,7,1151,1981,"Restricted CPHF Ext  6( 1, 6) WCS",2024-11,2026-10-04
3,7,1168,1987,"Restricted CPHF Ext  6( 1, 5) WCS",2024-11,2026-10-04
3,7,1185,1993,"Restricted CPHF Ext  6( 1, 4) WCS",2024-11,2026-10-04
3,7,1204,1999,"Restricted CPHF Ext  6( 1, 3) WCS",2024-11,2026-10-04
3,7,1214,2005,"Restricted CPHF Ext  6( 1, 2) WCS",2024-11,2026-10-04
3,7,1473,2023,"Restricted CPHF Ext  6( 0, 6) WCS",2024-11,2026-10-04
3,7,1504,2029,"Restricted CPHF Ext  6( 0, 5) WCS",2024-11,2026-10-04
3,7,1517,2035,"Restricted CPHF Ext  6( 0, 4) WCS",2024-11,2026-10-04
3,7,1534,2041,"Restricted CPHF Ext  6( 0, 3) WCS",2024-11,2026-10-04
3,7,1556,2047,"Restricted CPHF Ext  6( 0, 2) WCS",2024-11,2026-10-04
3,7,1594,2053,"Restricted CPHF Ext  6( 0, 0) WCS",2024-11,2026-10-04
3,7,1739,2191,"Restricted CPHF Ext  7( 4, 7) WCS",2024-11,2026-10-04
3,7,1786,2197,"Restricted CPHF Ext  7( 4, 6) WCS",2024-11,2026-10-04
3,7,1816,2203,"Restricted CPHF Ext  7( 4, 5) WCS",2024-11,2026-10-04
3,7,2077,2233,"Restricted CPHF Ext  7( 3, 7) WCS",2024-11,2026-10-04
3,7,2117,2239,"Restricted CPHF Ext  7( 3, 6) WCS",2024-11,2026-10-04
3,7,2159,2245,"Restricted CPHF Ext  7( 3, 5) WCS",2024-11,2026-10-04
3,7,2180,2251,"Restricted CPHF Ext  7( 3, 4) WCS",2024-11,2026-10-04
3,7,2448,2275,"Restricted CPHF Ext  7( 2, 7) WCS",2024-11,2026-10-04
3,7,2483,2281,"Restricted CPHF Ext  7( 2, 6) WCS",2024-11,2026-10-04
3,7,2530,2287,"Restricted CPHF Ext  7( 2, 5) WCS",2024-11,2026-10-04
3,7,2565,2293,"Restricted CPHF Ext  7( 2, 4) WCS",2024-11,2026-10-04
3,7,2614,2299,"Restricted CPHF Ext  7( 2, 3) WCS",2024-11,2026-10-04
3,7,2814,2317,"Restricted CPHF Ext  7( 1, 7) WCS",2024-11,2026-10-04
3,7,2874,2323,"Restricted CPHF Ext  7( 1, 6) WCS",2024-11,2026-10-04
3,7,2901,2329,"Restricted CPHF Ext  7( 1, 5) WCS",2024-11,2026-10-04
3,7,2949,2335,"Restricted CPHF Ext  7( 1, 4) WCS",2024-11,2026-10-04
3,7,3003,2341,"Restricted CPHF Ext  7( 1, 3) WCS",2024-11,2026-10-04
3,7,3040,2347,"Restricted CPHF Ext  7( 1, 2) WCS",2024-11,2026-10-04
3,7,3739,2359,"Restricted CPHF Ext  7( 0, 7) WCS",2024-11,2026-10-04
3,7,3753,2365,"Restricted CPHF Ext  7( 0, 6) WCS",2024-11,2026-10-04
3,7,3767,2371,"Restricted CPHF Ext  7( 0, 5) WCS",2024-11,2026-10-04
3,7,3805,2377,"Restricted CPHF Ext  7( 0, 4) WCS",2024-11,2026-10-04
3,7,3853,2383,"Restricted CPHF Ext  7( 0, 3) WCS",2024-11,2026-10-04
3,7,3928,2389,"Restricted CPHF Ext  7( 0, 2) WCS",2024-11,2026-10-04
3,7,4113,2395,CPHF IPO 7 (WCS),2024-11,2026-10-04
3,7,4255,2527,"Restricted CPHF Ext  8( 4, 8) WCS",2024-11,2026-10-04
3,7,4286,2533,"Restricted CPHF Ext  8( 4, 7) WCS",2024-11,2026-10-04
3,7,4381,2539,"Restricted CPHF Ext  8( 4, 6) WCS",2024-11,2026-10-04
3,7,4539,2545,"Restricted CPHF Ext  8( 4, 5) WCS",2024-11,2026-10-04
3,7,5005,2569,"Restricted CPHF Ext  8( 3, 8) WCS",2024-11,2026-10-04
3,7,5068,2575,"Restricted CPHF Ext  8( 3, 7) WCS",2024-11,2026-10-04
3,7,5126,2581,"Restricted CPHF Ext  8( 3, 6) WCS",2024-11,2026-10-04
3,7,5239,2587,"Restricted CPHF Ext  8( 3, 5) WCS",2024-11,2026-10-04
3,7,5358,2593,"Restricted CPHF Ext  8( 3, 4) WCS",2024-11,2026-10-04
3,7,5893,2611,"Restricted CPHF Ext  8( 2, 8) WCS",2024-11,2026-10-04
3,7,6012,2617,"Restricted CPHF Ext  8( 2, 7) WCS",2024-11,2026-10-04
3,7,6065,2623,"Restricted CPHF Ext  8( 2, 6) WCS",2024-11,2026-10-04
3,7,6251,2629,"Restricted CPHF Ext  8( 2, 5) WCS",2024-11,2026-10-04
3,7,6351,2635,"Restricted CPHF Ext  8( 2, 4) WCS",2024-11,2026-10-04
3,7,6505,2641,"Restricted CPHF Ext  8( 2, 3) WCS",2024-11,2026-10-04
3,7,6802,2653,"Restricted CPHF Ext  8( 1, 8) WCS",2024-11,2026-10-04
3,7,6856,2659,"Restricted CPHF Ext  8( 1, 7) WCS",2024-11,2026-10-04
3,7,6972,2665,"Restricted CPHF Ext  8( 1, 6) WCS",2024-11,2026-10-04
3,7,7169,2671,"Restricted CPHF Ext  8( 1, 5) WCS",2024-11,2026-10-04
3,7,7351,2677,"Restricted CPHF Ext  8( 1, 4) WCS",2024-11,2026-10-04
3,7,7357,2683,"Restricted CPHF Ext  8( 1, 3) WCS",2024-11,2026-10-04
3,7,7480,2689,"Restricted CPHF Ext  8( 1, 2) WCS",2024-11,2026-10-04
3,7,8924,2695,"Restricted CPHF Ext  8( 0, 8) WCS",2024-11,2026-10-04
3,7,8952,2701,"Restricted CPHF Ext  8( 0, 7) WCS",2024-11,2026-10-04
3,7,8989,2707,"Restricted CPHF Ext  8( 0, 6) WCS",2024-11,2026-10-04
3,7,9060,2713,"Restricted CPHF Ext  8( 0, 5) WCS",2024-11,2026-10-04
3,7,9152,2719,"Restricted CPHF Ext  8( 0, 4) WCS",2024-11,2026-10-04
3,7,9211,2725,"Restricted CPHF Ext  8( 0, 3) WCS",2024-11,2026-10-04
3,7,9382,2731,"Restricted CPHF Ext  8( 0, 2) WCS",2024-11,2026-10-04
3,7,10000,2737,CPHF IPO 8 (WCS),2024-11,2026-10-04
3,8,10,512,orthogonal array,2024-11,2026-10-04
3,8,18,960,Chateauneuf-Kreher doubling,2024-11,2026-10-04
3,8,64,1016,SCPHF Conditional Expectation (CLS),2024-11,2026-10-04
3,8,73,1023,Raaphorst-Moura-Stevens,2024-11,2026-10-04
3,8,75,1447,SCPHF LFSR (TJ-IM) fuse,2024-11,2026-10-04
3,8,91,1455,Raaphorst-Moura-Stevens fuse,2024-11,2026-10-04
3,8,110,1520,SCPHF Conditional Expectation (CLS),2024-11,2026-10-04
3,8,117,1534,CPHF Sim Annealing (TJ-IM),2024-11,2026-10-04
3,8,194,1552,Cyclotomy (Colbourn),2024-11,2026-10-04
3,8,200,1912,Path-Restricted SCPHF RE (CLS),2024-11,2026-10-04
3,8,242,1936,Cyclotomy (Colbourn),2024-11,2026-10-04
3,8,290,2024,SCPHF Conditional Expectation (CLS),2024-11,2026-10-04
3,8,302,2045,CPHF Sim Annealing (TJ-IM),2024-11,2026-10-04
3,8,512,2304,Colbourn-Martirosyan-TVT-Walker,2024-11,2026-10-04
3,8,514,2310,Cohen-Colbourn-Ling,2024-11,2026-10-04
3,8,584,2311,Colbourn-Martirosyan-TVT-Walker,2024-11,2026-10-04
3,8,586,2317,Cohen-Colbourn-Ling,2024-11,2026-10-04
3,8,623,2472,"Restricted CPHF Ext  5( 1, 5) WCS",2024-11,2026-10-04
3,8,627,2479,"Restricted CPHF Ext  5( 1, 4) WCS",2024-11,2026-10-04
3,8,637,2486,"Restricted CPHF Ext  5( 1, 3) WCS",2024-11,2026-10-04
3,8,640,2492,Cohen-Colbourn-Ling,2024-11,2026-10-04
3,8,644,2493,"Restricted CPHF Ext  5( 1, 2) WCS",2024-11,2026-10-04
3,8,793,2528,"Restricted CPHF Ext  5( 0, 5) WCS",2024-11,2026-10-04
3,8,813,2535,"Restricted CPHF Ext  5( 0, 4) WCS",2024-11,2026-10-04
3,8,823,2542,"Restricted CPHF Ext  5( 0, 3) WCS",2024-11,2026-10-04
3,8,841,2556,CPHF IPO 5 (WCS),2024-11,2026-10-04
3,8,1001,2808,"Restricted CPHF Ext  6( 4, 6) WCS",2024-11,2026-10-04
3,8,1004,2815,"Restricted CPHF Ext  6( 4, 5) WCS",2024-11,2026-10-04
3,8,1223,2864,"Restricted CPHF Ext  6( 3, 6) WCS",2024-11,2026-10-04
3,8,1226,2871,"Restricted CPHF Ext  6( 3, 5) WCS",2024-11,2026-10-04
3,8,1258,2878,"Restricted CPHF Ext  6( 3, 4) WCS",2024-11,2026-10-04
3,8,1481,2920,"Restricted CPHF Ext  6( 2, 6) WCS",2024-11,2026-10-04
3,8,1501,2927,"Restricted CPHF Ext  6( 2, 5) WCS",2024-11,2026-10-04
3,8,1524,2934,"Restricted CPHF Ext  6( 2, 4) WCS",2024-11,2026-10-04
3,8,1557,2941,"Restricted CPHF Ext  6( 2, 3) WCS",2024-11,2026-10-04
3,8,1734,2976,"Restricted CPHF Ext  6( 1, 6) WCS",2024-11,2026-10-04
3,8,1750,2983,"Restricted CPHF Ext  6( 1, 5) WCS",2024-11,2026-10-04
3,8,1759,2990,"Restricted CPHF Ext  6( 1, 4) WCS",2024-11,2026-10-04
3,8,1776,2997,"Restricted CPHF Ext  6( 1, 3) WCS",2024-11,2026-10-04
3,8,1789,3004,"Restricted CPHF Ext  6( 1, 2) WCS",2024-11,2026-10-04
3,8,2234,3032,"Restricted CPHF Ext  6( 0, 6) WCS",2024-11,2026-10-04
3,8,2259,3039,"Restricted CPHF Ext  6( 0, 5) WCS",2024-11,2026-10-04
3,8,2276,3046,"Restricted CPHF Ext  6( 0, 4) WCS",2024-11,2026-10-04
3,8,2313,3053,"Restricted CPHF Ext  6( 0, 3) WCS",2024-11,2026-10-04
3,8,2331,3060,"Restricted CPHF Ext  6( 0, 2) WCS",2024-11,2026-10-04
3,8,2409,3067,CPHF IPO 6 (WCS),2024-11,2026-10-04
3,8,2725,3312,"Restricted CPHF Ext  7( 4, 7) WCS",2024-11,2026-10-04
3,8,2795,3319,"Restricted CPHF Ext  7( 4, 6) WCS",2024-11,2026-10-04
3,8,2833,3326,"Restricted CPHF Ext  7( 4, 5) WCS",2024-11,2026-10-04
3,8,3212,3368,"Restricted CPHF Ext  7( 3, 7) WCS",2024-11,2026-10-04
3,8,3288,3375,"Restricted CPHF Ext  7( 3, 6) WCS",2024-11,2026-10-04
3,8,3385,3382,"Restricted CPHF Ext  7( 3, 5) WCS",2024-11,2026-10-04
3,8,3404,3389,"Restricted CPHF Ext  7( 3, 4) WCS",2024-11,2026-10-04
3,8,3846,3424,"Restricted CPHF Ext  7( 2, 7) WCS",2024-11,2026-10-04
3,8,3894,3431,"Restricted CPHF Ext  7( 2, 6) WCS",2024-11,2026-10-04
3,8,3946,3438,"Restricted CPHF Ext  7( 2, 5) WCS",2024-11,2026-10-04
3,8,4023,3445,"Restricted CPHF Ext  7( 2, 4) WCS",2024-11,2026-10-04
3,8,4063,3452,"Restricted CPHF Ext  7( 2, 3) WCS",2024-11,2026-10-04
3,8,4533,3480,"Restricted CPHF Ext  7( 1, 7) WCS",2024-11,2026-10-04
3,8,4549,3487,"Restricted CPHF Ext  7( 1, 6) WCS",2024-11,2026-10-04
3,8,4635,3494,"Restricted CPHF Ext  7( 1, 5) WCS",2024-11,2026-10-04
3,8,4650,3501,"Restricted CPHF Ext  7( 1, 4) WCS",2024-11,2026-10-04
3,8,4683,3508,"Restricted CPHF Ext  7( 1, 3) WCS",2024-11,2026-10-04
3,8,4807,3515,"Restricted CPHF Ext  7( 1, 2) WCS",2024-11,2026-10-04
3,8,6086,3536,"Restricted CPHF Ext  7( 0, 7) WCS",2024-11,2026-10-04
3,8,6102,3543,"Restricted CPHF Ext  7( 0, 6) WCS",2024-11,2026-10-04
3,8,6123,3550,"Restricted CPHF Ext  7( 0, 5) WCS",2024-11,2026-10-04
3,8,6143,3557,"Restricted CPHF Ext  7( 0, 4) WCS",2024-11,2026-10-04
3,8,6156,3564,"Restricted CPHF Ext  7( 0, 3) WCS",2024-11,2026-10-04
3,8,6203,3571,"Restricted CPHF Ext  7( 0, 2) WCS",2024-11,2026-10-04
3,8,6522,3578,CPHF IPO 7 (WCS),2024-11,2026-10-04
3,8,7003,3816,"Restricted CPHF Ext  8( 4, 8) WCS",2024-11,2026-10-04
3,8,7129,3823,"Restricted CPHF Ext  8( 4, 7) WCS",2024-11,2026-10-04
3,8,7288,3830,"Restricted CPHF Ext  8( 4, 6) WCS",2024-11,2026-10-04
3,8,7440,3837,"Restricted CPHF Ext  8( 4, 5) WCS",2024-11,2026-10-04
3,8,8013,3872,"Restricted CPHF Ext  8( 3, 8) WCS",2024-11,2026-10-04
3,8,8434,3879,"Restricted CPHF Ext  8( 3, 7) WCS",2024-11,2026-10-04
3,8,8657,3886,"Restricted CPHF Ext  8( 3, 6) WCS",2024-11,2026-10-04
3,8,8770,3893,"Restricted CPHF Ext  8( 3, 5) WCS",2024-11,2026-10-04
3,8,8918,3900,"Restricted CPHF Ext  8( 3, 4) WCS",2024-11,2026-10-04
3,8,10000,3928,"Restricted CPHF Ext  8( 2, 8) WCS",2024-11,2026-10-04
3,9,10,729,orthogonal array,2024-11,2026-10-04
3,9,11,1175,orthogonal array fuse fuse postop NCK,2024-11,2026-10-04
3,9,12,1195,orthogonal array fuse fuse postop NCK,2024-11,2026-10-04
3,9,20,1377,Chateauneuf-Kreher doubling,2024-11,2026-10-04
3,9,75,1449,SCPHF LFSR (TJ-IM),2024-11,2026-10-04
3,9,91,1457,Raaphorst-Moura-Stevens,2024-11,2026-10-04
3,9,92,2105,Add a factor,2024-11,2026-10-04
3,9,134,2169,SCPHF Conditional Expectation (CLS),2024-11,2026-10-04
3,9,140,2185,CPHF Sim Annealing (TJ-IM),2024-11,2026-10-04
3,9,162,2673,Path-Restricted SCPHF RE (CLS),2024-11,2026-10-04
3,9,182,2681,Chateauneuf-Kreher doubling,2024-11,2026-10-04
3,9,253,2745,Path-Restricted SCPHF RE (CLS),2024-11,2026-10-04
3,9,292,2817,Path-Restricted SCPHF RE (CLS),2024-11,2026-10-04
3,9,364,2889,SCPHF Conditional Expectation (CLS),2024-11,2026-10-04
3,9,366,2905,"Restricted CPHF Ext  4( 0, 2) WCS",2024-11,2026-10-04
3,9,374,2913,"Restricted CPHF Ext  4( 0, 0) WCS",2024-11,2026-10-04
3,9,675,3321,Colbourn-Martirosyan-TVT-Walker,2024-11,2026-10-04
3,9,676,3328,Cohen-Colbourn-Ling,2024-11,2026-10-04
3,9,819,3329,Colbourn-Martirosyan-TVT-Walker,2024-11,2026-10-04
3,9,820,3336,Cohen-Colbourn-Ling,2024-11,2026-10-04
3,9,843,3537,"Restricted CPHF Ext  5( 1, 5) WCS",2024-11,2026-10-04
3,9,852,3545,"Restricted CPHF Ext  5( 1, 4) WCS",2024-11,2026-10-04
3,9,853,3553,"Restricted CPHF Ext  5( 1, 3) WCS",2024-11,2026-10-04
3,9,864,3561,"Restricted CPHF Ext  5( 1, 2) WCS",2024-11,2026-10-04
3,9,1063,3609,"Restricted CPHF Ext  5( 0, 5) WCS",2024-11,2026-10-04
3,9,1086,3617,"Restricted CPHF Ext  5( 0, 4) WCS",2024-11,2026-10-04
3,9,1102,3625,"Restricted CPHF Ext  5( 0, 3) WCS",2024-11,2026-10-04
3,9,1107,3633,"Restricted CPHF Ext  5( 0, 2) WCS",2024-11,2026-10-04
3,9,1138,3641,"Restricted CPHF Ext  5( 0, 0) WCS",2024-11,2026-10-04
3,9,1380,4041,"Restricted CPHF Ext  6( 4, 6) WCS",2024-11,2026-10-04
3,9,1389,4049,"Restricted CPHF Ext  6( 4, 5) WCS",2024-11,2026-10-04
3,9,1718,4113,"Restricted CPHF Ext  6( 3, 6) WCS",2024-11,2026-10-04
3,9,1739,4121,"Restricted CPHF Ext  6( 3, 5) WCS",2024-11,2026-10-04
3,9,1761,4129,"Restricted CPHF Ext  6( 3, 4) WCS",2024-11,2026-10-04
3,9,2083,4185,"Restricted CPHF Ext  6( 2, 6) WCS",2024-11,2026-10-04
3,9,2098,4193,"Restricted CPHF Ext  6( 2, 5) WCS",2024-11,2026-10-04
3,9,2126,4201,"Restricted CPHF Ext  6( 2, 4) WCS",2024-11,2026-10-04
3,9,2148,4209,"Restricted CPHF Ext  6( 2, 3) WCS",2024-11,2026-10-04
3,9,2436,4257,"Restricted CPHF Ext  6( 1, 6) WCS",2024-11,2026-10-04
3,9,2446,4265,"Restricted CPHF Ext  6( 1, 5) WCS",2024-11,2026-10-04
3,9,2467,4273,"Restricted CPHF Ext  6( 1, 4) WCS",2024-11,2026-10-04
3,9,2510,4281,"Restricted CPHF Ext  6( 1, 3) WCS",2024-11,2026-10-04
3,9,2527,4289,"Restricted CPHF Ext  6( 1, 2) WCS",2024-11,2026-10-04
3,9,3249,4329,"Restricted CPHF Ext  6( 0, 6) WCS",2024-11,2026-10-04
3,9,3279,4337,"Restricted CPHF Ext  6( 0, 5) WCS",2024-11,2026-10-04
3,9,3314,4345,"Restricted CPHF Ext  6( 0, 4) WCS",2024-11,2026-10-04
3,9,3344,4353,"Restricted CPHF Ext  6( 0, 3) WCS",2024-11,2026-10-04
3,9,3364,4361,"Restricted CPHF Ext  6( 0, 2) WCS",2024-11,2026-10-04
3,9,3430,4369,CPHF IPO 6 (WCS),2024-11,2026-10-04
3,9,3906,4761,"Restricted CPHF Ext  7( 4, 7) WCS",2024-11,2026-10-04
3,9,4047,4769,"Restricted CPHF Ext  7( 4, 6) WCS",2024-11,2026-10-04
3,9,4161,4777,"Restricted CPHF Ext  7( 4, 5) WCS",2024-11,2026-10-04
3,9,4831,4833,"Restricted CPHF Ext  7( 3, 7) WCS",2024-11,2026-10-04
3,9,4843,4841,"Restricted CPHF Ext  7( 3, 6) WCS",2024-11,2026-10-04
3,9,4954,4849,"Restricted CPHF Ext  7( 3, 5) WCS",2024-11,2026-10-04
3,9,5042,4857,"Restricted CPHF Ext  7( 3, 4) WCS",2024-11,2026-10-04
3,9,5891,4905,"Restricted CPHF Ext  7( 2, 7) WCS",2024-11,2026-10-04
3,9,6004,4913,"Restricted CPHF Ext  7( 2, 6) WCS",2024-11,2026-10-04
3,9,6014,4921,"Restricted CPHF Ext  7( 2, 5) WCS",2024-11,2026-10-04
3,9,6063,4929,"Restricted CPHF Ext  7( 2, 4) WCS",2024-11,2026-10-04
3,9,6115,4937,"Restricted CPHF Ext  7( 2, 3) WCS",2024-11,2026-10-04
3,9,6608,4977,"Restricted CPHF Ext  7( 1, 7) WCS",2024-11,2026-10-04
3,9,6717,4985,"Restricted CPHF Ext  7( 1, 6) WCS",2024-11,2026-10-04
3,9,6847,4993,"Restricted CPHF Ext  7( 1, 5) WCS",2024-11,2026-10-04
3,9,6903,5001,"Restricted CPHF Ext  7( 1, 4) WCS",2024-11,2026-10-04
3,9,7034,5009,"Restricted CPHF Ext  7( 1, 3) WCS",2024-11,2026-10-04
3,9,7134,5017,"Restricted CPHF Ext  7( 1, 2) WCS",2024-11,2026-10-04
3,9,8473,5049,"Restricted CPHF Ext  7( 0, 7) WCS",2024-11,2026-10-04
3,9,8653,5057,"Restricted CPHF Ext  7( 0, 6) WCS",2024-11,2026-10-04
3,9,8849,5065,"Restricted CPHF Ext  7( 0, 5) WCS",2024-11,2026-10-04
3,9,8950,5073,"Restricted CPHF Ext  7( 0, 4) WCS",2024-11,2026-10-04
3,9,9109,5081,"Restricted CPHF Ext  7( 0, 3) WCS",2024-11,2026-10-04
3,9,9283,5089,"Restricted CPHF Ext  7( 0, 2) WCS",2024-11,2026-10-04
3,9,10000,5097,CPHF IPO 7 (WCS),2024-11,2026-10-04
3,10,4,1000,Derive from strength 4,2024-11,2026-10-04
3,10,5,1050,Li-Ji-Yin,2024-11,2026-10-04
3,10,6,1100,Ji-Yin,2024-11,2026-10-04
3,10,10,1215,ordered design (CCL),2024-11,2026-10-04
3,10,11,1292,orthogonal array fuse postop NCK,2024-11,2026-10-04
3,10,12,1299,orthogonal array fuse postop NCK,2024-11,2026-10-04
3,10,13,1858,orthogonal array fuse fuse fuse postop NCK,2024-11,2026-10-04
3,10,14,1885,orthogonal array fuse fuse fuse postop NCK,2024-11,2026-10-04
3,10,16,2223,Chateauneuf-Kreher doubling,2024-11,2026-10-04
3,10,18,2232,Chateauneuf-Kreher doubling,2024-11,2026-10-04
3,10,20,2250,Chateauneuf-Kreher doubling,2024-11,2026-10-04
3,10,21,2334,Chateauneuf-Kreher doubling postop NCK,2024-11,2026-10-04
3,10,22,2335,Chateauneuf-Kreher doubling postop NCK,2024-11,2026-10-04
3,10,24,2343,Chateauneuf-Kreher doubling,2024-11,2026-10-04
3,10,25,2557,SCPHF (Sherwood-Martirosyan-Colbourn) fuse postop NCK,2024-11,2026-10-04
3,10,26,2558,SCPHF (Sherwood-Martirosyan-Colbourn) fuse postop NCK,2024-11,2026-10-04
3,10,27,2564,SCPHF (Sherwood-Martirosyan-Colbourn) fuse postop NCK,2024-11,2026-10-04
3,10,28,2579,SCPHF (Sherwood-Martirosyan-Colbourn) fuse postop NCK,2024-11,2026-10-04
3,10,30,2584,SCPHF (Sherwood-Martirosyan-Colbourn) fuse postop NCK,2024-11,2026-10-04
3,10,32,2589,SCPHF (Sherwood-Martirosyan-Colbourn) fuse postop NCK,2024-11,2026-10-04
3,10,35,2599,SCPHF (Sherwood-Martirosyan-Colbourn) fuse postop NCK,2024-11,2026-10-04
3,10,37,2607,SCPHF (Sherwood-Martirosyan-Colbourn) fuse postop NCK,2024-11,2026-10-04
3,10,41,2618,SCPHF (Sherwood-Martirosyan-Colbourn) fuse postop NCK,2024-11,2026-10-04
3,10,47,2621,SCPHF (Sherwood-Martirosyan-Colbourn) fuse postop NCK,2024-11,2026-10-04
3,10,50,2628,SCPHF (Sherwood-Martirosyan-Colbourn) fuse postop NCK,2024-11,2026-10-04
3,10,113,2649,SCPHF LFSR (TJ-IM) fuse,2024-11,2026-10-04
3,10,133,2659,Raaphorst-Moura-Stevens fuse,2024-11,2026-10-04
3,10,134,3559,Add a factor,2024-11,2026-10-04
3,10,362,3610,Cyclotomy (Torres-Jimenez),2024-11,2026-10-04
3,10,398,4376,Cyclotomy (Colbourn) fuse,2024-11,2026-10-04
3,10,428,5179,Path-Restricted SCPHF RE (CLS) fuse,2024-11,2026-10-04
3,10,522,5210,Cyclotomy (Colbourn),2024-11,2026-10-04
3,10,550,5289,SCPHF Conditional Expectation (CLS) fuse,2024-11,2026-10-04
3,10,557,5309,"Restricted CPHF Ext  4( 0, 2) WCS fuse",2024-11,2026-10-04
3,10,564,5319,"Restricted CPHF Ext  4( 0, 0) WCS fuse",2024-11,2026-10-04
3,10,572,5710,Cyclotomy (Colbourn),2024-11,2026-10-04
3,10,665,5731,Cohen-Colbourn-Ling,2024-11,2026-10-04
3,10,678,5837,Cohen-Colbourn-Ling,2024-11,2026-10-04
3,10,798,5847,Cohen-Colbourn-Ling,2024-11,2026-10-04
3,10,1130,6062,Cohen-Colbourn-Ling,2024-11,2026-10-04
3,10,1320,6072,Cohen-Colbourn-Ling,2024-11,2026-10-04
3,10,1452,6149,Cohen-Colbourn-Ling,2024-11,2026-10-04
3,10,1463,6179,Colbourn-Martirosyan-TVT-Walker,2024-11,2026-10-04
3,10,1572,6233,Cohen-Colbourn-Ling,2024-11,2026-10-04
3,10,1596,6244,Cohen-Colbourn-Ling,2024-11,2026-10-04
3,10,1802,6609,"Restricted CPHF Ext  5( 0, 5) WCS fuse",2024-11,2026-10-04
3,10,1836,6619,"Restricted CPHF Ext  5( 0, 4) WCS fuse",2024-11,2026-10-04
3,10,1844,6629,"Restricted CPHF Ext  5( 0, 3) WCS fuse",2024-11,2026-10-04
3,10,1854,6639,"Restricted CPHF Ext  5( 0, 2) WCS fuse",2024-11,2026-10-04
3,10,1890,6649,"Restricted CPHF Ext  5( 0, 0) WCS fuse",2024-11,2026-10-04
3,10,1920,7228,Cohen-Colbourn-Ling,2024-11,2026-10-04
3,10,1946,7283,Cohen-Colbourn-Ling,2024-11,2026-10-04
3,10,2028,7305,Cohen-Colbourn-Ling,2024-11,2026-10-04
3,10,2078,7391,Cohen-Colbourn-Ling,2024-11,2026-10-04
3,10,2184,7404,Cohen-Colbourn-Ling,2024-11,2026-10-04
3,10,2480,7489,"Restricted CPHF Ext  6( 4, 6) WCS fuse",2024-11,2026-10-04
3,10,2499,7499,"Restricted CPHF Ext  6( 4, 5) WCS fuse",2024-11,2026-10-04
3,10,3032,7599,"Restricted CPHF Ext  6( 3, 6) WCS fuse",2024-11,2026-10-04
3,10,3101,7609,"Restricted CPHF Ext  6( 3, 5) WCS fuse",2024-11,2026-10-04
3,10,3102,7619,"Restricted CPHF Ext  6( 3, 4) WCS fuse",2024-11,2026-10-04
3,10,3682,7709,"Restricted CPHF Ext  6( 2, 6) WCS fuse",2024-11,2026-10-04
3,10,3772,7719,"Restricted CPHF Ext  6( 2, 5) WCS fuse",2024-11,2026-10-04
3,10,3826,7729,"Restricted CPHF Ext  6( 2, 4) WCS fuse",2024-11,2026-10-04
3,10,3861,7739,"Restricted CPHF Ext  6( 2, 3) WCS fuse",2024-11,2026-10-04
3,10,4372,7819,"Restricted CPHF Ext  6( 1, 6) WCS fuse",2024-11,2026-10-04
3,10,4442,7829,"Restricted CPHF Ext  6( 1, 5) WCS fuse",2024-11,2026-10-04
3,10,4477,7839,"Restricted CPHF Ext  6( 1, 4) WCS fuse",2024-11,2026-10-04
3,10,4586,7849,"Restricted CPHF Ext  6( 1, 3) WCS fuse",2024-11,2026-10-04
3,10,4605,7859,"Restricted CPHF Ext  6( 1, 2) WCS fuse",2024-11,2026-10-04
3,10,5588,7929,"Restricted CPHF Ext  6( 0, 6) WCS fuse",2024-11,2026-10-04
3,10,5691,7939,"Restricted CPHF Ext  6( 0, 5) WCS fuse",2024-11,2026-10-04
3,10,5824,7949,"Restricted CPHF Ext  6( 0, 4) WCS fuse",2024-11,2026-10-04
3,10,5941,7959,"Restricted CPHF Ext  6( 0, 3) WCS fuse",2024-11,2026-10-04
3,10,6122,7969,"Restricted CPHF Ext  6( 0, 2) WCS fuse",2024-11,2026-10-04
3,10,6389,7979,CPHF IPO 6 (WCS) fuse,2024-11,2026-10-04
3,10,7807,8809,"Restricted CPHF Ext  7( 4, 7) WCS fuse",2024-11,2026-10-04
3,10,7903,8819,"Restricted CPHF Ext  7( 4, 6) WCS fuse",2024-11,2026-10-04
3,10,7919,8829,"Restricted CPHF Ext  7( 4, 5) WCS fuse",2024-11,2026-10-04
3,10,9894,8919,"Restricted CPHF Ext  7( 3, 7) WCS fuse",2024-11,2026-10-04
3,10,10000,8929,"Restricted CPHF Ext  7( 3, 6) WCS fuse",2024-11,2026-10-04
3,11,12,1331,orthogonal array,2024-11,2026-10-04
3,11,13,2064,orthogonal array fuse fuse postop NCK,2024-11,2026-10-04
3,11,14,2079,orthogonal array fuse fuse postop NCK,2024-11,2026-10-04
3,11,24,2541,Chateauneuf-Kreher doubling,2024-11,2026-10-04
3,11,113,2651,SCPHF LFSR (TJ-IM),2024-11,2026-10-04
3,11,133,2661,Raaphorst-Moura-Stevens,2024-11,2026-10-04
3,11,134,3871,Add a factor,2024-11,2026-10-04
3,11,181,3971,SCPHF Conditional Expectation (CLS),2024-11,2026-10-04
3,11,184,3991,CPHF Sim Annealing (TJ-IM),2024-11,2026-10-04
3,11,398,4378,Cyclotomy (Colbourn),2024-11,2026-10-04
3,11,428,5181,Path-Restricted SCPHF RE (CLS),2024-11,2026-10-04
3,11,550,5291,SCPHF Conditional Expectation (CLS),2024-11,2026-10-04
3,11,557,5311,"Restricted CPHF Ext  4( 0, 2) WCS",2024-11,2026-10-04
3,11,564,5321,"Restricted CPHF Ext  4( 0, 0) WCS",2024-11,2026-10-04
3,11,1243,6171,Colbourn-Martirosyan-TVT-Walker,2024-11,2026-10-04
3,11,1244,6180,Cohen-Colbourn-Ling,2024-11,2026-10-04
3,11,1463,6181,Colbourn-Martirosyan-TVT-Walker,2024-11,2026-10-04
3,11,1464,6290,Cohen-Colbourn-Ling,2024-11,2026-10-04
3,11,1802,6611,"Restricted CPHF Ext  5( 0, 5) WCS",2024-11,2026-10-04
3,11,1836,6621,"Restricted CPHF Ext  5( 0, 4) WCS",2024-11,2026-10-04
3,11,1844,6631,"Restricted CPHF Ext  5( 0, 3) WCS",2024-11,2026-10-04
3,11,1854,6641,"Restricted CPHF Ext  5( 0, 2) WCS",2024-11,2026-10-04
3,11,1890,6651,"Restricted CPHF Ext  5( 0, 0) WCS",2024-11,2026-10-04
3,11,2480,7491,"Restricted CPHF Ext  6( 4, 6) WCS",2024-11,2026-10-04
3,11,2499,7501,"Restricted CPHF Ext  6( 4, 5) WCS",2024-11,2026-10-04
3,11,3032,7601,"Restricted CPHF Ext  6( 3, 6) WCS",2024-11,2026-10-04
3,11,3101,7611,"Restricted CPHF Ext  6( 3, 5) WCS",2024-11,2026-10-04
3,11,3102,7621,"Restricted CPHF Ext  6( 3, 4) WCS",2024-11,2026-10-04
3,11,3682,7711,"Restricted CPHF Ext  6( 2, 6) WCS",2024-11,2026-10-04
3,11,3772,7721,"Restricted CPHF Ext  6( 2, 5) WCS",2024-11,2026-10-04
3,11,3826,7731,"Restricted CPHF Ext  6( 2, 4) WCS",2024-11,2026-10-04
3,11,3861,7741,"Restricted CPHF Ext  6( 2, 3) WCS",2024-11,2026-10-04
3,11,4372,7821,"Restricted CPHF Ext  6( 1, 6) WCS",2024-11,2026-10-04
3,11,4442,7831,"Restricted CPHF Ext  6( 1, 5) WCS",2024-11,2026-10-04
3,11,4477,7841,"Restricted CPHF Ext  6( 1, 4) WCS",2024-11,2026-10-04
3,11,4586,7851,"Restricted CPHF Ext  6( 1, 3) WCS",2024-11,2026-10-04
3,11,4605,7861,"Restricted CPHF Ext  6( 1, 2) WCS",2024-11,2026-10-04
3,11,5588,7931,"Restricted CPHF Ext  6( 0, 6) WCS",2024-11,2026-10-04
3,11,5691,7941,"Restricted CPHF Ext  6( 0, 5) WCS",2024-11,2026-10-04
3,11,5824,7951,"Restricted CPHF Ext  6( 0, 4) WCS",2024-11,2026-10-04
3,11,5941,7961,"Restricted CPHF Ext  6( 0, 3) WCS",2024-11,2026-10-04
3,11,6122,7971,"Restricted CPHF Ext  6( 0, 2) WCS",2024-11,2026-10-04
3,11,6389,7981,CPHF IPO 6 (WCS),2024-11,2026-10-04
3,11,7807,8811,"Restricted CPHF Ext  7( 4, 7) WCS",2024-11,2026-10-04
3,11,7903,8821,"Restricted CPHF Ext  7( 4, 6) WCS",2024-11,2026-10-04
3,11,7919,8831,"Restricted CPHF Ext  7( 4, 5) WCS",2024-11,2026-10-04
3,11,9894,8921,"Restricted CPHF Ext  7( 3, 7) WCS",2024-11,2026-10-04
3,11,10000,8931,"Restricted CPHF Ext  7( 3, 6) WCS",2024-11,2026-10-04
3,12,6,1728,orthogonal array (Ji-Yin),2024-11,2026-10-04
3,12,11,2046,ordered design (CCL),2024-11,2026-10-04
3,12,12,2158,orthogonal array fuse postop NCK,2024-11,2026-10-04
3,12,13,2164,orthogonal array fuse postop NCK,2024-11,2026-10-04
3,12,14,2170,orthogonal array fuse postop NCK,2024-11,2026-10-04
3,12,15,3486,orthogonal array fuse fuse fuse fuse postop NCK,2024-11,2026-10-04
3,12,16,3564,orthogonal array fuse fuse fuse fuse postop NCK,2024-11,2026-10-04
3,12,17,3615,orthogonal array fuse fuse fuse fuse postop NCK,2024-11,2026-10-04
3,12,18,3647,orthogonal array fuse fuse fuse fuse postop NCK,2024-11,2026-10-04
3,12,20,3806,Chateauneuf-Kreher doubling,2024-11,2026-10-04
3,12,22,3828,Chateauneuf-Kreher doubling,2024-11,2026-10-04
3,12,24,3962,Chateauneuf-Kreher doubling,2024-11,2026-10-04
3,12,26,3968,Chateauneuf-Kreher doubling,2024-11,2026-10-04
3,12,28,3985,Chateauneuf-Kreher doubling,2024-11,2026-10-04
3,12,29,4299,SCPHF (Sherwood-Martirosyan-Colbourn) fuse postop NCK,2024-11,2026-10-04
3,12,59,4362,SCPHF (Sherwood-Martirosyan-Colbourn) fuse postop NCK,2024-11,2026-10-04
3,12,159,4379,SCPHF LFSR (TJ-IM) fuse,2024-11,2026-10-04
3,12,183,4391,Raaphorst-Moura-Stevens fuse,2024-11,2026-10-04
3,12,184,5975,Add a factor,2024-11,2026-10-04
3,12,187,6117,"perfect hash family2,364,183T177",2024-11,2026-10-04
3,12,196,6340,Cohen-Colbourn-Ling,2024-11,2026-10-04
3,12,235,6563,SCPHF Conditional Expectation (CLS) fuse,2024-11,2026-10-04
3,12,242,6587,CPHF Sim Annealing (TJ-IM) fuse,2024-11,2026-10-04
3,12,602,7224,Cyclotomy (Colbourn),2024-11,2026-10-04
3,12,614,7356,Cyclotomy (Colbourn),2024-11,2026-10-04
3,12,710,8520,Cyclotomy (Colbourn),2024-11,2026-10-04
3,12,773,8747,"Restricted CPHF Ext  4( 0, 4) WCS fuse",2024-11,2026-10-04
3,12,780,8759,"Restricted CPHF Ext  4( 0, 3) WCS fuse",2024-11,2026-10-04
3,12,785,8771,"Restricted CPHF Ext  4( 0, 2) WCS fuse",2024-11,2026-10-04
3,12,791,8783,"Restricted CPHF Ext  4( 0, 0) WCS fuse",2024-11,2026-10-04
3,12,822,9328,Cohen-Colbourn-Ling,2024-11,2026-10-04
3,12,906,9350,Cohen-Colbourn-Ling,2024-11,2026-10-04
3,12,954,9361,Cohen-Colbourn-Ling,2024-11,2026-10-04
3,12,990,9373,Cohen-Colbourn-Ling,2024-11,2026-10-04
3,12,1086,9384,Cohen-Colbourn-Ling,2024-11,2026-10-04
3,12,1098,9395,Cohen-Colbourn-Ling,2024-11,2026-10-04
3,12,1113,9933,Cohen-Colbourn-Ling,2024-11,2026-10-04
3,12,1281,9945,Cohen-Colbourn-Ling,2024-11,2026-10-04
3,12,1749,10167,Cohen-Colbourn-Ling,2024-11,2026-10-04
3,12,2013,10179,Cohen-Colbourn-Ling,2024-11,2026-10-04
3,12,2067,10285,Cohen-Colbourn-Ling,2024-11,2026-10-04
3,12,2196,10291,Cohen-Colbourn-Ling,2024-11,2026-10-04
3,12,2379,10297,Cohen-Colbourn-Ling,2024-11,2026-10-04
3,12,2380,10330,Cohen-Colbourn-Ling fuse,2024-11,2026-10-04
3,12,2534,10420,Cohen-Colbourn-Ling,2024-11,2026-10-04
3,12,2562,10433,Cohen-Colbourn-Ling,2024-11,2026-10-04
3,12,2758,10931,"Restricted CPHF Ext  5( 0, 5) WCS fuse",2024-11,2026-10-04
3,12,2794,10943,"Restricted CPHF Ext  5( 0, 4) WCS fuse",2024-11,2026-10-04
3,12,2823,10955,"Restricted CPHF Ext  5( 0, 3) WCS fuse",2024-11,2026-10-04
3,12,2855,10967,"Restricted CPHF Ext  5( 0, 2) WCS fuse",2024-11,2026-10-04
3,12,2904,10979,"Restricted CPHF Ext  5( 0, 0) WCS fuse",2024-11,2026-10-04
3,12,2925,12335,"Restricted CPHF Ext  6( 5, 6) WCS fuse",2024-11,2026-10-04
3,12,3858,12491,"Restricted CPHF Ext  6( 4, 6) WCS fuse",2024-11,2026-10-04
3,12,4005,12503,"Restricted CPHF Ext  6( 4, 5) WCS fuse",2024-11,2026-10-04
3,12,4978,12647,"Restricted CPHF Ext  6( 3, 6) WCS fuse",2024-11,2026-10-04
3,12,5029,12659,"Restricted CPHF Ext  6( 3, 5) WCS fuse",2024-11,2026-10-04
3,12,5086,12671,"Restricted CPHF Ext  6( 3, 4) WCS fuse",2024-11,2026-10-04
3,12,6159,12803,"Restricted CPHF Ext  6( 2, 6) WCS fuse",2024-11,2026-10-04
3,12,6170,12815,"Restricted CPHF Ext  6( 2, 5) WCS fuse",2024-11,2026-10-04
3,12,6244,12827,"Restricted CPHF Ext  6( 2, 4) WCS fuse",2024-11,2026-10-04
3,12,6266,12839,"Restricted CPHF Ext  6( 2, 3) WCS fuse",2024-11,2026-10-04
3,12,7295,12959,"Restricted CPHF Ext  6( 1, 6) WCS fuse",2024-11,2026-10-04
3,12,7365,12971,"Restricted CPHF Ext  6( 1, 5) WCS fuse",2024-11,2026-10-04
3,12,7396,12983,"Restricted CPHF Ext  6( 1, 4) WCS fuse",2024-11,2026-10-04
3,12,7461,12995,"Restricted CPHF Ext  6( 1, 3) WCS fuse",2024-11,2026-10-04
3,12,7469,13007,"Restricted CPHF Ext  6( 1, 2) WCS fuse",2024-11,2026-10-04
3,12,9393,13115,"Restricted CPHF Ext  6( 0, 6) WCS fuse",2024-11,2026-10-04
3,12,9753,13127,"Restricted CPHF Ext  6( 0, 5) WCS fuse",2024-11,2026-10-04
3,12,9938,13139,"Restricted CPHF Ext  6( 0, 4) WCS fuse",2024-11,2026-10-04
3,12,10000,13151,"Restricted CPHF Ext  6( 0, 3) WCS fuse",2024-11,2026-10-04
3,13,14,2197,orthogonal array,2024-11,2026-10-04
3,13,15,3798,orthogonal array fuse fuse fuse postop NCK,2024-11,2026-10-04
3,13,16,3832,orthogonal array fuse fuse fuse postop NCK,2024-11,2026-10-04
3,13,17,3848,orthogonal array fuse fuse fuse postop NCK,2024-11,2026-10-04
3,13,18,3863,orthogonal array fuse fuse fuse postop NCK,2024-11,2026-10-04
3,13,28,4225,Chateauneuf-Kreher doubling,2024-11,2026-10-04
3,13,159,4381,SCPHF LFSR (TJ-IM),2024-11,2026-10-04
3,13,183,4393,Raaphorst-Moura-Stevens,2024-11,2026-10-04
3,13,184,6421,Add a factor,2024-11,2026-10-04
3,13,235,6565,SCPHF Conditional Expectation (CLS),2024-11,2026-10-04
3,13,242,6589,CPHF Sim Annealing (TJ-IM),2024-11,2026-10-04
3,13,243,8170,SCPHF LFSR (TJ-IM) fuse fuse fuse,2024-11,2026-10-04
3,13,273,8185,Raaphorst-Moura-Stevens fuse fuse fuse,2024-11,2026-10-04
3,13,338,8281,Path-Restricted SCPHF RE (CLS),2024-11,2026-10-04
3,13,366,8293,Chateauneuf-Kreher doubling,2024-11,2026-10-04
3,13,491,8437,Path-Restricted SCPHF RE (CLS),2024-11,2026-10-04
3,13,582,8593,Path-Restricted SCPHF RE (CLS),2024-11,2026-10-04
3,13,773,8749,"Restricted CPHF Ext  4( 0, 4) WCS",2024-11,2026-10-04
3,13,780,8761,"Restricted CPHF Ext  4( 0, 3) WCS",2024-11,2026-10-04
3,13,785,8773,"Restricted CPHF Ext  4( 0, 2) WCS",2024-11,2026-10-04
3,13,791,8785,"Restricted CPHF Ext  4( 0, 0) WCS",2024-11,2026-10-04
3,13,2067,10309,Colbourn-Martirosyan-TVT-Walker,2024-11,2026-10-04
3,13,2068,10320,Cohen-Colbourn-Ling,2024-11,2026-10-04
3,13,2379,10321,Colbourn-Martirosyan-TVT-Walker,2024-11,2026-10-04
3,13,2380,10332,Cohen-Colbourn-Ling,2024-11,2026-10-04
3,13,2758,10933,"Restricted CPHF Ext  5( 0, 5) WCS",2024-11,2026-10-04
3,13,2794,10945,"Restricted CPHF Ext  5( 0, 4) WCS",2024-11,2026-10-04
3,13,2823,10957,"Restricted CPHF Ext  5( 0, 3) WCS",2024-11,2026-10-04
3,13,2855,10969,"Restricted CPHF Ext  5( 0, 2) WCS",2024-11,2026-10-04
3,13,2904,10981,"Restricted CPHF Ext  5( 0, 0) WCS",2024-11,2026-10-04
3,13,2925,12337,"Restricted CPHF Ext  6( 5, 6) WCS",2024-11,2026-10-04
3,13,3858,12493,"Restricted CPHF Ext  6( 4, 6) WCS",2024-11,2026-10-04
3,13,4005,12505,"Restricted CPHF Ext  6( 4, 5) WCS",2024-11,2026-10-04
3,13,4978,12649,"Restricted CPHF Ext  6( 3, 6) WCS",2024-11,2026-10-04
3,13,5029,12661,"Restricted CPHF Ext  6( 3, 5) WCS",2024-11,2026-10-04
3,13,5086,12673,"Restricted CPHF Ext  6( 3, 4) WCS",2024-11,2026-10-04
3,13,6159,12805,"Restricted CPHF Ext  6( 2, 6) WCS",2024-11,2026-10-04
3,13,6170,12817,"Restricted CPHF Ext  6( 2, 5) WCS",2024-11,2026-10-04
3,13,6244,12829,"Restricted CPHF Ext  6( 2, 4) WCS",2024-11,2026-10-04
3,13,6266,12841,"Restricted CPHF Ext  6( 2, 3) WCS",2024-11,2026-10-04
3,13,7295,12961,"Restricted CPHF Ext  6( 1, 6) WCS",2024-11,2026-10-04
3,13,7365,12973,"Restricted CPHF Ext  6( 1, 5) WCS",2024-11,2026-10-04
3,13,7396,12985,"Restricted CPHF Ext  6( 1, 4) WCS",2024-11,2026-10-04
3,13,7461,12997,"Restricted CPHF Ext  6( 1, 3) WCS",2024-11,2026-10-04
3,13,7469,13009,"Restricted CPHF Ext  6( 1, 2) WCS",2024-11,2026-10-04
3,13,9393,13117,"Restricted CPHF Ext  6( 0, 6) WCS",2024-11,2026-10-04
3,13,9753,13129,"Restricted CPHF Ext  6( 0, 5) WCS",2024-11,2026-10-04
3,13,9938,13141,"Restricted CPHF Ext  6( 0, 4) WCS",2024-11,2026-10-04
3,13,10000,13153,"Restricted CPHF Ext  6( 0, 3) WCS",2024-11,2026-10-04
3,14,4,2744,Derive from strength 4,2024-11,2026-10-04
3,14,5,2842,Li-Ji-Yin,2024-11,2026-10-04
3,14,6,2940,Ji-Yin,2024-11,2026-10-04
3,14,11,3185,ordered design (CCL),2024-11,2026-10-04
3,14,12,3458,ordered design (CCL),2024-11,2026-10-04
3,14,14,3549,ordered design (CCL),2024-11,2026-10-04
3,14,15,3967,orthogonal array fuse fuse postop NCK,2024-11,2026-10-04
3,14,16,4002,orthogonal array fuse fuse postop NCK,2024-11,2026-10-04
3,14,17,4013,orthogonal array fuse fuse postop NCK,2024-11,2026-10-04
3,14,18,4014,orthogonal array fuse fuse postop NCK,2024-11,2026-10-04
3,14,22,6006,Chateauneuf-Kreher doubling,2024-11,2026-10-04
3,14,24,6279,Chateauneuf-Kreher doubling,2024-11,2026-10-04
3,14,26,6383,Chateauneuf-Kreher doubling,2024-11,2026-10-04
3,14,28,6448,Chateauneuf-Kreher doubling,2024-11,2026-10-04
3,14,30,7113,Chateauneuf-Kreher doubling,2024-11,2026-10-04
3,14,32,7148,Chateauneuf-Kreher doubling,2024-11,2026-10-04
3,14,34,7172,Chateauneuf-Kreher doubling,2024-11,2026-10-04
3,14,36,7225,Chateauneuf-Kreher doubling,2024-11,2026-10-04
3,14,243,8172,SCPHF LFSR (TJ-IM) fuse fuse,2024-11,2026-10-04
3,14,273,8187,Raaphorst-Moura-Stevens fuse fuse,2024-11,2026-10-04
3,14,275,9803,SCPHF LFSR (TJ-IM) fuse fuse fuse,2024-11,2026-10-04
3,14,307,9819,Raaphorst-Moura-Stevens fuse fuse fuse,2024-11,2026-10-04
3,14,324,12238,Cohen-Colbourn-Ling,2024-11,2026-10-04
3,14,340,12282,CPHF Sim Annealing (TJ-IM) fuse fuse,2024-11,2026-10-04
3,14,884,12376,Cyclotomy (Colbourn),2024-11,2026-10-04
3,14,1052,14714,Cyclotomy (Colbourn),2024-11,2026-10-04
3,14,1094,15302,Cyclotomy (Colbourn),2024-11,2026-10-04
3,14,1164,16282,Cyclotomy (Colbourn),2024-11,2026-10-04
3,14,1184,16332,"Restricted CPHF Ext  4( 0, 4) WCS fuse fuse",2024-11,2026-10-04
3,14,1190,16347,"Restricted CPHF Ext  4( 0, 3) WCS fuse fuse",2024-11,2026-10-04
3,14,1193,16362,"Restricted CPHF Ext  4( 0, 2) WCS fuse fuse",2024-11,2026-10-04
3,14,1205,16377,"Restricted CPHF Ext  4( 0, 0) WCS fuse fuse",2024-11,2026-10-04
3,14,1215,16719,Cohen-Colbourn-Ling,2024-11,2026-10-04
3,14,1290,16734,Cohen-Colbourn-Ling,2024-11,2026-10-04
3,14,1365,16747,Cohen-Colbourn-Ling,2024-11,2026-10-04
3,14,1458,17662,Cohen-Colbourn-Ling,2024-11,2026-10-04
3,14,1638,17677,Cohen-Colbourn-Ling,2024-11,2026-10-04
3,14,1683,17979,Cohen-Colbourn-Ling,2024-11,2026-10-04
3,14,1715,18011,Cohen-Colbourn-Ling,2024-11,2026-10-04
3,14,1723,18043,Cohen-Colbourn-Ling,2024-11,2026-10-04
3,14,1731,18155,Cohen-Colbourn-Ling,2024-11,2026-10-04
3,14,1739,18171,Cohen-Colbourn-Ling,2024-11,2026-10-04
3,14,1787,18187,Cohen-Colbourn-Ling,2024-11,2026-10-04
3,14,1875,18219,Cohen-Colbourn-Ling,2024-11,2026-10-04
3,14,1899,18251,Cohen-Colbourn-Ling,2024-11,2026-10-04
3,14,1911,18318,Cohen-Colbourn-Ling,2024-11,2026-10-04
3,14,1947,18379,Cohen-Colbourn-Ling,2024-11,2026-10-04
3,14,2067,18394,Cohen-Colbourn-Ling,2024-11,2026-10-04
3,14,2187,18410,Cohen-Colbourn-Ling,2024-11,2026-10-04
3,14,2673,18555,Cohen-Colbourn-Ling,2024-11,2026-10-04
3,14,3003,18570,Cohen-Colbourn-Ling,2024-11,2026-10-04
3,14,3276,18843,Cohen-Colbourn-Ling,2024-11,2026-10-04
3,14,3402,18919,Cohen-Colbourn-Ling,2024-11,2026-10-04
3,14,3822,18934,Cohen-Colbourn-Ling,2024-11,2026-10-04
3,14,4095,19352,Cohen-Colbourn-Ling,2024-11,2026-10-04
3,14,4368,19387,Cohen-Colbourn-Ling,2024-11,2026-10-04
3,14,4370,19481,Cohen-Colbourn-Ling fuse fuse,2024-11,2026-10-04
3,14,4591,19664,Cohen-Colbourn-Ling fuse,2024-11,2026-10-04
3,14,4642,19680,Cohen-Colbourn-Ling fuse,2024-11,2026-10-04
3,14,4914,19952,Cohen-Colbourn-Ling fuse,2024-11,2026-10-04
3,14,4918,20472,"Restricted CPHF Ext  5( 0, 0) WCS fuse fuse",2024-11,2026-10-04
3,14,5220,21344,Cohen-Colbourn-Ling fuse,2024-11,2026-10-04
3,14,5508,21805,Cohen-Colbourn-Ling,2024-11,2026-10-04
3,14,5526,21877,Cohen-Colbourn-Ling,2024-11,2026-10-04
3,14,5676,23410,Cohen-Colbourn-Ling,2024-11,2026-10-04
3,14,6006,23431,Cohen-Colbourn-Ling,2024-11,2026-10-04
3,14,6677,23532,"Restricted CPHF Ext  6( 4, 6) WCS fuse fuse",2024-11,2026-10-04
3,14,7254,23547,"Restricted CPHF Ext  6( 4, 5) WCS fuse fuse",2024-11,2026-10-04
3,14,9132,23772,"Restricted CPHF Ext  6( 3, 6) WCS fuse fuse",2024-11,2026-10-04
3,14,9204,23787,"Restricted CPHF Ext  6( 3, 5) WCS fuse fuse",2024-11,2026-10-04
3,14,9437,23802,"Restricted CPHF Ext  6( 3, 4) WCS fuse fuse",2024-11,2026-10-04
3,14,10000,24012,"Restricted CPHF Ext  6( 2, 6) WCS fuse fuse",2024-11,2026-10-04
3,15,6,3375,orthogonal array (Ji-Yin),2024-11,2026-10-04
3,15,7,3870,orthogonal array fuse postop NCK,2024-11,2026-10-04
3,15,8,3971,orthogonal array fuse postop NCK,2024-11,2026-10-04
3,15,9,4017,orthogonal array fuse postop NCK,2024-11,2026-10-04
3,15,10,4024,orthogonal array fuse postop NCK,2024-11,2026-10-04
3,15,11,4033,orthogonal array fuse postop NCK,2024-11,2026-10-04
3,15,12,4050,orthogonal array fuse postop NCK,2024-11,2026-10-04
3,15,13,4058,orthogonal array fuse postop NCK,2024-11,2026-10-04
3,15,14,4068,orthogonal array fuse postop NCK,2024-11,2026-10-04
3,15,15,4070,orthogonal array fuse postop NCK,2024-11,2026-10-04
3,15,16,4072,orthogonal array fuse postop NCK,2024-11,2026-10-04
3,15,18,4087,orthogonal array fuse postop NCK,2024-11,2026-10-04
3,15,19,6415,orthogonal array fuse fuse fuse fuse postop NCK,2024-11,2026-10-04
3,15,20,6459,orthogonal array fuse fuse fuse fuse postop NCK,2024-11,2026-10-04
3,15,22,7460,"perfect hash family2,34,18T12",2024-11,2026-10-04
3,15,24,7550,Chateauneuf-Kreher doubling,2024-11,2026-10-04
3,15,26,7572,Chateauneuf-Kreher doubling,2024-11,2026-10-04
3,15,28,7582,Chateauneuf-Kreher doubling,2024-11,2026-10-04
3,15,30,7584,Chateauneuf-Kreher doubling,2024-11,2026-10-04
3,15,32,7600,Chateauneuf-Kreher doubling,2024-11,2026-10-04
3,15,34,7615,Chateauneuf-Kreher doubling,2024-11,2026-10-04
3,15,36,7657,Chateauneuf-Kreher doubling,2024-11,2026-10-04
3,15,243,8174,SCPHF LFSR (TJ-IM) fuse,2024-11,2026-10-04
3,15,273,8189,Raaphorst-Moura-Stevens fuse,2024-11,2026-10-04
3,15,275,9805,SCPHF LFSR (TJ-IM) fuse fuse,2024-11,2026-10-04
3,15,307,9821,Raaphorst-Moura-Stevens fuse fuse,2024-11,2026-10-04
3,15,313,12254,SCPHF Conditional Expectation (CLS) fuse,2024-11,2026-10-04
3,15,340,12284,CPHF Sim Annealing (TJ-IM) fuse,2024-11,2026-10-04
3,15,345,13691,SCPHF LFSR (TJ-IM) fuse fuse fuse fuse,2024-11,2026-10-04
3,15,381,13709,Raaphorst-Moura-Stevens fuse fuse fuse fuse,2024-11,2026-10-04
3,15,476,14838,Chateauneuf-Kreher doubling,2024-11,2026-10-04
3,15,486,14852,Chateauneuf-Kreher doubling,2024-11,2026-10-04
3,15,544,14867,Chateauneuf-Kreher doubling,2024-11,2026-10-04
3,15,546,14881,Chateauneuf-Kreher doubling,2024-11,2026-10-04
3,15,706,15854,Path-Restricted SCPHF RE (CLS) fuse,2024-11,2026-10-04
3,15,866,16094,"Restricted CPHF Ext  4( 1, 4) WCS fuse",2024-11,2026-10-04
3,15,870,16109,"Restricted CPHF Ext  4( 1, 3) WCS fuse",2024-11,2026-10-04
3,15,876,16124,"Restricted CPHF Ext  4( 1, 2) WCS fuse",2024-11,2026-10-04
3,15,1184,16334,"Restricted CPHF Ext  4( 0, 4) WCS fuse",2024-11,2026-10-04
3,15,1190,16349,"Restricted CPHF Ext  4( 0, 3) WCS fuse",2024-11,2026-10-04
3,15,1193,16364,"Restricted CPHF Ext  4( 0, 2) WCS fuse",2024-11,2026-10-04
3,15,1205,16379,"Restricted CPHF Ext  4( 0, 0) WCS fuse",2024-11,2026-10-04
3,15,1216,18015,Cohen-Colbourn-Ling,2024-11,2026-10-04
3,15,1351,18030,Cohen-Colbourn-Ling,2024-11,2026-10-04
3,15,1366,18044,Cohen-Colbourn-Ling,2024-11,2026-10-04
3,15,1458,18267,Cohen-Colbourn-Ling,2024-11,2026-10-04
3,15,1638,18282,Cohen-Colbourn-Ling,2024-11,2026-10-04
3,15,1667,19219,Cohen-Colbourn-Ling,2024-11,2026-10-04
3,15,1752,19235,Cohen-Colbourn-Ling,2024-11,2026-10-04
3,15,1911,19257,Cohen-Colbourn-Ling,2024-11,2026-10-04
3,15,1944,19343,Cohen-Colbourn-Ling,2024-11,2026-10-04
3,15,2184,19358,Cohen-Colbourn-Ling,2024-11,2026-10-04
3,15,2187,19389,Cohen-Colbourn-Ling,2024-11,2026-10-04
3,15,2430,19396,Cohen-Colbourn-Ling,2024-11,2026-10-04
3,15,2457,19404,Cohen-Colbourn-Ling,2024-11,2026-10-04
3,15,2673,19405,Cohen-Colbourn-Ling,2024-11,2026-10-04
3,15,2730,19411,Cohen-Colbourn-Ling,2024-11,2026-10-04
3,15,3003,19420,Cohen-Colbourn-Ling,2024-11,2026-10-04
3,15,3159,19430,Cohen-Colbourn-Ling,2024-11,2026-10-04
3,15,3276,19437,Cohen-Colbourn-Ling,2024-11,2026-10-04
3,15,3402,19440,Cohen-Colbourn-Ling,2024-11,2026-10-04
3,15,3645,19442,Cohen-Colbourn-Ling,2024-11,2026-10-04
3,15,3888,19444,Cohen-Colbourn-Ling,2024-11,2026-10-04
3,15,4095,19457,Cohen-Colbourn-Ling,2024-11,2026-10-04
3,15,4368,19459,Cohen-Colbourn-Ling,2024-11,2026-10-04
3,15,4370,19483,Cohen-Colbourn-Ling fuse,2024-11,2026-10-04
3,15,4591,19666,Cohen-Colbourn-Ling,2024-11,2026-10-04
3,15,4642,19682,Cohen-Colbourn-Ling,2024-11,2026-10-04
3,15,4914,19954,Cohen-Colbourn-Ling,2024-11,2026-10-04
3,15,4918,20474,"Restricted CPHF Ext  5( 0, 0) WCS fuse",2024-11,2026-10-04
3,15,5220,21346,Cohen-Colbourn-Ling,2024-11,2026-10-04
3,15,5526,22306,Cohen-Colbourn-Ling,2024-11,2026-10-04
3,15,6677,23534,"Restricted CPHF Ext  6( 4, 6) WCS fuse",2024-11,2026-10-04
3,15,7254,23549,"Restricted CPHF Ext  6( 4, 5) WCS fuse",2024-11,2026-10-04
3,15,9132,23774,"Restricted CPHF Ext  6( 3, 6) WCS fuse",2024-11,2026-10-04
3,15,9204,23789,"Restricted CPHF Ext  6( 3, 5) WCS fuse",2024-11,2026-10-04
3,15,9437,23804,"Restricted CPHF Ext  6( 3, 4) WCS fuse",2024-11,2026-10-04
3,15,10000,24014,"Restricted CPHF Ext  6( 2, 6) WCS fuse",2024-11,2026-10-04
3,16,18,4096,orthogonal array,2024-11,2026-10-04
3,16,19,6652,orthogonal array fuse fuse fuse postop NCK,2024-11,2026-10-04
3,16,20,6670,orthogonal array fuse fuse fuse postop NCK,2024-11,2026-10-04
3,16,34,7936,Chateauneuf-Kreher doubling,2024-11,2026-10-04
3,16,243,8176,SCPHF LFSR (TJ-IM),2024-11,2026-10-04
3,16,273,8191,Raaphorst-Moura-Stevens,2024-11,2026-10-04
3,16,275,9807,SCPHF LFSR (TJ-IM) fuse,2024-11,2026-10-04
3,16,307,9823,Raaphorst-Moura-Stevens fuse,2024-11,2026-10-04
3,16,313,12256,SCPHF Conditional Expectation (CLS),2024-11,2026-10-04
3,16,340,12286,CPHF Sim Annealing (TJ-IM),2024-11,2026-10-04
3,16,345,13693,SCPHF LFSR (TJ-IM) fuse fuse fuse,2024-11,2026-10-04
3,16,381,13711,Raaphorst-Moura-Stevens fuse fuse fuse,2024-11,2026-10-04
3,16,512,15616,Path-Restricted SCPHF RE (CLS),2024-11,2026-10-04
3,16,546,15631,Chateauneuf-Kreher doubling,2024-11,2026-10-04
3,16,706,15856,Path-Restricted SCPHF RE (CLS),2024-11,2026-10-04
3,16,866,16096,"Restricted CPHF Ext  4( 1, 4) WCS",2024-11,2026-10-04
3,16,870,16111,"Restricted CPHF Ext  4( 1, 3) WCS",2024-11,2026-10-04
3,16,876,16126,"Restricted CPHF Ext  4( 1, 2) WCS",2024-11,2026-10-04
3,16,1184,16336,"Restricted CPHF Ext  4( 0, 4) WCS",2024-11,2026-10-04
3,16,1190,16351,"Restricted CPHF Ext  4( 0, 3) WCS",2024-11,2026-10-04
3,16,1193,16366,"Restricted CPHF Ext  4( 0, 2) WCS",2024-11,2026-10-04
3,16,1205,16381,"Restricted CPHF Ext  4( 0, 0) WCS",2024-11,2026-10-04
3,16,3888,19456,Colbourn-Martirosyan-TVT-Walker,2024-11,2026-10-04
3,16,3890,19470,Cohen-Colbourn-Ling,2024-11,2026-10-04
3,16,4368,19471,Colbourn-Martirosyan-TVT-Walker,2024-11,2026-10-04
3,16,4370,19485,Cohen-Colbourn-Ling,2024-11,2026-10-04
3,16,4374,20400,Cohen-Colbourn-Ling,2024-11,2026-10-04
3,16,4625,20415,Cohen-Colbourn-Ling,2024-11,2026-10-04
3,16,4772,20416,"Restricted CPHF Ext  5( 0, 5) WCS",2024-11,2026-10-04
3,16,4813,20431,"Restricted CPHF Ext  5( 0, 4) WCS",2024-11,2026-10-04
3,16,4914,20445,Cohen-Colbourn-Ling,2024-11,2026-10-04
3,16,4918,20476,"Restricted CPHF Ext  5( 0, 0) WCS",2024-11,2026-10-04
3,16,4950,22316,Cohen-Colbourn-Ling,2024-11,2026-10-04
3,16,5184,22332,Cohen-Colbourn-Ling,2024-11,2026-10-04
3,16,5202,22349,Cohen-Colbourn-Ling,2024-11,2026-10-04
3,16,5219,22587,Cohen-Colbourn-Ling,2024-11,2026-10-04
3,16,5238,22604,Cohen-Colbourn-Ling,2024-11,2026-10-04
3,16,5526,22621,Cohen-Colbourn-Ling,2024-11,2026-10-04
3,16,6677,23536,"Restricted CPHF Ext  6( 4, 6) WCS",2024-11,2026-10-04
3,16,7254,23551,"Restricted CPHF Ext  6( 4, 5) WCS",2024-11,2026-10-04
3,16,9132,23776,"Restricted CPHF Ext  6( 3, 6) WCS",2024-11,2026-10-04
3,16,9204,23791,"Restricted CPHF Ext  6( 3, 5) WCS",2024-11,2026-10-04
3,16,9437,23806,"Restricted CPHF Ext  6( 3, 4) WCS",2024-11,2026-10-04
3,16,10000,24016,"Restricted CPHF Ext  6( 2, 6) WCS",2024-11,2026-10-04
3,17,18,4913,orthogonal array,2024-11,2026-10-04
3,17,19,6778,orthogonal array fuse fuse postop NCK,2024-11,2026-10-04
3,17,20,6787,orthogonal array fuse fuse postop NCK,2024-11,2026-10-04
3,17,36,9537,Chateauneuf-Kreher doubling,2024-11,2026-10-04
3,17,275,9809,SCPHF LFSR (TJ-IM),2024-11,2026-10-04
3,17,307,9825,Raaphorst-Moura-Stevens,2024-11,2026-10-04
3,17,345,13695,SCPHF LFSR (TJ-IM) fuse fuse,2024-11,2026-10-04
3,17,381,13713,Raaphorst-Moura-Stevens fuse fuse,2024-11,2026-10-04
3,17,382,18337,Add a factor,2024-11,2026-10-04
3,17,397,18624,"perfect hash family2,760,381T363",2024-11,2026-10-04
3,17,577,18785,Path-Restricted SCPHF RE (CLS),2024-11,2026-10-04
3,17,614,18801,Chateauneuf-Kreher doubling,2024-11,2026-10-04
3,17,781,19057,Path-Restricted SCPHF RE (CLS),2024-11,2026-10-04
3,17,964,19329,"Restricted CPHF Ext  4( 1, 4) WCS",2024-11,2026-10-04
3,17,980,19345,"Restricted CPHF Ext  4( 1, 3) WCS",2024-11,2026-10-04
3,17,983,19361,"Restricted CPHF Ext  4( 1, 2) WCS",2024-11,2026-10-04
3,17,1328,19601,"Restricted CPHF Ext  4( 0, 4) WCS",2024-11,2026-10-04
3,17,1331,19617,"Restricted CPHF Ext  4( 0, 3) WCS",2024-11,2026-10-04
3,17,1343,19633,"Restricted CPHF Ext  4( 0, 2) WCS",2024-11,2026-10-04
3,17,1362,19649,"Restricted CPHF Ext  4( 0, 0) WCS",2024-11,2026-10-04
3,17,4675,23409,Colbourn-Martirosyan-TVT-Walker,2024-11,2026-10-04
3,17,4676,23424,Cohen-Colbourn-Ling,2024-11,2026-10-04
3,17,5219,23425,Colbourn-Martirosyan-TVT-Walker,2024-11,2026-10-04
3,17,5220,23696,Cohen-Colbourn-Ling,2024-11,2026-10-04
3,17,5578,24497,"Restricted CPHF Ext  5( 0, 5) WCS",2024-11,2026-10-04
3,17,5639,24513,"Restricted CPHF Ext  5( 0, 4) WCS",2024-11,2026-10-04
3,17,5658,24529,"Restricted CPHF Ext  5( 0, 3) WCS",2024-11,2026-10-04
3,17,5672,24545,"Restricted CPHF Ext  5( 0, 2) WCS",2024-11,2026-10-04
3,17,5735,24561,"Restricted CPHF Ext  5( 0, 0) WCS",2024-11,2026-10-04
3,17,5798,27330,Cohen-Colbourn-Ling,2024-11,2026-10-04
3,17,5814,28025,Cohen-Colbourn-Ling,2024-11,2026-10-04
3,17,6120,28034,Cohen-Colbourn-Ling,2024-11,2026-10-04
3,17,8514,28305,"Restricted CPHF Ext  6( 4, 6) WCS",2024-11,2026-10-04
3,17,8638,28321,"Restricted CPHF Ext  6( 4, 5) WCS",2024-11,2026-10-04
3,17,10000,28577,"Restricted CPHF Ext  6( 3, 6) WCS",2024-11,2026-10-04
3,18,4,5832,Derive from strength 4,2024-11,2026-10-04
3,18,5,5994,Li-Ji-Yin,2024-11,2026-10-04
3,18,6,6156,Ji-Yin,2024-11,2026-10-04
3,18,11,6579,ordered design (CCL),2024-11,2026-10-04
3,18,12,6797,orthogonal array fuse postop NCK,2024-11,2026-10-04
3,18,13,6830,orthogonal array fuse postop NCK,2024-11,2026-10-04
3,18,15,6831,orthogonal array fuse postop NCK,2024-11,2026-10-04
3,18,16,6833,orthogonal array fuse postop NCK,2024-11,2026-10-04
3,18,20,6856,orthogonal array fuse postop NCK,2024-11,2026-10-04
3,18,21,11500,orthogonal array fuse fuse fuse fuse fuse postop NCK,2024-11,2026-10-04
3,18,22,11533,orthogonal array fuse fuse fuse fuse fuse postop NCK,2024-11,2026-10-04
3,18,23,11594,orthogonal array fuse fuse fuse fuse fuse postop NCK,2024-11,2026-10-04
3,18,24,11647,orthogonal array fuse fuse fuse fuse fuse postop NCK,2024-11,2026-10-04
3,18,26,12780,Chateauneuf-Kreher doubling,2024-11,2026-10-04
3,18,28,12866,Chateauneuf-Kreher doubling,2024-11,2026-10-04
3,18,30,12883,Chateauneuf-Kreher doubling,2024-11,2026-10-04
3,18,32,12885,Chateauneuf-Kreher doubling,2024-11,2026-10-04
3,18,34,12908,Chateauneuf-Kreher doubling,2024-11,2026-10-04
3,18,40,12925,Chateauneuf-Kreher doubling,2024-11,2026-10-04
3,18,345,13697,SCPHF LFSR (TJ-IM) fuse,2024-11,2026-10-04
3,18,381,13715,Raaphorst-Moura-Stevens fuse,2024-11,2026-10-04
3,18,382,19223,Add a factor,2024-11,2026-10-04
3,18,383,19545,"perfect hash family2,760,381T377",2024-11,2026-10-04
3,18,384,19707,"perfect hash family2,760,381T376",2024-11,2026-10-04
3,18,385,19869,"perfect hash family2,760,381T375",2024-11,2026-10-04
3,18,400,20189,Cohen-Colbourn-Ling,2024-11,2026-10-04
3,18,405,20573,CPHF Random Extension (CLS) fuse,2024-11,2026-10-04
3,18,1298,23364,Cyclotomy (Colbourn),2024-11,2026-10-04
3,18,1651,27377,"Restricted CPHF Ext  4( 0, 4) WCS fuse",2024-11,2026-10-04
3,18,1674,27395,"Restricted CPHF Ext  4( 0, 3) WCS fuse",2024-11,2026-10-04
3,18,1705,27413,"Restricted CPHF Ext  4( 0, 2) WCS fuse",2024-11,2026-10-04
3,18,1709,27431,"Restricted CPHF Ext  4( 0, 0) WCS fuse",2024-11,2026-10-04
3,18,1725,31317,Cohen-Colbourn-Ling,2024-11,2026-10-04
3,18,1905,31335,Cohen-Colbourn-Ling,2024-11,2026-10-04
3,18,2070,31479,Cohen-Colbourn-Ling,2024-11,2026-10-04
3,18,2286,31497,Cohen-Colbourn-Ling,2024-11,2026-10-04
3,18,2415,32016,Cohen-Colbourn-Ling,2024-11,2026-10-04
3,18,2667,32034,Cohen-Colbourn-Ling,2024-11,2026-10-04
3,18,2700,32578,Cohen-Colbourn-Ling,2024-11,2026-10-04
3,18,3795,32586,Cohen-Colbourn-Ling,2024-11,2026-10-04
3,18,4180,32604,Cohen-Colbourn-Ling,2024-11,2026-10-04
3,18,4560,32822,Cohen-Colbourn-Ling,2024-11,2026-10-04
3,18,5175,32838,Cohen-Colbourn-Ling,2024-11,2026-10-04
3,18,5520,32840,Cohen-Colbourn-Ling,2024-11,2026-10-04
3,18,6555,32849,Colbourn-Martirosyan-TVT-Walker,2024-11,2026-10-04
3,18,6556,32866,Cohen-Colbourn-Ling fuse,2024-11,2026-10-04
3,18,7239,32867,Colbourn-Martirosyan-TVT-Walker,2024-11,2026-10-04
3,18,7540,33166,Cohen-Colbourn-Ling,2024-11,2026-10-04
3,18,7620,33185,Cohen-Colbourn-Ling,2024-11,2026-10-04
3,18,8001,38209,Cohen-Colbourn-Ling,2024-11,2026-10-04
3,18,8463,39347,"Restricted CPHF Ext  6( 5, 6) WCS fuse",2024-11,2026-10-04
3,18,10000,39689,"Restricted CPHF Ext  6( 4, 6) WCS fuse",2024-11,2026-10-04
3,19,20,6859,orthogonal array,2024-11,2026-10-04
3,19,21,11791,orthogonal array fuse fuse fuse fuse postop NCK,2024-11,2026-10-04
3,19,22,11823,orthogonal array fuse fuse fuse fuse postop NCK,2024-11,2026-10-04
3,19,23,11847,orthogonal array fuse fuse fuse fuse postop NCK,2024-11,2026-10-04
3,19,24,11869,orthogonal array fuse fuse fuse fuse postop NCK,2024-11,2026-10-04
3,19,40,13357,Chateauneuf-Kreher doubling,2024-11,2026-10-04
3,19,345,13699,SCPHF LFSR (TJ-IM),2024-11,2026-10-04
3,19,381,13717,Raaphorst-Moura-Stevens,2024-11,2026-10-04
3,19,382,20215,Add a factor,2024-11,2026-10-04
3,19,395,20539,SCPHF Conditional Expectation (CLS),2024-11,2026-10-04
3,19,399,20574,"perfect hash family2,760,381T361",2024-11,2026-10-04
3,19,405,20575,CPHF Random Extension (CLS),2024-11,2026-10-04
3,19,509,24303,SCPHF LFSR (TJ-IM) fuse fuse fuse fuse,2024-11,2026-10-04
3,19,553,24325,Raaphorst-Moura-Stevens fuse fuse fuse fuse,2024-11,2026-10-04
3,19,717,26353,Path-Restricted SCPHF RE (CLS),2024-11,2026-10-04
3,19,762,26371,Chateauneuf-Kreher doubling,2024-11,2026-10-04
3,19,967,26695,"Restricted CPHF Ext  4( 2, 4) WCS",2024-11,2026-10-04
3,19,974,26713,"Restricted CPHF Ext  4( 2, 3) WCS",2024-11,2026-10-04
3,19,1192,27037,"Restricted CPHF Ext  4( 1, 4) WCS",2024-11,2026-10-04
3,19,1208,27055,"Restricted CPHF Ext  4( 1, 3) WCS",2024-11,2026-10-04
3,19,1651,27379,"Restricted CPHF Ext  4( 0, 4) WCS",2024-11,2026-10-04
3,19,1674,27397,"Restricted CPHF Ext  4( 0, 3) WCS",2024-11,2026-10-04
3,19,1705,27415,"Restricted CPHF Ext  4( 0, 2) WCS",2024-11,2026-10-04
3,19,1709,27433,"Restricted CPHF Ext  4( 0, 0) WCS",2024-11,2026-10-04
3,19,6555,32851,Colbourn-Martirosyan-TVT-Walker,2024-11,2026-10-04
3,19,6556,32868,Cohen-Colbourn-Ling,2024-11,2026-10-04
3,19,7239,32869,Colbourn-Martirosyan-TVT-Walker,2024-11,2026-10-04
3,19,7240,33210,Cohen-Colbourn-Ling,2024-11,2026-10-04
3,19,7341,34219,"Restricted CPHF Ext  5( 0, 5) WCS",2024-11,2026-10-04
3,19,7440,34237,"Restricted CPHF Ext  5( 0, 4) WCS",2024-11,2026-10-04
3,19,7529,34255,"Restricted CPHF Ext  5( 0, 3) WCS",2024-11,2026-10-04
3,19,7556,34273,"Restricted CPHF Ext  5( 0, 2) WCS",2024-11,2026-10-04
3,19,7595,34291,"Restricted CPHF Ext  5( 0, 0) WCS",2024-11,2026-10-04
3,19,7620,37494,Cohen-Colbourn-Ling,2024-11,2026-10-04
3,19,8463,39349,"Restricted CPHF Ext  6( 5, 6) WCS",2024-11,2026-10-04
3,19,10000,39691,"Restricted CPHF Ext  6( 4, 6) WCS",2024-11,2026-10-04
3,20,6,8000,orthogonal array (Ji-Yin),2024-11,2026-10-04
3,20,11,8930,ordered design (CCL),2024-11,2026-10-04
3,20,12,9500,ordered design (CCL),2024-11,2026-10-04
3,20,14,9690,ordered design (CCL),2024-11,2026-10-04
3,20,16,9880,ordered design (CCL),2024-11,2026-10-04
3,20,20,10070,ordered design (CCL),2024-11,2026-10-04
3,20,21,11990,orthogonal array fuse fuse fuse postop NCK,2024-11,2026-10-04
3,20,22,12000,orthogonal array fuse fuse fuse postop NCK,2024-11,2026-10-04
3,20,23,12012,orthogonal array fuse fuse fuse postop NCK,2024-11,2026-10-04
3,20,24,12026,orthogonal array fuse fuse fuse postop NCK,2024-11,2026-10-04
3,20,25,15209,orthogonal array fuse fuse fuse fuse fuse postop NCK,2024-11,2026-10-04
3,20,26,15219,orthogonal array fuse fuse fuse fuse fuse postop NCK,2024-11,2026-10-04
3,20,28,17936,Chateauneuf-Kreher doubling,2024-11,2026-10-04
3,20,32,18145,Chateauneuf-Kreher doubling,2024-11,2026-10-04
3,20,34,18430,Chateauneuf-Kreher doubling,2024-11,2026-10-04
3,20,36,18677,Chateauneuf-Kreher doubling,2024-11,2026-10-04
3,20,38,18753,Chateauneuf-Kreher doubling,2024-11,2026-10-04
3,20,40,19019,Chateauneuf-Kreher doubling,2024-11,2026-10-04
3,20,42,21566,Chateauneuf-Kreher doubling,2024-11,2026-10-04
3,20,44,21576,Chateauneuf-Kreher doubling,2024-11,2026-10-04
3,20,46,21626,Chateauneuf-Kreher doubling,2024-11,2026-10-04
3,20,48,21640,Chateauneuf-Kreher doubling,2024-11,2026-10-04
3,20,509,24305,SCPHF LFSR (TJ-IM) fuse fuse fuse,2024-11,2026-10-04
3,20,553,24327,Raaphorst-Moura-Stevens fuse fuse fuse,2024-11,2026-10-04
3,20,603,31215,SCPHF LFSR (TJ-IM) fuse fuse fuse fuse fuse,2024-11,2026-10-04
3,20,651,31239,Raaphorst-Moura-Stevens fuse fuse fuse fuse fuse,2024-11,2026-10-04
3,20,1802,36040,Cyclotomy (Colbourn),2024-11,2026-10-04
3,20,2142,42840,Cyclotomy (Colbourn),2024-11,2026-10-04
3,20,2162,43220,Cyclotomy (Colbourn),2024-11,2026-10-04
3,20,2342,46820,Cyclotomy (Colbourn),2024-11,2026-10-04
3,20,2492,48593,"Restricted CPHF Ext  4( 0, 4) WCS fuse fuse fuse",2024-11,2026-10-04
3,20,2516,48615,"Restricted CPHF Ext  4( 0, 3) WCS fuse fuse fuse",2024-11,2026-10-04
3,20,2534,48637,"Restricted CPHF Ext  4( 0, 2) WCS fuse fuse fuse",2024-11,2026-10-04
3,20,2542,48659,"Restricted CPHF Ext  4( 0, 0) WCS fuse fuse fuse",2024-11,2026-10-04
3,20,2546,49650,Cohen-Colbourn-Ling,2024-11,2026-10-04
3,20,2601,49672,Cohen-Colbourn-Ling,2024-11,2026-10-04
3,20,2661,49900,Cohen-Colbourn-Ling,2024-11,2026-10-04
3,20,2691,49938,Cohen-Colbourn-Ling,2024-11,2026-10-04
3,20,2761,49957,Cohen-Colbourn-Ling,2024-11,2026-10-04
3,20,2766,49976,Cohen-Colbourn-Ling,2024-11,2026-10-04
3,20,2772,51443,Cohen-Colbourn-Ling,2024-11,2026-10-04
3,20,2838,51531,Cohen-Colbourn-Ling,2024-11,2026-10-04
3,20,2844,51597,Cohen-Colbourn-Ling,2024-11,2026-10-04
3,20,2856,51619,Cohen-Colbourn-Ling,2024-11,2026-10-04
3,20,2862,51729,Cohen-Colbourn-Ling,2024-11,2026-10-04
3,20,2868,51795,Cohen-Colbourn-Ling,2024-11,2026-10-04
3,20,2880,51861,Cohen-Colbourn-Ling,2024-11,2026-10-04
3,20,2904,51905,Cohen-Colbourn-Ling,2024-11,2026-10-04
3,20,3000,51927,Cohen-Colbourn-Ling,2024-11,2026-10-04
3,20,3006,52367,Cohen-Colbourn-Ling,2024-11,2026-10-04
3,20,3054,52389,Cohen-Colbourn-Ling,2024-11,2026-10-04
3,20,3120,52411,Cohen-Colbourn-Ling,2024-11,2026-10-04
3,20,3192,52675,Cohen-Colbourn-Ling,2024-11,2026-10-04
3,20,3228,52719,Cohen-Colbourn-Ling,2024-11,2026-10-04
3,20,3312,52741,Cohen-Colbourn-Ling,2024-11,2026-10-04
3,20,3318,52763,Cohen-Colbourn-Ling,2024-11,2026-10-04
3,20,3331,53921,Cohen-Colbourn-Ling,2024-11,2026-10-04
3,20,3515,54017,Cohen-Colbourn-Ling,2024-11,2026-10-04
3,20,3699,54113,Cohen-Colbourn-Ling,2024-11,2026-10-04
3,20,3787,54209,Cohen-Colbourn-Ling,2024-11,2026-10-04
3,20,3795,54281,Cohen-Colbourn-Ling,2024-11,2026-10-04
3,20,3811,54305,Cohen-Colbourn-Ling,2024-11,2026-10-04
3,20,3819,54425,Cohen-Colbourn-Ling,2024-11,2026-10-04
3,20,3827,54497,Cohen-Colbourn-Ling,2024-11,2026-10-04
3,20,3843,54569,Cohen-Colbourn-Ling,2024-11,2026-10-04
3,20,3875,54617,Cohen-Colbourn-Ling,2024-11,2026-10-04
3,20,4003,54641,Cohen-Colbourn-Ling,2024-11,2026-10-04
3,20,4011,55121,Cohen-Colbourn-Ling,2024-11,2026-10-04
3,20,4075,55145,Cohen-Colbourn-Ling,2024-11,2026-10-04
3,20,4581,55157,Cohen-Colbourn-Ling,2024-11,2026-10-04
3,20,4977,55179,Cohen-Colbourn-Ling,2024-11,2026-10-04
3,20,5090,55265,Cohen-Colbourn-Ling,2024-11,2026-10-04
3,20,5530,55287,Cohen-Colbourn-Ling,2024-11,2026-10-04
3,20,5599,55373,Cohen-Colbourn-Ling,2024-11,2026-10-04
3,20,6083,55395,Cohen-Colbourn-Ling,2024-11,2026-10-04
3,20,6108,55943,Cohen-Colbourn-Ling,2024-11,2026-10-04
3,20,6636,55965,Cohen-Colbourn-Ling,2024-11,2026-10-04
3,20,7189,56155,Cohen-Colbourn-Ling,2024-11,2026-10-04
3,20,7728,56279,Cohen-Colbourn-Ling,2024-11,2026-10-04
3,20,7742,56425,Cohen-Colbourn-Ling,2024-11,2026-10-04
3,20,8144,56447,Cohen-Colbourn-Ling,2024-11,2026-10-04
3,20,8832,56469,Cohen-Colbourn-Ling,2024-11,2026-10-04
3,20,9384,56659,Cohen-Colbourn-Ling,2024-11,2026-10-04
3,20,9671,56827,Cohen-Colbourn-Ling,2024-11,2026-10-04
3,20,10000,56849,Cohen-Colbourn-Ling,2024-11,2026-10-04
3,21,6,9261,orthogonal array (Ji-Yin),2024-11,2026-10-04
3,21,7,11253,orthogonal array fuse fuse postop NCK,2024-11,2026-10-04
3,21,8,11471,orthogonal array fuse fuse postop NCK,2024-11,2026-10-04
3,21,9,11720,orthogonal array fuse fuse postop NCK,2024-11,2026-10-04
3,21,10,11766,orthogonal array fuse fuse postop NCK,2024-11,2026-10-04
3,21,11,11841,orthogonal array fuse fuse postop NCK,2024-11,2026-10-04
3,21,12,11889,orthogonal array fuse fuse postop NCK,2024-11,2026-10-04
3,21,13,11929,orthogonal array fuse fuse postop NCK,2024-11,2026-10-04
3,21,14,11975,orthogonal array fuse fuse postop NCK,2024-11,2026-10-04
3,21,15,11990,orthogonal array fuse fuse postop NCK,2024-11,2026-10-04
3,21,16,12030,orthogonal array fuse fuse postop NCK,2024-11,2026-10-04
3,21,17,12047,orthogonal array fuse fuse postop NCK,2024-11,2026-10-04
3,21,18,12057,orthogonal array fuse fuse postop NCK,2024-11,2026-10-04
3,21,19,12069,orthogonal array fuse fuse postop NCK,2024-11,2026-10-04
3,21,20,12081,orthogonal array fuse fuse postop NCK,2024-11,2026-10-04
3,21,21,12091,orthogonal array fuse fuse postop NCK,2024-11,2026-10-04
3,21,22,12098,orthogonal array fuse fuse postop NCK,2024-11,2026-10-04
3,21,23,12117,orthogonal array fuse fuse postop NCK,2024-11,2026-10-04
3,21,24,12140,orthogonal array fuse fuse postop NCK,2024-11,2026-10-04
3,21,25,15392,orthogonal array fuse fuse fuse fuse postop NCK,2024-11,2026-10-04
3,21,26,15436,orthogonal array fuse fuse fuse fuse postop NCK,2024-11,2026-10-04
3,21,27,19052,orthogonal array fuse fuse fuse fuse fuse fuse postop NCK,2024-11,2026-10-04
3,21,28,19112,orthogonal array fuse fuse fuse fuse fuse fuse postop NCK,2024-11,2026-10-04
3,21,30,22210,Chateauneuf-Kreher doubling,2024-11,2026-10-04
3,21,32,22270,Chateauneuf-Kreher doubling,2024-11,2026-10-04
3,21,34,22307,Chateauneuf-Kreher doubling,2024-11,2026-10-04
3,21,36,22337,Chateauneuf-Kreher doubling,2024-11,2026-10-04
3,21,38,22369,Chateauneuf-Kreher doubling,2024-11,2026-10-04
3,21,40,22381,Chateauneuf-Kreher doubling,2024-11,2026-10-04
3,21,42,22411,Chateauneuf-Kreher doubling,2024-11,2026-10-04
3,21,44,22438,Chateauneuf-Kreher doubling,2024-11,2026-10-04
3,21,46,22457,Chateauneuf-Kreher doubling,2024-11,2026-10-04
3,21,48,22500,Chateauneuf-Kreher doubling,2024-11,2026-10-04
3,21,509,24307,SCPHF LFSR (TJ-IM) fuse fuse,2024-11,2026-10-04
3,21,553,24329,Raaphorst-Moura-Stevens fuse fuse,2024-11,2026-10-04
3,21,603,31217,SCPHF LFSR (TJ-IM) fuse fuse fuse fuse,2024-11,2026-10-04
3,21,651,31241,Raaphorst-Moura-Stevens fuse fuse fuse fuse,2024-11,2026-10-04
3,21,705,39327,SCPHF LFSR (TJ-IM) fuse fuse fuse fuse fuse fuse,2024-11,2026-10-04
3,21,757,39353,Raaphorst-Moura-Stevens fuse fuse fuse fuse fuse fuse,2024-11,2026-10-04
3,21,768,43827,Chateauneuf-Kreher doubling,2024-11,2026-10-04
3,21,864,43847,Chateauneuf-Kreher doubling,2024-11,2026-10-04
3,21,960,43867,Chateauneuf-Kreher doubling,2024-11,2026-10-04
3,21,1018,43887,Chateauneuf-Kreher doubling,2024-11,2026-10-04
3,21,1056,43909,Chateauneuf-Kreher doubling,2024-11,2026-10-04
3,21,1104,43929,Chateauneuf-Kreher doubling,2024-11,2026-10-04
3,21,1106,43949,Chateauneuf-Kreher doubling,2024-11,2026-10-04
3,21,1402,47583,"Restricted CPHF Ext  4( 2, 4) WCS fuse fuse",2024-11,2026-10-04
3,21,1404,47605,"Restricted CPHF Ext  4( 2, 3) WCS fuse fuse",2024-11,2026-10-04
3,21,2270,47670,Cyclotomy (Colbourn),2024-11,2026-10-04
3,21,2312,48531,Cyclotomy (Colbourn),2024-11,2026-10-04
3,21,2492,48595,"Restricted CPHF Ext  4( 0, 4) WCS fuse fuse",2024-11,2026-10-04
3,21,2516,48617,"Restricted CPHF Ext  4( 0, 3) WCS fuse fuse",2024-11,2026-10-04
3,21,2534,48639,"Restricted CPHF Ext  4( 0, 2) WCS fuse fuse",2024-11,2026-10-04
3,21,2542,48661,"Restricted CPHF Ext  4( 0, 0) WCS fuse fuse",2024-11,2026-10-04
3,21,2772,52706,Cohen-Colbourn-Ling,2024-11,2026-10-04
3,21,3048,52726,Cohen-Colbourn-Ling,2024-11,2026-10-04
3,21,3054,52746,Cohen-Colbourn-Ling,2024-11,2026-10-04
3,21,3312,52768,Cohen-Colbourn-Ling,2024-11,2026-10-04
3,21,3318,52808,Cohen-Colbourn-Ling,2024-11,2026-10-04
3,21,3563,56808,Cohen-Colbourn-Ling,2024-11,2026-10-04
3,21,3871,56830,Cohen-Colbourn-Ling,2024-11,2026-10-04
3,21,4072,58040,Cohen-Colbourn-Ling,2024-11,2026-10-04
3,21,4416,58062,Cohen-Colbourn-Ling,2024-11,2026-10-04
3,21,4581,58289,Cohen-Colbourn-Ling,2024-11,2026-10-04
3,21,4968,58311,Cohen-Colbourn-Ling,2024-11,2026-10-04
3,21,5090,58335,Cohen-Colbourn-Ling,2024-11,2026-10-04
3,21,5520,58357,Cohen-Colbourn-Ling,2024-11,2026-10-04
3,21,5599,58410,Cohen-Colbourn-Ling,2024-11,2026-10-04
3,21,6072,58432,Cohen-Colbourn-Ling,2024-11,2026-10-04
3,21,6108,58458,Cohen-Colbourn-Ling,2024-11,2026-10-04
3,21,6624,58480,Cohen-Colbourn-Ling,2024-11,2026-10-04
3,21,7176,58520,Cohen-Colbourn-Ling,2024-11,2026-10-04
3,21,7635,58559,Cohen-Colbourn-Ling,2024-11,2026-10-04
3,21,7728,58566,Cohen-Colbourn-Ling,2024-11,2026-10-04
3,21,8280,58581,Cohen-Colbourn-Ling,2024-11,2026-10-04
3,21,8653,58616,Cohen-Colbourn-Ling,2024-11,2026-10-04
3,21,8832,58621,Cohen-Colbourn-Ling,2024-11,2026-10-04
3,21,9162,58626,Cohen-Colbourn-Ling,2024-11,2026-10-04
3,21,9671,58638,Cohen-Colbourn-Ling,2024-11,2026-10-04
3,21,9936,58648,Cohen-Colbourn-Ling,2024-11,2026-10-04
3,21,10000,58650,Cohen-Colbourn-Ling,2024-11,2026-10-04
3,22,4,10648,Derive from strength 4,2024-11,2026-10-04
3,22,5,10890,Li-Ji-Yin,2024-11,2026-10-04
3,22,6,11132,Ji-Yin,2024-11,2026-10-04
3,22,7,11857,orthogonal array fuse postop NCK,2024-11,2026-10-04
3,22,8,12020,orthogonal array fuse postop NCK,2024-11,2026-10-04
3,22,9,12072,orthogonal array fuse postop NCK,2024-11,2026-10-04
3,22,10,12076,orthogonal array fuse postop NCK,2024-11,2026-10-04
3,22,11,12080,orthogonal array fuse postop NCK,2024-11,2026-10-04
3,22,12,12099,orthogonal array fuse postop NCK,2024-11,2026-10-04
3,22,13,12129,orthogonal array fuse postop NCK,2024-11,2026-10-04
3,22,16,12132,orthogonal array fuse postop NCK,2024-11,2026-10-04
3,22,17,12140,orthogonal array fuse postop NCK,2024-11,2026-10-04
3,22,18,12142,orthogonal array fuse postop NCK,2024-11,2026-10-04
3,22,24,12165,orthogonal array fuse,2024-11,2026-10-04
3,22,25,15517,orthogonal array fuse fuse fuse postop NCK,2024-11,2026-10-04
3,22,26,15533,orthogonal array fuse fuse fuse postop NCK,2024-11,2026-10-04
3,22,27,19327,orthogonal array fuse fuse fuse fuse fuse postop NCK,2024-11,2026-10-04
3,22,28,19376,orthogonal array fuse fuse fuse fuse fuse postop NCK,2024-11,2026-10-04
3,22,32,23136,Chateauneuf-Kreher doubling,2024-11,2026-10-04
3,22,34,23144,Chateauneuf-Kreher doubling,2024-11,2026-10-04
3,22,36,23146,Chateauneuf-Kreher doubling,2024-11,2026-10-04
3,22,38,23169,Chateauneuf-Kreher doubling,2024-11,2026-10-04
3,22,48,23190,Chateauneuf-Kreher doubling,2024-11,2026-10-04
3,22,509,24309,SCPHF LFSR (TJ-IM) fuse,2024-11,2026-10-04
3,22,553,24331,Raaphorst-Moura-Stevens fuse,2024-11,2026-10-04
3,22,603,31219,SCPHF LFSR (TJ-IM) fuse fuse fuse,2024-11,2026-10-04
3,22,651,31243,Raaphorst-Moura-Stevens fuse fuse fuse,2024-11,2026-10-04
3,22,705,39329,SCPHF LFSR (TJ-IM) fuse fuse fuse fuse fuse,2024-11,2026-10-04
3,22,757,39355,Raaphorst-Moura-Stevens fuse fuse fuse fuse fuse,2024-11,2026-10-04
3,22,1008,45498,Chateauneuf-Kreher doubling,2024-11,2026-10-04
3,22,1018,45519,Chateauneuf-Kreher doubling,2024-11,2026-10-04
3,22,1106,45541,Chateauneuf-Kreher doubling,2024-11,2026-10-04
3,22,1402,47585,"Restricted CPHF Ext  4( 2, 4) WCS fuse",2024-11,2026-10-04
3,22,1404,47607,"Restricted CPHF Ext  4( 2, 3) WCS fuse",2024-11,2026-10-04
3,22,1772,48091,"Restricted CPHF Ext  4( 1, 4) WCS fuse",2024-11,2026-10-04
3,22,1783,48113,"Restricted CPHF Ext  4( 1, 3) WCS fuse",2024-11,2026-10-04
3,22,2492,48597,"Restricted CPHF Ext  4( 0, 4) WCS fuse",2024-11,2026-10-04
3,22,2516,48619,"Restricted CPHF Ext  4( 0, 3) WCS fuse",2024-11,2026-10-04
3,22,2534,48641,"Restricted CPHF Ext  4( 0, 2) WCS fuse",2024-11,2026-10-04
3,22,2542,48663,"Restricted CPHF Ext  4( 0, 0) WCS fuse",2024-11,2026-10-04
3,22,2545,56449,Cohen-Colbourn-Ling,2024-11,2026-10-04
3,22,2765,56471,Cohen-Colbourn-Ling,2024-11,2026-10-04
3,22,3054,56875,Cohen-Colbourn-Ling,2024-11,2026-10-04
3,22,3318,56897,Cohen-Colbourn-Ling,2024-11,2026-10-04
3,22,3360,58322,Cohen-Colbourn-Ling,2024-11,2026-10-04
3,22,3480,58345,Cohen-Colbourn-Ling,2024-11,2026-10-04
3,22,3563,58428,Cohen-Colbourn-Ling,2024-11,2026-10-04
3,22,3871,58450,Cohen-Colbourn-Ling,2024-11,2026-10-04
3,22,4072,58591,Cohen-Colbourn-Ling,2024-11,2026-10-04
3,22,4416,58613,Cohen-Colbourn-Ling,2024-11,2026-10-04
3,22,4581,58643,Cohen-Colbourn-Ling,2024-11,2026-10-04
3,22,5090,58647,Cohen-Colbourn-Ling,2024-11,2026-10-04
3,22,5599,58651,Cohen-Colbourn-Ling,2024-11,2026-10-04
3,22,6108,58670,Cohen-Colbourn-Ling,2024-11,2026-10-04
3,22,6624,58692,Cohen-Colbourn-Ling,2024-11,2026-10-04
3,22,8144,58703,Cohen-Colbourn-Ling,2024-11,2026-10-04
3,22,8653,58711,Cohen-Colbourn-Ling,2024-11,2026-10-04
3,22,9162,58713,Cohen-Colbourn-Ling,2024-11,2026-10-04
3,22,10000,58717,Colbourn-Martirosyan-TVT-Walker,2024-11,2026-10-04
3,23,24,12167,orthogonal array,2024-11,2026-10-04
3,23,25,15612,orthogonal array fuse fuse postop NCK,2024-11,2026-10-04
3,23,26,15613,orthogonal array fuse fuse postop NCK,2024-11,2026-10-04
3,23,27,19524,orthogonal array fuse fuse fuse fuse postop NCK,2024-11,2026-10-04
3,23,28,19549,orthogonal array fuse fuse fuse fuse postop NCK,2024-11,2026-10-04
3,23,48,23805,Chateauneuf-Kreher doubling,2024-11,2026-10-04
3,23,509,24311,SCPHF LFSR (TJ-IM),2024-11,2026-10-04
3,23,553,24333,Raaphorst-Moura-Stevens,2024-11,2026-10-04
3,23,603,31221,SCPHF LFSR (TJ-IM) fuse fuse,2024-11,2026-10-04
3,23,651,31245,Raaphorst-Moura-Stevens fuse fuse,2024-11,2026-10-04
3,23,705,39331,SCPHF LFSR (TJ-IM) fuse fuse fuse fuse,2024-11,2026-10-04
3,23,757,39357,Raaphorst-Moura-Stevens fuse fuse fuse fuse,2024-11,2026-10-04
3,23,1033,47081,Path-Restricted SCPHF RE (CLS),2024-11,2026-10-04
3,23,1106,47103,Chateauneuf-Kreher doubling,2024-11,2026-10-04
3,23,1402,47587,"Restricted CPHF Ext  4( 2, 4) WCS",2024-11,2026-10-04
3,23,1404,47609,"Restricted CPHF Ext  4( 2, 3) WCS",2024-11,2026-10-04
3,23,1772,48093,"Restricted CPHF Ext  4( 1, 4) WCS",2024-11,2026-10-04
3,23,1783,48115,"Restricted CPHF Ext  4( 1, 3) WCS",2024-11,2026-10-04
3,23,2492,48599,"Restricted CPHF Ext  4( 0, 4) WCS",2024-11,2026-10-04
3,23,2516,48621,"Restricted CPHF Ext  4( 0, 3) WCS",2024-11,2026-10-04
3,23,2534,48643,"Restricted CPHF Ext  4( 0, 2) WCS",2024-11,2026-10-04
3,23,2542,48665,"Restricted CPHF Ext  4( 0, 0) WCS",2024-11,2026-10-04
3,23,10000,58719,Colbourn-Martirosyan-TVT-Walker,2024-11,2026-10-04
3,24,6,13824,orthogonal array (Ji-Yin),2024-11,2026-10-04
3,24,11,15180,ordered design (CCL),2024-11,2026-10-04
3,24,13,15598,orthogonal array fuse postop NCK,2024-11,2026-10-04
3,24,14,15599,orthogonal array fuse postop NCK,2024-11,2026-10-04
3,24,15,15600,orthogonal array fuse postop NCK,2024-11,2026-10-04
3,24,26,15623,orthogonal array fuse,2024-11,2026-10-04
3,24,27,19631,orthogonal array fuse fuse fuse postop NCK,2024-11,2026-10-04
3,24,28,19633,orthogonal array fuse fuse fuse postop NCK,2024-11,2026-10-04
3,24,29,24122,orthogonal array fuse fuse fuse fuse fuse postop NCK,2024-11,2026-10-04
3,24,30,24127,orthogonal array fuse fuse fuse fuse fuse postop NCK,2024-11,2026-10-04
3,24,31,29131,orthogonal array fuse fuse fuse fuse fuse fuse fuse postop NCK,2024-11,2026-10-04
3,24,32,29209,orthogonal array fuse fuse fuse fuse fuse fuse fuse postop NCK,2024-11,2026-10-04
3,24,40,29883,Chateauneuf-Kreher doubling,2024-11,2026-10-04
3,24,44,29906,Chateauneuf-Kreher doubling,2024-11,2026-10-04
3,24,52,29929,Chateauneuf-Kreher doubling,2024-11,2026-10-04
3,24,603,31223,SCPHF LFSR (TJ-IM) fuse,2024-11,2026-10-04
3,24,651,31247,Raaphorst-Moura-Stevens fuse,2024-11,2026-10-04
3,24,705,39333,SCPHF LFSR (TJ-IM) fuse fuse fuse,2024-11,2026-10-04
3,24,757,39359,Raaphorst-Moura-Stevens fuse fuse fuse,2024-11,2026-10-04
3,24,815,48739,SCPHF LFSR (TJ-IM) fuse fuse fuse fuse fuse,2024-11,2026-10-04
3,24,871,48767,Raaphorst-Moura-Stevens fuse fuse fuse fuse fuse,2024-11,2026-10-04
3,24,894,58731,Chateauneuf-Kreher doubling,2024-11,2026-10-04
3,24,1150,58754,Chateauneuf-Kreher doubling,2024-11,2026-10-04
3,24,1206,58777,Chateauneuf-Kreher doubling,2024-11,2026-10-04
3,24,1302,58801,Chateauneuf-Kreher doubling,2024-11,2026-10-04
3,24,1631,61223,"Restricted CPHF Ext  4( 2, 4) WCS fuse",2024-11,2026-10-04
3,24,1642,61247,"Restricted CPHF Ext  4( 2, 3) WCS fuse",2024-11,2026-10-04
3,24,2103,61823,"Restricted CPHF Ext  4( 1, 4) WCS fuse",2024-11,2026-10-04
3,24,2105,61847,"Restricted CPHF Ext  4( 1, 3) WCS fuse",2024-11,2026-10-04
3,24,2107,61871,"Restricted CPHF Ext  4( 1, 2) WCS fuse",2024-11,2026-10-04
3,24,2976,62423,"Restricted CPHF Ext  4( 0, 4) WCS fuse",2024-11,2026-10-04
3,24,3000,62447,"Restricted CPHF Ext  4( 0, 3) WCS fuse",2024-11,2026-10-04
3,24,3002,62471,"Restricted CPHF Ext  4( 0, 2) WCS fuse",2024-11,2026-10-04
3,24,3024,62495,"Restricted CPHF Ext  4( 0, 0) WCS fuse",2024-11,2026-10-04
3,24,3384,72024,Cohen-Colbourn-Ling,2024-11,2026-10-04
3,24,3618,72047,Cohen-Colbourn-Ling,2024-11,2026-10-04
3,24,3858,72071,Cohen-Colbourn-Ling,2024-11,2026-10-04
3,24,3906,72094,Cohen-Colbourn-Ling,2024-11,2026-10-04
3,24,4515,73380,Cohen-Colbourn-Ling,2024-11,2026-10-04
3,24,4827,73403,Cohen-Colbourn-Ling,2024-11,2026-10-04
3,24,5147,73427,Cohen-Colbourn-Ling,2024-11,2026-10-04
3,24,5211,73450,Cohen-Colbourn-Ling,2024-11,2026-10-04
3,24,5427,74451,Cohen-Colbourn-Ling,2024-11,2026-10-04
3,24,5859,74475,Cohen-Colbourn-Ling,2024-11,2026-10-04
3,24,6633,75201,Cohen-Colbourn-Ling,2024-11,2026-10-04
3,24,7150,75225,Cohen-Colbourn-Ling,2024-11,2026-10-04
3,24,7839,75619,Cohen-Colbourn-Ling,2024-11,2026-10-04
3,24,8442,75620,Cohen-Colbourn-Ling,2024-11,2026-10-04
3,24,9045,75621,Cohen-Colbourn-Ling,2024-11,2026-10-04
3,24,10000,75623,Colbourn-Martirosyan-TVT-Walker,2024-11,2026-10-04
3,25,26,15625,orthogonal array,2024-11,2026-10-04
3,25,28,19679,orthogonal array fuse fuse,2024-11,2026-10-04
3,25,30,24300,orthogonal array fuse fuse fuse fuse postop NCK,2024-11,2026-10-04
3,25,32,29511,orthogonal array fuse fuse fuse fuse fuse fuse postop NCK,2024-11,2026-10-04
3,25,52,30625,Chateauneuf-Kreher doubling,2024-11,2026-10-04
3,25,603,31225,SCPHF LFSR (TJ-IM),2024-11,2026-10-04
3,25,651,31249,Raaphorst-Moura-Stevens,2024-11,2026-10-04
3,25,705,39335,SCPHF LFSR (TJ-IM) fuse fuse,2024-11,2026-10-04
3,25,757,39361,Raaphorst-Moura-Stevens fuse fuse,2024-11,2026-10-04
3,25,815,48741,SCPHF LFSR (TJ-IM) fuse fuse fuse fuse,2024-11,2026-10-04
3,25,871,48769,Raaphorst-Moura-Stevens fuse fuse fuse fuse,2024-11,2026-10-04
3,25,933,59539,SCPHF LFSR (TJ-IM) fuse fuse fuse fuse fuse fuse,2024-11,2026-10-04
3,25,993,59569,Raaphorst-Moura-Stevens fuse fuse fuse fuse fuse fuse,2024-11,2026-10-04
3,25,1206,60625,Chateauneuf-Kreher doubling,2024-11,2026-10-04
3,25,1302,60649,Chateauneuf-Kreher doubling,2024-11,2026-10-04
3,25,1631,61225,"Restricted CPHF Ext  4( 2, 4) WCS",2024-11,2026-10-04
3,25,1642,61249,"Restricted CPHF Ext  4( 2, 3) WCS",2024-11,2026-10-04
3,25,2103,61825,"Restricted CPHF Ext  4( 1, 4) WCS",2024-11,2026-10-04
3,25,2105,61849,"Restricted CPHF Ext  4( 1, 3) WCS",2024-11,2026-10-04
3,25,2107,61873,"Restricted CPHF Ext  4( 1, 2) WCS",2024-11,2026-10-04
3,25,2976,62425,"Restricted CPHF Ext  4( 0, 4) WCS",2024-11,2026-10-04
3,25,3000,62449,"Restricted CPHF Ext  4( 0, 3) WCS",2024-11,2026-10-04
3,25,3002,62473,"Restricted CPHF Ext  4( 0, 2) WCS",2024-11,2026-10-04
3,25,3024,62497,"Restricted CPHF Ext  4( 0, 0) WCS",2024-11,2026-10-04
3,25,10000,75625,Colbourn-Martirosyan-TVT-Walker,2024-11,2026-10-04
4,2,5,16,Derive from strength 5,2024-11,2026-10-04
4,2,6,21,Derive from strength 5,2024-11,2026-10-04
4,2,12,24,Cyclotomy (Colbourn),2024-11,2026-10-04
4,2,13,32,Derive from strength 5,2024-11,2026-10-04
4,2,17,35,simulated annealing (TJ-RT),2024-11,2026-10-04
4,2,18,36,simulated annealing (TJ-RT),2024-11,2026-10-04
4,2,20,39,Hadamard (Colbourn-Keri) postop NCK,2024-11,2026-10-04
4,2,21,42,Cyclic (Colbourn-Keri),2024-11,2026-10-04
4,2,22,44,Cyclic (Colbourn-Keri),2024-11,2026-10-04
4,2,24,46,Cyclotomy (Colbourn),2024-11,2026-10-04
4,2,25,50,Cyclic (Colbourn-Keri),2024-11,2026-10-04
4,2,26,51,simulated annealing (TJ-RT),2024-11,2026-10-04
4,2,28,53,simulated annealing (TJ-RT),2024-11,2026-10-04
4,2,30,56,simulated annealing (TJ-RT),2024-11,2026-10-04
4,2,32,58,simulated annealing (TJ-RT),2024-11,2026-10-04
4,2,33,61,simulated annealing (TJ-RT),2024-11,2026-10-04
4,2,34,63,SBSTT (TJ-AG),2024-11,2026-10-04
4,2,35,64,simulated annealing (TJ-RT),2024-11,2026-10-04
4,2,37,65,simulated annealing (TJ-RT),2024-11,2026-10-04
4,2,38,66,simulated annealing (TJ-RT),2024-11,2026-10-04
4,2,67,67,Cyclotomy (Colbourn),2024-11,2026-10-04
4,2,71,71,Cyclotomy (Colbourn),2024-11,2026-10-04
4,2,72,78,SBSTT (TJ-AG),2024-11,2026-10-04
4,2,79,79,Derive from strength 5,2024-11,2026-10-04
4,2,83,83,Cyclotomy (Colbourn),2024-11,2026-10-04
4,2,89,87,Cyclotomy (Colbourn) postop NCK,2024-11,2026-10-04
4,2,90,92,SBSTT (TJ-AG),2024-11,2026-10-04
4,2,97,94,SBSTT (TJ-AG),2024-11,2026-10-04
4,2,101,98,SBSTT (TJ-AG),2024-11,2026-10-04
4,2,107,102,SBSTT (TJ-AG),2024-11,2026-10-04
4,2,109,105,SBSTT (TJ-AG),2024-11,2026-10-04
4,2,111,106,SBSTT (TJ-AG),2024-11,2026-10-04
4,2,113,107,SBSTT (TJ-AG),2024-11,2026-10-04
4,2,114,109,SBSTT (TJ-AG),2024-11,2026-10-04
4,2,120,110,Power CZ2-12.4-10.1,2024-11,2026-10-04
4,2,144,112,"Power CT12^2,c",2024-11,2026-10-04
4,2,145,119,SBSTT (TJ-AG),2024-11,2026-10-04
4,2,146,122,SBSTT (TJ-AG),2024-11,2026-10-04
4,2,149,125,SBSTT (TJ-AG),2024-11,2026-10-04
4,2,151,126,SBSTT (TJ-AG),2024-11,2026-10-04
4,2,155,127,SBSTT (TJ-AG),2024-11,2026-10-04
4,2,157,128,SBSTT (TJ-AG),2024-11,2026-10-04
4,2,160,129,SBSTT (TJ-AG),2024-11,2026-10-04
4,2,165,130,SBSTT (TJ-AG),2024-11,2026-10-04
4,2,169,131,SBSTT (TJ-AG),2024-11,2026-10-04
4,2,172,134,SBSTT (TJ-AG),2024-11,2026-10-04
4,2,173,135,SBSTT (TJ-AG),2024-11,2026-10-04
4,2,179,142,SBSTT (TJ-AG),2024-11,2026-10-04
4,2,189,143,SBSTT (TJ-AG),2024-11,2026-10-04
4,2,192,144,SBSTT (TJ-AG),2024-11,2026-10-04
4,2,196,145,SBSTT (TJ-AG),2024-11,2026-10-04
4,2,208,154,SBSTT (TJ-AG),2024-11,2026-10-04
4,2,213,156,SBSTT (TJ-AG),2024-11,2026-10-04
4,2,217,157,SBSTT (TJ-AG),2024-11,2026-10-04
4,2,222,158,SBSTT (TJ-AG),2024-11,2026-10-04
4,2,256,160,Power CZ2-16.5,2024-11,2026-10-04
4,2,268,161,SBSTT (TJ-AG),2024-11,2026-10-04
4,2,272,162,Power CZ2-17.4-16.1,2024-11,2026-10-04
4,2,289,165,SBSTT (TJ-AG),2024-11,2026-10-04
4,2,296,167,SBSTT (TJ-AG),2024-11,2026-10-04
4,2,324,168,SBSTT (TJ-AG),2024-11,2026-10-04
4,2,338,173,Torres-Jimenez,2024-11,2026-10-04
4,2,354,174,Torres-Jimenez,2024-11,2026-10-04
4,2,405,176,Power CZ3-9.8-5.1,2024-11,2026-10-04
4,2,486,180,Power CZ3-9.8-6.1,2024-11,2026-10-04
4,2,729,184,Power CZ3-9.9,2024-11,2026-10-04
4,2,792,188,Power CZ3-11.7-8.1-9.1,2024-11,2026-10-04
4,2,880,190,Power CZ3-11.7-8.1-10.1,2024-11,2026-10-04
4,2,968,192,Power CZ3-11.8-8.1,2024-11,2026-10-04
4,2,990,194,Power CZ3-11.7-9.1-10.1,2024-11,2026-10-04
4,2,1100,196,Power CZ3-11.7-10.1-10.1,2024-11,2026-10-04
4,2,1210,198,Power CZ3-11.8-10.1,2024-11,2026-10-04
4,2,1332,200,"Power CT11^3,+1c",2024-11,2026-10-04
4,2,1368,216,Power CZ3-13.3-12.6,2024-11,2026-10-04
4,2,1476,224,Power CZ3-13.4-12.5,2024-11,2026-10-04
4,2,1596,233,Power CZ3-13.5-12.4,2024-11,2026-10-04
4,2,1728,242,Power CZ3-13.6-12.3,2024-11,2026-10-04
4,2,1872,251,Power CZ3-13.7-12.1-12.1,2024-11,2026-10-04
4,2,2028,260,Power CZ3-13.8-12.1,2024-11,2026-10-04
4,2,2304,263,Power CZ3-16.7-12.1-12.1,2024-11,2026-10-04
4,2,2496,271,Power CZ3-16.7-12.1-13.1,2024-11,2026-10-04
4,2,3395,272,Power CZ4-13.0-12.12-4.1,2024-11,2026-10-04
4,2,4248,276,Power CZ4-13.0-12.12-5.1,2024-11,2026-10-04
4,2,6781,280,Power CZ4-13.0-12.12-8.1,2024-11,2026-10-04
4,2,7625,284,Power CZ4-13.0-12.12-9.1,2024-11,2026-10-04
4,2,8466,286,Power CZ4-13.0-12.12-10.1,2024-11,2026-10-04
4,2,10000,288,Power CT13^4S13c,2024-11,2026-10-04
4,3,5,81,Derive from strength 5,2024-11,2026-10-04
4,3,6,111,cross-sum (CKRS),2024-11,2026-10-04
4,3,7,123,cross-sum (CKRS),2024-11,2026-10-04
4,3,9,135,Derive from strength 5,2024-11,2026-10-04
4,3,11,159,CPHF 3-stage (TJ-IM),2024-11,2026-10-04
4,3,12,189,Torres-Jimenez,2024-11,2026-10-04
4,3,13,212,Torres-Jimenez,2024-11,2026-10-04
4,3,15,231,2-Restricted SCPHF RE (CL),2024-11,2026-10-04
4,3,17,237,SCPHF Sim Annealing (TJ-IM),2024-11,2026-10-04
4,3,20,271,CPHF 3-stage (TJ-IM),2024-11,2026-10-04
4,3,21,278,CPHF 3-stage (TJ-IM),2024-11,2026-10-04
4,3,22,288,CPHF 3-stage (TJ-IM),2024-11,2026-10-04
4,3,23,296,CPHF 3-stage (TJ-IM),2024-11,2026-10-04
4,3,27,337,CPHF 3-stage (TJ-IM),2024-11,2026-10-04
4,3,28,353,CPHF 3-stage (TJ-IM),2024-11,2026-10-04
4,3,30,361,CPHF 3-stage (TJ-IM),2024-11,2026-10-04
4,3,33,378,CPHF 3-stage (TJ-IM),2024-11,2026-10-04
4,3,34,380,CPHF 3-stage (TJ-IM),2024-11,2026-10-04
4,3,35,389,CPHF 3-stage (TJ-IM),2024-11,2026-10-04
4,3,36,396,CPHF 3-stage (TJ-IM),2024-11,2026-10-04
4,3,37,403,CPHF 3-stage (TJ-IM),2024-11,2026-10-04
4,3,40,420,CPHF 3-stage (TJ-IM),2024-11,2026-10-04
4,3,41,436,CPHF 3-stage (TJ-IM),2024-11,2026-10-04
4,3,42,441,CPHF 3-stage (TJ-IM),2024-11,2026-10-04
4,3,43,450,CPHF 3-stage (TJ-IM),2024-11,2026-10-04
4,3,44,453,CPHF 3-stage (TJ-IM),2024-11,2026-10-04
4,3,45,454,CPHF 3-stage (TJ-IM),2024-11,2026-10-04
4,3,46,463,CPHF 3-stage (TJ-IM),2024-11,2026-10-04
4,3,47,465,CPHF 3-stage (TJ-IM),2024-11,2026-10-04
4,3,48,471,CPHF 3-stage (TJ-IM),2024-11,2026-10-04
4,3,49,484,CPHF 3-stage (TJ-IM),2024-11,2026-10-04
4,3,51,488,CPHF 3-stage (TJ-IM),2024-11,2026-10-04
4,3,53,506,CPHF 3-stage (TJ-IM),2024-11,2026-10-04
4,3,54,509,CPHF 3-stage (TJ-IM),2024-11,2026-10-04
4,3,55,512,PGL (Maity-Akhtar-Chandrasekharan-Colbourn) postop NCK,2024-11,2026-10-04
4,3,57,516,CPHF 3-stage (TJ-IM),2024-11,2026-10-04
4,3,58,522,PGL (Maity-Akhtar-Chandrasekharan-Colbourn) postop NCK,2024-11,2026-10-04
4,3,60,526,CPHF 3-stage (TJ-IM),2024-11,2026-10-04
4,3,63,531,PGL (Maity-Akhtar-Chandrasekharan-Colbourn),2024-11,2026-10-04
4,3,66,546,CPHF 3-stage (TJ-IM),2024-11,2026-10-04
4,3,67,548,PGL (Maity-Akhtar-Chandrasekharan-Colbourn) postop NCK,2024-11,2026-10-04
4,3,70,559,CPHF 3-stage (TJ-IM),2024-11,2026-10-04
4,3,71,566,CPHF 3-stage (TJ-IM),2024-11,2026-10-04
4,3,72,567,PGL (Maity-Akhtar-Chandrasekharan-Colbourn),2024-11,2026-10-04
4,3,74,573,CPHF 3-stage (TJ-IM),2024-11,2026-10-04
4,3,76,577,CPHF 3-stage (TJ-IM),2024-11,2026-10-04
4,3,78,579,CPHF 3-stage (TJ-IM),2024-11,2026-10-04
4,3,81,596,CPHF 3-stage (TJ-IM),2024-11,2026-10-04
4,3,82,602,CPHF 3-stage (TJ-IM),2024-11,2026-10-04
4,3,85,605,CPHF 3-stage (TJ-IM),2024-11,2026-10-04
4,3,88,614,CPHF 3-stage (TJ-IM),2024-11,2026-10-04
4,3,92,624,CPHF 3-stage (TJ-IM),2024-11,2026-10-04
4,3,94,630,CPHF 3-stage (TJ-IM),2024-11,2026-10-04
4,3,97,637,CPHF 3-stage (TJ-IM),2024-11,2026-10-04
4,3,99,639,CPHF 3-stage (TJ-IM),2024-11,2026-10-04
4,3,100,645,Density Mult Cyclic (Colbourn),2024-11,2026-10-04
4,3,105,657,Density Mult Cyclic (Colbourn),2024-11,2026-10-04
4,3,119,663,simulated annealing (AG-TJ-H),2024-11,2026-10-04
4,3,150,666,simulated annealing (AG-TJ-H),2024-11,2026-10-04
4,3,224,669,Cyclotomy (Colbourn),2024-11,2026-10-04
4,3,230,687,Cyclotomy (Colbourn),2024-11,2026-10-04
4,3,272,813,Cyclotomy (Colbourn),2024-11,2026-10-04
4,3,278,831,Cyclotomy (Colbourn),2024-11,2026-10-04
4,3,433,868,Cyclotomy shift (AG+TJ+H),2024-11,2026-10-04
4,3,487,974,Cyclotomy shift (AG+TJ+H),2024-11,2026-10-04
4,3,499,999,Cyclotomy mult (Colbourn),2024-11,2026-10-04
4,3,523,1026,Cyclotomy shift (AG+TJ+H),2024-11,2026-10-04
4,3,1051,1051,Cyclotomy (Colbourn),2024-11,2026-10-04
4,3,1069,1069,Cyclotomy (Colbourn),2024-11,2026-10-04
4,3,1087,1087,Cyclotomy (Colbourn),2024-11,2026-10-04
4,3,1093,1093,Cyclotomy (Colbourn),2024-11,2026-10-04
4,3,1117,1119,Cyclotomy (Colbourn),2024-11,2026-10-04
4,3,1123,1123,Cyclotomy (Colbourn),2024-11,2026-10-04
4,3,1129,1129,Cyclotomy (Colbourn),2024-11,2026-10-04
4,3,1171,1171,Cyclotomy (Colbourn),2024-11,2026-10-04
4,3,1213,1213,Cyclotomy (Colbourn),2024-11,2026-10-04
4,3,1231,1231,Cyclotomy (Colbourn),2024-11,2026-10-04
4,3,1249,1249,Cyclotomy (Colbourn),2024-11,2026-10-04
4,3,1279,1279,Cyclotomy (Colbourn),2024-11,2026-10-04
4,3,1291,1291,Cyclotomy (Colbourn),2024-11,2026-10-04
4,3,1297,1297,Cyclotomy (Colbourn),2024-11,2026-10-04
4,3,1303,1303,Cyclotomy (Colbourn),2024-11,2026-10-04
4,3,1321,1323,Cyclotomy (Colbourn),2024-11,2026-10-04
4,3,1327,1327,Cyclotomy (Colbourn),2024-11,2026-10-04
4,3,1381,1381,Cyclotomy (Colbourn),2024-11,2026-10-04
4,3,1399,1399,Cyclotomy (Colbourn),2024-11,2026-10-04
4,3,1423,1423,Cyclotomy (Colbourn),2024-11,2026-10-04
4,3,1429,1431,Cyclotomy (Colbourn),2024-11,2026-10-04
4,3,1447,1447,Cyclotomy (Colbourn),2024-11,2026-10-04
4,3,1453,1453,Cyclotomy (Colbourn),2024-11,2026-10-04
4,3,1459,1459,Cyclotomy (Colbourn),2024-11,2026-10-04
4,3,1471,1471,Cyclotomy (Colbourn),2024-11,2026-10-04
4,3,1483,1483,Cyclotomy (Colbourn),2024-11,2026-10-04
4,3,1489,1489,Cyclotomy (Colbourn),2024-11,2026-10-04
4,3,1494,1521,CPHF IPO 19 (WCS),2024-11,2026-10-04
4,3,1531,1531,Cyclotomy (Colbourn),2024-11,2026-10-04
4,3,1543,1543,Cyclotomy (Colbourn),2024-11,2026-10-04
4,3,1549,1549,Cyclotomy (Colbourn),2024-11,2026-10-04
4,3,1567,1567,Cyclotomy (Colbourn),2024-11,2026-10-04
4,3,1579,1579,Cyclotomy (Colbourn),2024-11,2026-10-04
4,3,1597,1597,Cyclotomy (Colbourn),2024-11,2026-10-04
4,3,2026,1601,CPHF IPO 20 (WCS),2024-11,2026-10-04
4,3,2694,1681,CPHF IPO 21 (WCS),2024-11,2026-10-04
4,3,3582,1761,CPHF IPO 22 (WCS),2024-11,2026-10-04
4,3,4382,1841,CPHF IPO 23 (WCS),2024-11,2026-10-04
4,3,4712,1921,CPHF IPO 24 (WCS),2024-11,2026-10-04
4,3,4713,2149,Add a factor,2024-11,2026-10-04
4,3,4714,2203,Add a factor,2024-11,2026-10-04
4,3,6982,2327,Derive from strength 5,2024-11,2026-10-04
4,3,7012,2337,Derive from strength 5,2024-11,2026-10-04
4,3,7013,2571,Add a factor,2024-11,2026-10-04
4,3,7164,2601,Colbourn-Martirosyan-TVT-Walker,2024-11,2026-10-04
4,3,7168,2681,Colbourn-Martirosyan-TVT-Walker,2024-11,2026-10-04
4,3,8192,2693,Colbourn-Martirosyan-TVT-Walker,2024-11,2026-10-04
4,3,8194,2729,Colbourn-Martirosyan-TVT-Walker,2024-11,2026-10-04
4,3,8704,2735,Colbourn-Martirosyan-TVT-Walker,2024-11,2026-10-04
4,3,8764,2741,Colbourn-Martirosyan-TVT-Walker,2024-11,2026-10-04
4,3,9216,2821,Colbourn-Martirosyan-TVT-Walker,2024-11,2026-10-04
4,3,9424,2825,Colbourn-Martirosyan-TVT-Walker,2024-11,2026-10-04
4,3,10000,2871,Colbourn-Martirosyan-TVT-Walker,2024-11,2026-10-04
4,4,5,256,Derive from strength 5,2024-11,2026-10-04
4,4,6,340,simulated annealing (CKRS),2024-11,2026-10-04
4,4,7,384,CPHF 3-stage (IM-TJ-AJ-AG),2024-11,2026-10-04
4,4,8,416,CPHF 3-stage (IM-TJ-AJ-AG),2024-11,2026-10-04
4,4,9,448,Derive from strength 5,2024-11,2026-10-04
4,4,12,496,CPHF 3-stage (IM-TJ-AJ-AG),2024-11,2026-10-04
4,4,17,508,CPHF 3-stage (IM-TJ-AJ-AG),2024-11,2026-10-04
4,4,18,703,CPHF 3-stage (IM-TJ-AJ-AG),2024-11,2026-10-04
4,4,20,748,2-Restricted SCPHF RE (CL),2024-11,2026-10-04
4,4,21,760,SCPHF Random Extension (CLS),2024-11,2026-10-04
4,4,22,870,CPHF 3-stage (IM-TJ-AJ-AG),2024-11,2026-10-04
4,4,23,890,CPHF 3-stage (IM-TJ-AJ-AG),2024-11,2026-10-04
4,4,24,895,CPHF 3-stage (IM-TJ-AJ-AG),2024-11,2026-10-04
4,4,27,943,CPHF 3-stage (IM-TJ-AJ-AG),2024-11,2026-10-04
4,4,30,991,CPHF 3-stage (IM-TJ-AJ-AG),2024-11,2026-10-04
4,4,31,1000,2-Restricted SCPHF RE (CL),2024-11,2026-10-04
4,4,33,1012,CPHF 3-stage (IM-TJ-AJ-AG),2024-11,2026-10-04
4,4,36,1129,CPHF 3-stage (IM-TJ-AJ-AG),2024-11,2026-10-04
4,4,39,1170,CPHF 3-stage (IM-TJ-AJ-AG),2024-11,2026-10-04
4,4,40,1198,CPHF 3-stage (IM-TJ-AJ-AG),2024-11,2026-10-04
4,4,41,1225,CPHF 3-stage (IM-TJ-AJ-AG),2024-11,2026-10-04
4,4,42,1240,"2,2-Restricted SCPHF RE (CL)",2024-11,2026-10-04
4,4,43,1250,CPHF 3-stage (IM-TJ-AJ-AG),2024-11,2026-10-04
4,4,50,1264,CPHF 3-stage (IM-TJ-AJ-AG),2024-11,2026-10-04
4,4,51,1300,CPHF 3-stage (IM-TJ-AJ-AG),2024-11,2026-10-04
4,4,52,1342,CPHF 3-stage (IM-TJ-AJ-AG),2024-11,2026-10-04
4,4,53,1359,CPHF 3-stage (IM-TJ-AJ-AG),2024-11,2026-10-04
4,4,54,1385,CPHF 3-stage (IM-TJ-AJ-AG),2024-11,2026-10-04
4,4,55,1390,CPHF 3-stage (IM-TJ-AJ-AG),2024-11,2026-10-04
4,4,58,1414,CPHF 3-stage (IM-TJ-AJ-AG),2024-11,2026-10-04
4,4,59,1425,CPHF 3-stage (IM-TJ-AJ-AG),2024-11,2026-10-04
4,4,60,1433,CPHF 3-stage (IM-TJ-AJ-AG),2024-11,2026-10-04
4,4,61,1454,CPHF 3-stage (IM-TJ-AJ-AG),2024-11,2026-10-04
4,4,62,1469,CPHF 3-stage (IM-TJ-AJ-AG),2024-11,2026-10-04
4,4,64,1500,CPHF 3-stage (IM-TJ-AJ-AG),2024-11,2026-10-04
4,4,66,1516,CPHF 3-stage (IM-TJ-AJ-AG),2024-11,2026-10-04
4,4,76,1531,CPHF IPO 6 (WCS),2024-11,2026-10-04
4,4,77,1602,CPHF 3-stage (IM-TJ-AJ-AG),2024-11,2026-10-04
4,4,78,1608,CPHF 3-stage (IM-TJ-AJ-AG),2024-11,2026-10-04
4,4,79,1612,CPHF 3-stage (IM-TJ-AJ-AG),2024-11,2026-10-04
4,4,80,1620,CPHF 3-stage (IM-TJ-AJ-AG),2024-11,2026-10-04
4,4,81,1625,CPHF 3-stage (IM-TJ-AJ-AG),2024-11,2026-10-04
4,4,82,1636,CPHF 3-stage (IM-TJ-AJ-AG),2024-11,2026-10-04
4,4,83,1644,CPHF 3-stage (IM-TJ-AJ-AG),2024-11,2026-10-04
4,4,84,1654,CPHF 3-stage (IM-TJ-AJ-AG),2024-11,2026-10-04
4,4,85,1658,CPHF 3-stage (IM-TJ-AJ-AG),2024-11,2026-10-04
4,4,86,1671,CPHF 3-stage (IM-TJ-AJ-AG),2024-11,2026-10-04
4,4,87,1681,CPHF 3-stage (IM-TJ-AJ-AG),2024-11,2026-10-04
4,4,88,1692,CPHF 3-stage (IM-TJ-AJ-AG),2024-11,2026-10-04
4,4,90,1712,CPHF 3-stage (IM-TJ-AJ-AG),2024-11,2026-10-04
4,4,91,1720,CPHF 3-stage (IM-TJ-AJ-AG),2024-11,2026-10-04
4,4,92,1729,CPHF 3-stage (IM-TJ-AJ-AG),2024-11,2026-10-04
4,4,93,1735,CPHF 3-stage (IM-TJ-AJ-AG),2024-11,2026-10-04
4,4,94,1747,CPHF 3-stage (IM-TJ-AJ-AG),2024-11,2026-10-04
4,4,95,1760,CPHF 3-stage (IM-TJ-AJ-AG),2024-11,2026-10-04
4,4,96,1769,CPHF 3-stage (IM-TJ-AJ-AG),2024-11,2026-10-04
4,4,97,1780,CPHF 3-stage (IM-TJ-AJ-AG),2024-11,2026-10-04
4,4,99,1782,CPHF 3-stage (IM-TJ-AJ-AG),2024-11,2026-10-04
4,4,108,1786,CPHF IPO 7 (WCS),2024-11,2026-10-04
4,4,117,1844,CPHF 3-stage (IM-TJ-AJ-AG),2024-11,2026-10-04
4,4,462,1848,Cyclotomy (Colbourn),2024-11,2026-10-04
4,4,558,2232,Cyclotomy (Colbourn),2024-11,2026-10-04
4,4,614,2452,Cyclotomy (Colbourn),2024-11,2026-10-04
4,4,654,2612,Cyclotomy (Colbourn),2024-11,2026-10-04
4,4,678,2708,Cyclotomy (Colbourn),2024-11,2026-10-04
4,4,702,2804,Cyclotomy (Colbourn),2024-11,2026-10-04
4,4,734,2932,Cyclotomy (Colbourn),2024-11,2026-10-04
4,4,758,3028,Cyclotomy (Colbourn),2024-11,2026-10-04
4,4,774,3092,Cyclotomy (Colbourn),2024-11,2026-10-04
4,4,798,3188,Cyclotomy (Colbourn),2024-11,2026-10-04
4,4,966,3219,CPHF 3-stage (IM-TJ-AJ-AG),2024-11,2026-10-04
4,4,1200,3404,CPHF 3-stage (IM-TJ-AJ-AG),2024-11,2026-10-04
4,4,1376,3571,CPHF IPO 14 (WCS),2024-11,2026-10-04
4,4,1656,3627,CPHF 3-stage (IM-TJ-AJ-AG),2024-11,2026-10-04
4,4,1800,3629,CPHF 3-stage (IM-TJ-AJ-AG),2024-11,2026-10-04
4,4,1928,3687,CPHF 3-stage (IM-TJ-AJ-AG),2024-11,2026-10-04
4,4,2400,3714,CPHF 3-stage (IM-TJ-AJ-AG),2024-11,2026-10-04
4,4,2607,3805,CPHF 3-stage (IM-TJ-AJ-AG),2024-11,2026-10-04
4,4,3600,4019,CPHF 3-stage (IM-TJ-AJ-AG),2024-11,2026-10-04
4,4,4800,4179,CPHF 3-stage (IM-TJ-AJ-AG),2024-11,2026-10-04
4,4,5400,4225,CPHF 3-stage (IM-TJ-AJ-AG),2024-11,2026-10-04
4,4,7200,4410,CPHF 3-stage (IM-TJ-AJ-AG),2024-11,2026-10-04
4,4,8400,4877,CPHF 3-stage (IM-TJ-AJ-AG),2024-11,2026-10-04
4,4,10000,5101,CPHF 3-stage (IM-TJ-AJ-AG),2024-11,2026-10-04
4,5,6,625,orthogonal array,2024-11,2026-10-04
4,5,7,910,cross-sum (CKRS),2024-11,2026-10-04
4,5,11,1125,Derive from strength 5,2024-11,2026-10-04
4,5,14,1225,2-Restricted SCPHF RE (CL),2024-11,2026-10-04
4,5,16,1245,Restricted CPHF Sim Annealing (TJ-IM),2024-11,2026-10-04
4,5,20,1249,Restricted CPHF Sim Annealing (TJ-IM),2024-11,2026-10-04
4,5,22,1745,Restricted CPHF Sim Annealing (TJ-IM),2024-11,2026-10-04
4,5,25,1845,Restricted CPHF Sim Annealing (TJ-IM),2024-11,2026-10-04
4,5,27,1865,Restricted CPHF Sim Annealing (TJ-IM),2024-11,2026-10-04
4,5,31,2245,Restricted CPHF Sim Annealing (TJ-IM),2024-11,2026-10-04
4,5,33,2345,"3,2-Restricted SCPHF RE (CL)",2024-11,2026-10-04
4,5,36,2365,Restricted CPHF Sim Annealing (TJ-IM),2024-11,2026-10-04
4,5,41,2465,Restricted CPHF Sim Annealing (TJ-IM),2024-11,2026-10-04
4,5,45,2485,Restricted CPHF Sim Annealing (TJ-IM),2024-11,2026-10-04
4,5,49,2865,Restricted CPHF Sim Annealing (TJ-IM),2024-11,2026-10-04
4,5,52,2965,"3,2-Restricted SCPHF RE (CL)",2024-11,2026-10-04
4,5,58,2985,Restricted CPHF Sim Annealing (TJ-IM),2024-11,2026-10-04
4,5,62,3085,Restricted CPHF Sim Annealing (TJ-IM),2024-11,2026-10-04
4,5,74,3105,Restricted CPHF Sim Annealing (TJ-IM),2024-11,2026-10-04
4,5,77,3485,Restricted CPHF Sim Annealing (TJ-IM),2024-11,2026-10-04
4,5,79,3585,"3,2-Restricted SCPHF RE (CL)",2024-11,2026-10-04
4,5,88,3605,Restricted CPHF Sim Annealing (TJ-IM),2024-11,2026-10-04
4,5,97,3705,Restricted CPHF Sim Annealing (TJ-IM),2024-11,2026-10-04
4,5,110,3725,Restricted CPHF Sim Annealing (TJ-IM),2024-11,2026-10-04
4,5,120,3745,Restricted CPHF Sim Annealing (TJ-IM),2024-11,2026-10-04
4,5,123,4105,Restricted CPHF Sim Annealing (TJ-IM),2024-11,2026-10-04
4,5,139,4225,Restricted CPHF Sim Annealing (TJ-IM),2024-11,2026-10-04
4,5,146,4325,Restricted CPHF Sim Annealing (TJ-IM),2024-11,2026-10-04
4,5,164,4345,Restricted CPHF Sim Annealing (TJ-IM),2024-11,2026-10-04
4,5,184,4369,CPHF IPO 7 (WCS),2024-11,2026-10-04
4,5,197,4725,Restricted CPHF Sim Annealing (TJ-IM),2024-11,2026-10-04
4,5,208,4845,Restricted CPHF Sim Annealing (TJ-IM),2024-11,2026-10-04
4,5,236,4945,Restricted CPHF Sim Annealing (TJ-IM),2024-11,2026-10-04
4,5,246,4965,Restricted CPHF Sim Annealing (TJ-IM),2024-11,2026-10-04
4,5,284,4993,Restricted CPHF Sim Annealing (TJ-IM),2024-11,2026-10-04
4,5,309,5345,Restricted CPHF Sim Annealing (TJ-IM),2024-11,2026-10-04
4,5,457,5617,Restricted CPHF Sim Annealing (TJ-IM),2024-11,2026-10-04
4,5,458,6185,2-Restricted SCPHF RE (CL),2024-11,2026-10-04
4,5,464,6205,SCPHF Random Extension (CLS),2024-11,2026-10-04
4,5,690,6241,Restricted CPHF Sim Annealing (TJ-IM),2024-11,2026-10-04
4,5,702,6825,SCPHF Random Extension (CLS),2024-11,2026-10-04
4,5,1064,6865,Restricted CPHF Sim Annealing (TJ-IM),2024-11,2026-10-04
4,5,1600,7489,Restricted CPHF Sim Annealing (TJ-IM),2024-11,2026-10-04
4,5,2550,8113,CPHF IPO 13 (WCS),2024-11,2026-10-04
4,5,3886,8737,CPHF IPO 14 (WCS),2024-11,2026-10-04
4,5,5000,9361,Restricted CPHF Sim Annealing (TJ-IM),2024-11,2026-10-04
4,5,8958,9985,Restricted CPHF Sim Annealing (TJ-IM),2024-11,2026-10-04
4,5,10000,10609,Restricted CPHF Sim Annealing (TJ-IM),2024-11,2026-10-04
4,6,5,1296,Derive from strength 5,2024-11,2026-10-04
4,6,6,1653,Augment OA,2024-11,2026-10-04
4,6,7,1844,orthogonal array fuse postop NCK,2024-11,2026-10-04
4,6,8,1975,orthogonal array fuse postop NCK,2024-11,2026-10-04
4,6,9,2768,Density (Bryce-Colbourn) postop NCK,2024-11,2026-10-04
4,6,10,3208,Density (Bryce-Colbourn) postop NCK,2024-11,2026-10-04
4,6,11,3671,Density Cyclic (Colbourn) postop NCK,2024-11,2026-10-04
4,6,12,3944,Density (Bryce-Colbourn) postop NCK,2024-11,2026-10-04
4,6,13,4027,SCPHF Tabu Search (Walker-Colbourn) fuse postop NCK,2024-11,2026-10-04
4,6,14,4080,SCPHF Tabu Search (Walker-Colbourn) fuse postop NCK,2024-11,2026-10-04
4,6,15,4132,SCPHF Tabu Search (Walker-Colbourn) fuse postop NCK,2024-11,2026-10-04
4,6,16,4203,SCPHF Tabu Search (Walker-Colbourn) fuse postop NCK,2024-11,2026-10-04
4,6,17,4259,SCPHF Tabu Search (Walker-Colbourn) fuse postop NCK,2024-11,2026-10-04
4,6,18,4315,SCPHF Tabu Search (Walker-Colbourn) fuse postop NCK,2024-11,2026-10-04
4,6,19,5422,Density Cyclic (Colbourn) postop NCK,2024-11,2026-10-04
4,6,20,5584,Density Cyclic (Colbourn) postop NCK,2024-11,2026-10-04
4,6,21,5743,Density Cyclic (Colbourn) postop NCK,2024-11,2026-10-04
4,6,22,5895,Density Cyclic (Colbourn) postop NCK,2024-11,2026-10-04
4,6,23,6062,Density Cyclic (Colbourn) postop NCK,2024-11,2026-10-04
4,6,24,6176,Density Cyclic (Colbourn) postop NCK,2024-11,2026-10-04
4,6,25,6325,Density Cyclic (Colbourn) postop NCK,2024-11,2026-10-04
4,6,26,6456,Density Cyclic (Colbourn),2024-11,2026-10-04
4,6,27,6606,Density Cyclic (Colbourn),2024-11,2026-10-04
4,6,28,6714,Density Cyclic (Colbourn),2024-11,2026-10-04
4,6,30,6851,3-Restricted SCPHF RE (CL) fuse,2024-11,2026-10-04
4,6,32,7023,SCPHF Conditional Expectation (CLS) postop NCK,2024-11,2026-10-04
4,6,33,7145,2-Restricted SCPHF RE (CL) fuse,2024-11,2026-10-04
4,6,34,7187,SCPHF Random Extension (CLS) fuse,2024-11,2026-10-04
4,6,35,7506,Density Cyclic (Colbourn),2024-11,2026-10-04
4,6,36,7614,Density Cyclic (Colbourn),2024-11,2026-10-04
4,6,37,7716,Density Cyclic (Colbourn),2024-11,2026-10-04
4,6,38,7812,Density Cyclic (Colbourn),2024-11,2026-10-04
4,6,39,7902,Density Cyclic (Colbourn),2024-11,2026-10-04
4,6,40,7992,Density Cyclic (Colbourn),2024-11,2026-10-04
4,6,41,8094,Density Cyclic (Colbourn),2024-11,2026-10-04
4,6,42,8184,Density Cyclic (Colbourn),2024-11,2026-10-04
4,6,43,8256,Density Cyclic (Colbourn),2024-11,2026-10-04
4,6,44,8352,Density Cyclic (Colbourn),2024-11,2026-10-04
4,6,45,8436,Density Cyclic (Colbourn),2024-11,2026-10-04
4,6,46,8508,Density Cyclic (Colbourn),2024-11,2026-10-04
4,6,47,8586,Density Cyclic (Colbourn),2024-11,2026-10-04
4,6,48,8670,Density Cyclic (Colbourn),2024-11,2026-10-04
4,6,49,8760,Density Cyclic (Colbourn),2024-11,2026-10-04
4,6,50,8826,Density Cyclic (Colbourn),2024-11,2026-10-04
4,6,51,8910,Density Cyclic (Colbourn),2024-11,2026-10-04
4,6,52,8982,Density Cyclic (Colbourn),2024-11,2026-10-04
4,6,53,9054,Density Cyclic (Colbourn),2024-11,2026-10-04
4,6,54,9120,Density Cyclic (Colbourn),2024-11,2026-10-04
4,6,55,9186,Density Cyclic (Colbourn),2024-11,2026-10-04
4,6,56,9264,Density Cyclic (Colbourn),2024-11,2026-10-04
4,6,57,9306,Density Cyclic (Colbourn),2024-11,2026-10-04
4,6,58,9390,Density Cyclic (Colbourn),2024-11,2026-10-04
4,6,59,9456,Density Cyclic (Colbourn),2024-11,2026-10-04
4,6,60,9516,Density Cyclic (Colbourn),2024-11,2026-10-04
4,6,61,9582,Density Cyclic (Colbourn),2024-11,2026-10-04
4,6,64,9599,CPHF IPO 4 (WCS) fuse,2024-11,2026-10-04
4,6,65,9810,Density Cyclic (Colbourn),2024-11,2026-10-04
4,6,70,10092,Density Cyclic (Colbourn),2024-11,2026-10-04
4,6,71,10676,IPOGF postop MPO (TJ-RC),2024-11,2026-10-04
4,6,72,10744,IPOGF postop MPO (TJ-RC),2024-11,2026-10-04
4,6,73,10758,IPOGF postop MPO (TJ-RC),2024-11,2026-10-04
4,6,74,10821,IPOGF postop MPO (TJ-RC),2024-11,2026-10-04
4,6,75,10882,IPOGF postop MPO (TJ-RC),2024-11,2026-10-04
4,6,76,10959,IPOGF postop MPO (TJ-RC),2024-11,2026-10-04
4,6,77,10992,IPOGF postop MPO (TJ-RC),2024-11,2026-10-04
4,6,78,11017,IPOGF postop MPO (TJ-RC),2024-11,2026-10-04
4,6,79,11100,IPOGF postop MPO (TJ-RC),2024-11,2026-10-04
4,6,80,11121,IPOGF postop MPO (TJ-RC),2024-11,2026-10-04
4,6,81,11187,IPOGF postop MPO (TJ-RC),2024-11,2026-10-04
4,6,82,11219,IPOGF postop MPO (TJ-RC),2024-11,2026-10-04
4,6,83,11282,IPOGF postop MPO (TJ-RC),2024-11,2026-10-04
4,6,84,11319,IPOGF postop MPO (TJ-RC),2024-11,2026-10-04
4,6,85,11384,IPOGF postop MPO (TJ-RC),2024-11,2026-10-04
4,6,86,11407,IPOGF postop MPO (TJ-RC),2024-11,2026-10-04
4,6,87,11478,IPOGF postop MPO (TJ-RC),2024-11,2026-10-04
4,6,88,11504,IPOGF postop MPO (TJ-RC),2024-11,2026-10-04
4,6,89,11581,IPOGF postop MPO (TJ-RC),2024-11,2026-10-04
4,6,90,11591,IPOGF postop MPO (TJ-RC),2024-11,2026-10-04
4,6,91,11630,IPOGF postop MPO (TJ-RC),2024-11,2026-10-04
4,6,92,11671,IPOGF postop MPO (TJ-RC),2024-11,2026-10-04
4,6,93,11729,IPOGF postop MPO (TJ-RC),2024-11,2026-10-04
4,6,94,11762,IPOGF postop MPO (TJ-RC),2024-11,2026-10-04
4,6,95,11800,IPOGF postop MPO (TJ-RC),2024-11,2026-10-04
4,6,96,11884,IPOGF postop MPO (TJ-RC),2024-11,2026-10-04
4,6,99,11891,"2,2-Restricted SCPHF RE (CL) fuse",2024-11,2026-10-04
4,6,117,11999,CPHF IPO 5 (WCS) fuse,2024-11,2026-10-04
4,6,119,12671,IPOGF postop MPO (TJ-RC),2024-11,2026-10-04
4,6,120,12734,IPOGF postop MPO (TJ-RC),2024-11,2026-10-04
4,6,121,12757,IPOGF postop MPO (TJ-RC),2024-11,2026-10-04
4,6,122,12776,IPOGF postop MPO (TJ-RC),2024-11,2026-10-04
4,6,123,12813,IPOGF postop MPO (TJ-RC),2024-11,2026-10-04
4,6,124,12855,IPOGF postop MPO (TJ-RC),2024-11,2026-10-04
4,6,125,12874,IPOGF postop MPO (TJ-RC),2024-11,2026-10-04
4,6,126,12902,IPOGF postop MPO (TJ-RC),2024-11,2026-10-04
4,6,127,12944,IPOGF postop MPO (TJ-RC),2024-11,2026-10-04
4,6,128,13007,IPOGF postop MPO (TJ-RC),2024-11,2026-10-04
4,6,130,13024,IPOGF postop MPO (TJ-RC),2024-11,2026-10-04
4,6,131,13065,IPOGF postop MPO (TJ-RC),2024-11,2026-10-04
4,6,132,13082,IPOGF postop MPO (TJ-RC),2024-11,2026-10-04
4,6,134,13137,IPOGF postop MPO (TJ-RC),2024-11,2026-10-04
4,6,135,13196,IPOGF postop MPO (TJ-RC),2024-11,2026-10-04
4,6,136,13216,IPOGF postop MPO (TJ-RC),2024-11,2026-10-04
4,6,137,13252,IPOGF postop MPO (TJ-RC),2024-11,2026-10-04
4,6,138,13281,IPOGF postop MPO (TJ-RC),2024-11,2026-10-04
4,6,139,13306,IPOGF postop MPO (TJ-RC),2024-11,2026-10-04
4,6,140,13335,IPOGF postop MPO (TJ-RC),2024-11,2026-10-04
4,6,141,13360,IPOGF postop MPO (TJ-RC),2024-11,2026-10-04
4,6,142,13387,IPOGF postop MPO (TJ-RC),2024-11,2026-10-04
4,6,143,13425,IPOGF postop MPO (TJ-RC),2024-11,2026-10-04
4,6,144,13446,IPOGF postop MPO (TJ-RC),2024-11,2026-10-04
4,6,145,13472,IPOGF postop MPO (TJ-RC),2024-11,2026-10-04
4,6,146,13510,IPOGF postop MPO (TJ-RC),2024-11,2026-10-04
4,6,147,13528,IPOGF postop MPO (TJ-RC),2024-11,2026-10-04
4,6,148,13558,IPOGF postop MPO (TJ-RC),2024-11,2026-10-04
4,6,149,13606,IPOGF postop MPO (TJ-RC),2024-11,2026-10-04
4,6,150,13613,IPOGF postop MPO (TJ-RC),2024-11,2026-10-04
4,6,151,13638,IPOGF postop MPO (TJ-RC),2024-11,2026-10-04
4,6,152,13641,IPOGF postop MPO (TJ-RC),2024-11,2026-10-04
4,6,153,13694,IPOGF postop MPO (TJ-RC),2024-11,2026-10-04
4,6,154,13720,IPOGF postop MPO (TJ-RC),2024-11,2026-10-04
4,6,155,13737,IPOGF postop MPO (TJ-RC),2024-11,2026-10-04
4,6,156,13783,IPOGF postop MPO (TJ-RC),2024-11,2026-10-04
4,6,157,13810,IPOGF postop MPO (TJ-RC),2024-11,2026-10-04
4,6,158,13837,IPOGF postop MPO (TJ-RC),2024-11,2026-10-04
4,6,159,13849,IPOGF postop MPO (TJ-RC),2024-11,2026-10-04
4,6,161,13875,IPOGF postop MPO (TJ-RC),2024-11,2026-10-04
4,6,162,13920,IPOGF postop MPO (TJ-RC),2024-11,2026-10-04
4,6,163,13960,IPOGF postop MPO (TJ-RC),2024-11,2026-10-04
4,6,166,14327,2-Restricted SCPHF RE (CL) fuse,2024-11,2026-10-04
4,6,174,14369,SCPHF Conditional Expectation (CLS) fuse,2024-11,2026-10-04
4,6,225,14399,CPHF IPO 6 (WCS) fuse,2024-11,2026-10-04
4,6,2648,15888,Cyclotomy (Colbourn),2024-11,2026-10-04
4,6,2768,16608,Cyclotomy (Colbourn),2024-11,2026-10-04
4,6,2978,17862,Cyclotomy (Colbourn),2024-11,2026-10-04
4,6,3020,18114,Cyclotomy (Colbourn),2024-11,2026-10-04
4,6,3260,19560,Cyclotomy (Colbourn),2024-11,2026-10-04
4,6,3272,19626,Cyclotomy (Colbourn),2024-11,2026-10-04
4,6,3320,19914,Cyclotomy (Colbourn),2024-11,2026-10-04
4,6,3332,19992,Cyclotomy (Colbourn),2024-11,2026-10-04
4,6,3344,20058,Cyclotomy (Colbourn),2024-11,2026-10-04
4,6,3464,20778,Cyclotomy (Colbourn),2024-11,2026-10-04
4,6,3500,20994,Cyclotomy (Colbourn),2024-11,2026-10-04
4,6,3584,21498,Cyclotomy (Colbourn),2024-11,2026-10-04
4,6,3608,21642,Cyclotomy (Colbourn),2024-11,2026-10-04
4,6,3632,21786,Cyclotomy (Colbourn),2024-11,2026-10-04
4,6,3644,21858,Cyclotomy (Colbourn),2024-11,2026-10-04
4,6,3692,22146,Cyclotomy (Colbourn),2024-11,2026-10-04
4,6,3728,22362,Cyclotomy (Colbourn),2024-11,2026-10-04
4,6,3824,22938,Cyclotomy (Colbourn),2024-11,2026-10-04
4,6,3848,23082,Cyclotomy (Colbourn),2024-11,2026-10-04
4,6,3908,23442,Cyclotomy (Colbourn),2024-11,2026-10-04
4,6,3932,23586,Cyclotomy (Colbourn),2024-11,2026-10-04
4,6,3944,23658,Cyclotomy (Colbourn),2024-11,2026-10-04
4,6,4004,24018,Cyclotomy (Colbourn),2024-11,2026-10-04
4,6,4028,24162,Cyclotomy (Colbourn),2024-11,2026-10-04
4,6,6043,24172,Cyclotomy shift (Colbourn),2024-11,2026-10-04
4,6,6607,26428,Cyclotomy shift (Colbourn),2024-11,2026-10-04
4,6,9283,27849,Cyclotomy shift (Colbourn),2024-11,2026-10-04
4,6,9739,29217,Cyclotomy shift (Colbourn),2024-11,2026-10-04
4,6,9883,29649,Cyclotomy shift (Colbourn),2024-11,2026-10-04
4,6,9931,29793,Cyclotomy shift (Colbourn),2024-11,2026-10-04
4,6,10000,30297,Cyclotomy shift (Colbourn),2024-11,2026-10-04
4,7,8,2401,orthogonal array,2024-11,2026-10-04
4,7,9,3569,orthogonal array fuse postop NCK,2024-11,2026-10-04
4,7,14,4459,3-Restricted SCPHF RE (CL),2024-11,2026-10-04
4,7,17,4753,2-Restricted SCPHF RE (CL),2024-11,2026-10-04
4,7,18,4795,SCPHF Tabu Search (Walker-Colbourn),2024-11,2026-10-04
4,7,30,6853,3-Restricted SCPHF RE (CL),2024-11,2026-10-04
4,7,33,7147,2-Restricted SCPHF RE (CL),2024-11,2026-10-04
4,7,34,7189,SCPHF Random Extension (CLS),2024-11,2026-10-04
4,7,45,8911,"3,3-Restricted SCPHF RE (CL)",2024-11,2026-10-04
4,7,49,9205,"3,2-Restricted SCPHF RE (CL)",2024-11,2026-10-04
4,7,52,9247,3-Restricted SCPHF RE (CL),2024-11,2026-10-04
4,7,55,9499,"2,2-Restricted SCPHF RE (CL)",2024-11,2026-10-04
4,7,56,9541,2-Restricted SCPHF RE (CL),2024-11,2026-10-04
4,7,57,9583,SCPHF Random Extension (CLS),2024-11,2026-10-04
4,7,64,9601,CPHF IPO 4 (WCS),2024-11,2026-10-04
4,7,79,11305,"3,3-Restricted SCPHF RE (CL)",2024-11,2026-10-04
4,7,84,11599,"3,2-Restricted SCPHF RE (CL)",2024-11,2026-10-04
4,7,89,11641,3-Restricted SCPHF RE (CL),2024-11,2026-10-04
4,7,99,11893,"2,2-Restricted SCPHF RE (CL)",2024-11,2026-10-04
4,7,117,12001,CPHF IPO 5 (WCS),2024-11,2026-10-04
4,7,119,13363,"3,3,3-Restricted SCPHF RE (CL)",2024-11,2026-10-04
4,7,134,13699,"3,3-Restricted SCPHF RE (CL)",2024-11,2026-10-04
4,7,144,13993,"3,2-Restricted SCPHF RE (CL)",2024-11,2026-10-04
4,7,154,14035,3-Restricted SCPHF RE (CL),2024-11,2026-10-04
4,7,163,14287,"2,2-Restricted SCPHF RE (CL)",2024-11,2026-10-04
4,7,166,14329,2-Restricted SCPHF RE (CL),2024-11,2026-10-04
4,7,174,14371,SCPHF Conditional Expectation (CLS),2024-11,2026-10-04
4,7,225,14401,CPHF IPO 6 (WCS),2024-11,2026-10-04
4,7,229,16387,"3,2-Restricted SCPHF RE (CL)",2024-11,2026-10-04
4,7,243,16429,3-Restricted SCPHF RE (CL),2024-11,2026-10-04
4,7,271,16681,"2,2-Restricted SCPHF RE (CL)",2024-11,2026-10-04
4,7,276,16723,2-Restricted SCPHF RE (CL),2024-11,2026-10-04
4,7,307,16765,SCPHF Conditional Expectation (CLS),2024-11,2026-10-04
4,7,389,16801,CPHF IPO 7 (WCS),2024-11,2026-10-04
4,7,392,18781,"3,2-Restricted SCPHF RE (CL)",2024-11,2026-10-04
4,7,402,18823,3-Restricted SCPHF RE (CL),2024-11,2026-10-04
4,7,459,19075,"2,2-Restricted SCPHF RE (CL)",2024-11,2026-10-04
4,7,469,19117,2-Restricted SCPHF RE (CL),2024-11,2026-10-04
4,7,479,19159,SCPHF Random Extension (CLS),2024-11,2026-10-04
4,7,653,19201,CPHF IPO 8 (WCS),2024-11,2026-10-04
4,7,662,21175,"3,2-Restricted SCPHF RE (CL)",2024-11,2026-10-04
4,7,668,21217,3-Restricted SCPHF RE (CL),2024-11,2026-10-04
4,7,751,21469,"2,2-Restricted SCPHF RE (CL)",2024-11,2026-10-04
4,7,801,21511,2-Restricted SCPHF RE (CL),2024-11,2026-10-04
4,7,818,21553,SCPHF Random Extension (CLS),2024-11,2026-10-04
4,7,1136,21601,CPHF IPO 9 (WCS),2024-11,2026-10-04
4,7,1182,23863,"2,2-Restricted SCPHF RE (CL)",2024-11,2026-10-04
4,7,1349,23905,2-Restricted SCPHF RE (CL),2024-11,2026-10-04
4,7,1359,23947,SCPHF Random Extension (CLS),2024-11,2026-10-04
4,7,2065,24001,CPHF IPO 10 (WCS),2024-11,2026-10-04
4,7,3493,26401,CPHF IPO 11 (WCS),2024-11,2026-10-04
4,7,3494,33751,Add a factor,2024-11,2026-10-04
4,7,3495,35809,Add a factor,2024-11,2026-10-04
4,7,3542,41887,Colbourn-Martirosyan-TVT-Walker,2024-11,2026-10-04
4,7,3610,41923,Colbourn-Martirosyan-TVT-Walker,2024-11,2026-10-04
4,7,4114,42103,Colbourn-Martirosyan-TVT-Walker,2024-11,2026-10-04
4,7,4130,42139,Colbourn-Martirosyan-TVT-Walker,2024-11,2026-10-04
4,7,4193,43285,Colbourn-Martirosyan-TVT-Walker,2024-11,2026-10-04
4,7,4571,44149,Colbourn-Martirosyan-TVT-Walker,2024-11,2026-10-04
4,7,6344,44401,Cyclotomy (Colbourn),2024-11,2026-10-04
4,7,6764,47341,Cyclotomy (Colbourn),2024-11,2026-10-04
4,7,7014,47347,Colbourn-Martirosyan-TVT-Walker,2024-11,2026-10-04
4,7,7105,47383,Colbourn-Martirosyan-TVT-Walker,2024-11,2026-10-04
4,7,7182,47419,Colbourn-Martirosyan-TVT-Walker,2024-11,2026-10-04
4,7,7245,47455,Colbourn-Martirosyan-TVT-Walker,2024-11,2026-10-04
4,7,7952,47599,Colbourn-Martirosyan-TVT-Walker,2024-11,2026-10-04
4,7,8015,49861,Colbourn-Martirosyan-TVT-Walker,2024-11,2026-10-04
4,7,8169,49897,Colbourn-Martirosyan-TVT-Walker,2024-11,2026-10-04
4,7,8274,49933,Colbourn-Martirosyan-TVT-Walker,2024-11,2026-10-04
4,7,8295,49975,Colbourn-Martirosyan-TVT-Walker,2024-11,2026-10-04
4,7,8428,50011,Colbourn-Martirosyan-TVT-Walker,2024-11,2026-10-04
4,7,8498,50047,Colbourn-Martirosyan-TVT-Walker,2024-11,2026-10-04
4,7,9443,50155,Colbourn-Martirosyan-TVT-Walker,2024-11,2026-10-04
4,7,9513,50197,Colbourn-Martirosyan-TVT-Walker,2024-11,2026-10-04
4,7,10000,50251,Colbourn-Martirosyan-TVT-Walker,2024-11,2026-10-04
4,8,9,4096,orthogonal array,2024-11,2026-10-04
4,8,10,6125,orthogonal array fuse postop NCK,2024-11,2026-10-04
4,8,15,7680,3-Restricted SCPHF RE (CL),2024-11,2026-10-04
4,8,19,8128,2-Restricted SCPHF RE (CL),2024-11,2026-10-04
4,8,20,8184,SCPHF Tabu Search (Walker-Colbourn),2024-11,2026-10-04
4,8,33,11768,3-Restricted SCPHF RE (CL),2024-11,2026-10-04
4,8,37,12216,2-Restricted SCPHF RE (CL),2024-11,2026-10-04
4,8,38,12272,SCPHF Random Extension (CLS),2024-11,2026-10-04
4,8,53,15352,"3,3-Restricted SCPHF RE (CL)",2024-11,2026-10-04
4,8,58,15800,"3,2-Restricted SCPHF RE (CL)",2024-11,2026-10-04
4,8,60,15856,3-Restricted SCPHF RE (CL),2024-11,2026-10-04
4,8,66,16248,"2,2-Restricted SCPHF RE (CL)",2024-11,2026-10-04
4,8,67,16304,2-Restricted SCPHF RE (CL),2024-11,2026-10-04
4,8,74,16381,CPHF IPO 4 (WCS),2024-11,2026-10-04
4,8,94,19440,"3,3-Restricted SCPHF RE (CL)",2024-11,2026-10-04
4,8,104,19888,"3,2-Restricted SCPHF RE (CL)",2024-11,2026-10-04
4,8,109,19944,3-Restricted SCPHF RE (CL),2024-11,2026-10-04
4,8,116,20336,"2,2-Restricted SCPHF RE (CL)",2024-11,2026-10-04
4,8,118,20392,2-Restricted SCPHF RE (CL),2024-11,2026-10-04
4,8,121,20448,SCPHF Random Extension (CLS),2024-11,2026-10-04
4,8,149,20476,CPHF IPO 5 (WCS),2024-11,2026-10-04
4,8,155,23528,"3,3-Restricted SCPHF RE (CL)",2024-11,2026-10-04
4,8,173,23976,"3,2-Restricted SCPHF RE (CL)",2024-11,2026-10-04
4,8,184,24032,3-Restricted SCPHF RE (CL),2024-11,2026-10-04
4,8,212,24424,"2,2-Restricted SCPHF RE (CL)",2024-11,2026-10-04
4,8,214,24480,2-Restricted SCPHF RE (CL),2024-11,2026-10-04
4,8,218,24536,SCPHF Random Extension (CLS),2024-11,2026-10-04
4,8,267,24571,CPHF IPO 6 (WCS),2024-11,2026-10-04
4,8,281,27616,"3,3-Restricted SCPHF RE (CL)",2024-11,2026-10-04
4,8,306,28064,"3,2-Restricted SCPHF RE (CL)",2024-11,2026-10-04
4,8,324,28120,3-Restricted SCPHF RE (CL),2024-11,2026-10-04
4,8,361,28512,"2,2-Restricted SCPHF RE (CL)",2024-11,2026-10-04
4,8,368,28568,2-Restricted SCPHF RE (CL),2024-11,2026-10-04
4,8,378,28624,SCPHF Random Extension (CLS),2024-11,2026-10-04
4,8,491,28666,CPHF IPO 7 (WCS),2024-11,2026-10-04
4,8,534,32152,"3,2-Restricted SCPHF RE (CL)",2024-11,2026-10-04
4,8,574,32208,3-Restricted SCPHF RE (CL),2024-11,2026-10-04
4,8,631,32600,"2,2-Restricted SCPHF RE (CL)",2024-11,2026-10-04
4,8,660,32656,2-Restricted SCPHF RE (CL),2024-11,2026-10-04
4,8,674,32712,SCPHF Random Extension (CLS),2024-11,2026-10-04
4,8,935,32761,CPHF IPO 8 (WCS),2024-11,2026-10-04
4,8,956,36240,"3,2-Restricted SCPHF RE (CL)",2024-11,2026-10-04
4,8,974,36296,3-Restricted SCPHF RE (CL),2024-11,2026-10-04
4,8,1092,36688,"2,2-Restricted SCPHF RE (CL)",2024-11,2026-10-04
4,8,1163,36744,2-Restricted SCPHF RE (CL),2024-11,2026-10-04
4,8,1175,36800,SCPHF Random Extension (CLS),2024-11,2026-10-04
4,8,1407,36856,CPHF IPO 9 (WCS),2024-11,2026-10-04
4,8,1815,40888,SCPHF Random Extension (CLS),2024-11,2026-10-04
4,8,1894,40951,CPHF Random Extension (CLS),2024-11,2026-10-04
4,8,2716,44976,SCPHF Random Extension (CLS),2024-11,2026-10-04
4,8,2812,45046,CPHF Random Extension (CLS),2024-11,2026-10-04
4,8,2813,58038,Add a factor,2024-11,2026-10-04
4,8,2814,61622,Add a factor,2024-11,2026-10-04
4,8,2888,66144,Colbourn-Martirosyan-TVT-Walker,2024-11,2026-10-04
4,8,2944,66200,Colbourn-Martirosyan-TVT-Walker,2024-11,2026-10-04
4,8,3024,66256,Colbourn-Martirosyan-TVT-Walker,2024-11,2026-10-04
4,8,3928,66298,Colbourn-Martirosyan-TVT-Walker,2024-11,2026-10-04
4,8,4096,69784,Colbourn-Martirosyan-TVT-Walker,2024-11,2026-10-04
4,8,8762,70088,Cyclotomy (Colbourn),2024-11,2026-10-04
4,8,8970,71752,Cyclotomy (Colbourn),2024-11,2026-10-04
4,8,9050,72392,Cyclotomy (Colbourn),2024-11,2026-10-04
4,8,9338,74696,Cyclotomy (Colbourn),2024-11,2026-10-04
4,8,9722,77768,Cyclotomy (Colbourn),2024-11,2026-10-04
4,8,9818,78536,Cyclotomy (Colbourn),2024-11,2026-10-04
4,8,9834,78664,Cyclotomy (Colbourn),2024-11,2026-10-04
4,8,10000,80072,Cyclotomy (Colbourn),2024-11,2026-10-04
4,9,10,6561,orthogonal array,2024-11,2026-10-04
4,9,11,12312,extended OA (Colbourn),2024-11,2026-10-04
4,9,17,12393,3-Restricted SCPHF RE (CL),2024-11,2026-10-04
4,9,21,13041,2-Restricted SCPHF RE (CL),2024-11,2026-10-04
4,9,22,13113,SCPHF Random Extension (CLS),2024-11,2026-10-04
4,9,37,18945,3-Restricted SCPHF RE (CL),2024-11,2026-10-04
4,9,41,19593,2-Restricted SCPHF RE (CL),2024-11,2026-10-04
4,9,43,19665,SCPHF Random Extension (CLS),2024-11,2026-10-04
4,9,60,24777,"3,3-Restricted SCPHF RE (CL)",2024-11,2026-10-04
4,9,66,25425,"3,2-Restricted SCPHF RE (CL)",2024-11,2026-10-04
4,9,70,25497,3-Restricted SCPHF RE (CL),2024-11,2026-10-04
4,9,75,26073,"2,2-Restricted SCPHF RE (CL)",2024-11,2026-10-04
4,9,76,26145,2-Restricted SCPHF RE (CL),2024-11,2026-10-04
4,9,78,26217,SCPHF Random Extension (CLS),2024-11,2026-10-04
4,9,87,26241,CPHF IPO 4 (WCS),2024-11,2026-10-04
4,9,114,31329,"3,3-Restricted SCPHF RE (CL)",2024-11,2026-10-04
4,9,119,31977,"3,2-Restricted SCPHF RE (CL)",2024-11,2026-10-04
4,9,133,32049,3-Restricted SCPHF RE (CL),2024-11,2026-10-04
4,9,142,32625,"2,2-Restricted SCPHF RE (CL)",2024-11,2026-10-04
4,9,144,32697,2-Restricted SCPHF RE (CL),2024-11,2026-10-04
4,9,147,32769,SCPHF Random Extension (CLS),2024-11,2026-10-04
4,9,175,32801,CPHF IPO 5 (WCS),2024-11,2026-10-04
4,9,183,37161,"3,3,3-Restricted SCPHF RE (CL)",2024-11,2026-10-04
4,9,189,37881,"3,3-Restricted SCPHF RE (CL)",2024-11,2026-10-04
4,9,218,38529,"3,2-Restricted SCPHF RE (CL)",2024-11,2026-10-04
4,9,224,38601,3-Restricted SCPHF RE (CL),2024-11,2026-10-04
4,9,259,39177,"2,2-Restricted SCPHF RE (CL)",2024-11,2026-10-04
4,9,276,39249,2-Restricted SCPHF RE (CL),2024-11,2026-10-04
4,9,339,39361,CPHF IPO 6 (WCS),2024-11,2026-10-04
4,9,356,44433,"3,3-Restricted SCPHF RE (CL)",2024-11,2026-10-04
4,9,400,45081,"3,2-Restricted SCPHF RE (CL)",2024-11,2026-10-04
4,9,409,45153,3-Restricted SCPHF RE (CL),2024-11,2026-10-04
4,9,472,45729,"2,2-Restricted SCPHF RE (CL)",2024-11,2026-10-04
4,9,480,45801,2-Restricted SCPHF RE (CL),2024-11,2026-10-04
4,9,495,45873,SCPHF Random Extension (CLS),2024-11,2026-10-04
4,9,672,45921,CPHF IPO 7 (WCS),2024-11,2026-10-04
4,9,712,51633,"3,2-Restricted SCPHF RE (CL)",2024-11,2026-10-04
4,9,731,51705,3-Restricted SCPHF RE (CL),2024-11,2026-10-04
4,9,835,52281,"2,2-Restricted SCPHF RE (CL)",2024-11,2026-10-04
4,9,879,52353,2-Restricted SCPHF RE (CL),2024-11,2026-10-04
4,9,909,52425,SCPHF Random Extension (CLS),2024-11,2026-10-04
4,9,1206,52481,CPHF IPO 8 (WCS),2024-11,2026-10-04
4,9,1316,58185,"3,2-Restricted SCPHF RE (CL)",2024-11,2026-10-04
4,9,1349,58257,3-Restricted SCPHF RE (CL),2024-11,2026-10-04
4,9,1412,58833,"2,2-Restricted SCPHF RE (CL)",2024-11,2026-10-04
4,9,1526,58905,2-Restricted SCPHF RE (CL),2024-11,2026-10-04
4,9,1561,58977,SCPHF Random Extension (CLS),2024-11,2026-10-04
4,9,1621,59041,CPHF Random Extension (CLS),2024-11,2026-10-04
4,9,2591,65529,SCPHF Random Extension (CLS),2024-11,2026-10-04
4,9,2633,65601,CPHF Random Extension (CLS),2024-11,2026-10-04
4,9,2634,86481,Add a factor,2024-11,2026-10-04
4,9,2635,92313,Add a factor,2024-11,2026-10-04
4,9,3051,97465,Colbourn-Martirosyan-TVT-Walker,2024-11,2026-10-04
4,9,3204,102537,Colbourn-Martirosyan-TVT-Walker,2024-11,2026-10-04
4,9,3276,103185,Colbourn-Martirosyan-TVT-Walker,2024-11,2026-10-04
4,9,3357,103377,Colbourn-Martirosyan-TVT-Walker,2024-11,2026-10-04
4,9,3600,106641,Colbourn-Martirosyan-TVT-Walker,2024-11,2026-10-04
4,9,3681,106713,Colbourn-Martirosyan-TVT-Walker,2024-11,2026-10-04
4,9,4248,107289,Colbourn-Martirosyan-TVT-Walker,2024-11,2026-10-04
4,9,4320,107361,Colbourn-Martirosyan-TVT-Walker,2024-11,2026-10-04
4,9,4455,107433,Colbourn-Martirosyan-TVT-Walker,2024-11,2026-10-04
4,9,6048,107481,Colbourn-Martirosyan-TVT-Walker,2024-11,2026-10-04
4,9,6075,113193,Colbourn-Martirosyan-TVT-Walker,2024-11,2026-10-04
4,9,6084,113249,Colbourn-Martirosyan-TVT-Walker,2024-11,2026-10-04
4,9,6408,113257,Colbourn-Martirosyan-TVT-Walker,2024-11,2026-10-04
4,9,6561,113329,Colbourn-Martirosyan-TVT-Walker,2024-11,2026-10-04
4,9,6579,115921,Colbourn-Martirosyan-TVT-Walker,2024-11,2026-10-04
4,9,7371,116497,Colbourn-Martirosyan-TVT-Walker,2024-11,2026-10-04
4,9,7380,116553,Colbourn-Martirosyan-TVT-Walker,2024-11,2026-10-04
4,9,7515,118161,Colbourn-Martirosyan-TVT-Walker,2024-11,2026-10-04
4,9,7551,118233,Colbourn-Martirosyan-TVT-Walker,2024-11,2026-10-04
4,9,7569,118297,Colbourn-Martirosyan-TVT-Walker,2024-11,2026-10-04
4,9,7650,118361,Colbourn-Martirosyan-TVT-Walker,2024-11,2026-10-04
4,9,7767,118425,Colbourn-Martirosyan-TVT-Walker,2024-11,2026-10-04
4,9,7911,118809,Colbourn-Martirosyan-TVT-Walker,2024-11,2026-10-04
4,9,8181,118881,Colbourn-Martirosyan-TVT-Walker,2024-11,2026-10-04
4,9,9477,118937,Colbourn-Martirosyan-TVT-Walker,2024-11,2026-10-04
4,9,9567,119585,Colbourn-Martirosyan-TVT-Walker,2024-11,2026-10-04
4,9,9774,119649,Colbourn-Martirosyan-TVT-Walker,2024-11,2026-10-04
4,9,9918,119713,Colbourn-Martirosyan-TVT-Walker,2024-11,2026-10-04
4,9,9963,119777,Colbourn-Martirosyan-TVT-Walker,2024-11,2026-10-04
4,9,10000,119841,Colbourn-Martirosyan-TVT-Walker,2024-11,2026-10-04
5,2,6,32,orthogonal array,2024-11,2026-10-04
5,2,7,42,Special (Yan Jun),2024-11,2026-10-04
5,2,8,52,Steiner system (CKRS),2024-11,2026-10-04
5,2,9,54,Steiner system (CKRS),2024-11,2026-10-04
5,2,10,56,Steiner system (CKRS),2024-11,2026-10-04
5,2,14,64,cross-sum (CKRS),2024-11,2026-10-04
5,2,15,79,simulated annealing (Torres-Jimenez),2024-11,2026-10-04
5,2,16,98,SBSTT (TJ-AG),2024-11,2026-10-04
5,2,20,99,SBSTT (TJ-AG),2024-11,2026-10-04
5,2,21,109,SBSTT (TJ-AG),2024-11,2026-10-04
5,2,22,111,SBSTT (TJ-AG),2024-11,2026-10-04
5,2,23,114,SBSTT (TJ-AG),2024-11,2026-10-04
5,2,24,117,SBSTT (TJ-AG),2024-11,2026-10-04
5,2,25,118,SBSTT (TJ-AG),2024-11,2026-10-04
5,2,26,130,SBSTT (TJ-AG),2024-11,2026-10-04
5,2,35,134,Cyclic (Colbourn-Keri),2024-11,2026-10-04
5,2,68,136,Paley type (Colbourn),2024-11,2026-10-04
5,2,72,144,Paley type (Colbourn),2024-11,2026-10-04
5,2,80,159,SBSTT (TJ-AG),2024-11,2026-10-04
5,2,84,168,Paley type (Colbourn),2024-11,2026-10-04
5,2,90,178,Paley type (Colbourn),2024-11,2026-10-04
5,2,98,194,Paley type (Colbourn),2024-11,2026-10-04
5,2,102,202,Paley type (Colbourn),2024-11,2026-10-04
5,2,103,206,Paley type (Colbourn),2024-11,2026-10-04
5,2,104,208,Paley type (Colbourn),2024-11,2026-10-04
5,2,108,214,Paley type (Colbourn),2024-11,2026-10-04
5,2,110,218,Paley type (Colbourn),2024-11,2026-10-04
5,2,114,225,SBSTT (TJ-AG),2024-11,2026-10-04
5,2,122,241,SBSTT (TJ-AG),2024-11,2026-10-04
5,2,128,252,Paley type (Colbourn),2024-11,2026-10-04
5,2,132,260,Paley type (Colbourn),2024-11,2026-10-04
5,2,138,271,SBSTT (TJ-AG),2024-11,2026-10-04
5,2,140,273,SBSTT (TJ-AG),2024-11,2026-10-04
5,2,143,288,SBSTT (TJ-AG),2024-11,2026-10-04
5,2,150,289,SBSTT (TJ-AG),2024-11,2026-10-04
5,2,152,292,SBSTT (TJ-AG),2024-11,2026-10-04
5,2,155,303,SBSTT (TJ-AG),2024-11,2026-10-04
5,2,158,304,SBSTT (TJ-AG),2024-11,2026-10-04
5,2,164,310,SBSTT (TJ-AG),2024-11,2026-10-04
5,2,168,318,SBSTT (TJ-AG),2024-11,2026-10-04
5,2,170,322,SBSTT (TJ-AG),2024-11,2026-10-04
5,2,174,327,SBSTT (TJ-AG),2024-11,2026-10-04
5,2,180,332,SBSTT (TJ-AG),2024-11,2026-10-04
5,2,192,346,SBSTT (TJ-AG),2024-11,2026-10-04
5,2,194,357,SBSTT (TJ-AG),2024-11,2026-10-04
5,2,359,359,"Cyclic, derived (Colbourn-Keri)",2024-11,2026-10-04
5,2,378,379,"Cyclic, derived (Colbourn-Keri)",2024-11,2026-10-04
5,2,379,380,Paley type (Colbourn),2024-11,2026-10-04
5,2,431,430,Paley type (Colbourn),2024-11,2026-10-04
5,2,433,434,Cyclotomy (Colbourn),2024-11,2026-10-04
5,2,463,462,Paley type (Colbourn),2024-11,2026-10-04
5,2,467,466,Paley type (Colbourn),2024-11,2026-10-04
5,2,487,486,Paley type (Colbourn),2024-11,2026-10-04
5,2,491,490,Paley type (Colbourn),2024-11,2026-10-04
5,2,499,498,Paley type (Colbourn),2024-11,2026-10-04
5,2,503,503,"Cyclic, derived (Colbourn-Keri)",2024-11,2026-10-04
5,2,509,509,"Cyclic, derived (Colbourn-Keri)",2024-11,2026-10-04
5,2,521,521,"Cyclic, derived (Colbourn-Keri)",2024-11,2026-10-04
5,2,523,523,Cyclotomy (Colbourn),2024-11,2026-10-04
5,2,541,541,Cyclotomy (Colbourn),2024-11,2026-10-04
5,2,547,547,Cyclotomy (Colbourn),2024-11,2026-10-04
5,2,557,557,Cyclotomy (Colbourn),2024-11,2026-10-04
5,2,563,563,Cyclotomy (Colbourn),2024-11,2026-10-04
5,2,569,570,Cyclotomy (Colbourn),2024-11,2026-10-04
5,2,571,571,Cyclotomy (Colbourn),2024-11,2026-10-04
5,2,577,577,Cyclotomy (Colbourn),2024-11,2026-10-04
5,2,587,587,Cyclotomy (Colbourn),2024-11,2026-10-04
5,2,593,593,Cyclotomy (Colbourn),2024-11,2026-10-04
5,2,599,599,Cyclotomy (Colbourn),2024-11,2026-10-04
5,2,601,601,Cyclotomy (Colbourn),2024-11,2026-10-04
5,2,607,607,Cyclotomy (Colbourn),2024-11,2026-10-04
5,2,613,613,Cyclotomy (Colbourn),2024-11,2026-10-04
5,2,1230,615,Derive from strength 6,2024-11,2026-10-04
5,2,1282,641,Derive from strength 6,2024-11,2026-10-04
5,2,1318,659,Derive from strength 6,2024-11,2026-10-04
5,2,1360,680,Derive from strength 6,2024-11,2026-10-04
5,2,1366,683,Derive from strength 6,2024-11,2026-10-04
5,2,1372,686,Derive from strength 6,2024-11,2026-10-04
5,2,1380,690,Derive from strength 6,2024-11,2026-10-04
5,2,1422,711,Derive from strength 6,2024-11,2026-10-04
5,2,1426,713,Derive from strength 6,2024-11,2026-10-04
5,2,1428,714,Derive from strength 6,2024-11,2026-10-04
5,2,1438,719,Derive from strength 6,2024-11,2026-10-04
5,2,1446,723,Derive from strength 6,2024-11,2026-10-04
5,2,1458,729,Derive from strength 6,2024-11,2026-10-04
5,2,1482,741,Derive from strength 6,2024-11,2026-10-04
5,2,1486,743,Derive from strength 6,2024-11,2026-10-04
5,2,1492,746,Derive from strength 6,2024-11,2026-10-04
5,2,1498,749,Derive from strength 6,2024-11,2026-10-04
5,2,1510,755,Derive from strength 6,2024-11,2026-10-04
5,2,1522,761,Derive from strength 6,2024-11,2026-10-04
5,2,1548,774,Derive from strength 6,2024-11,2026-10-04
5,2,1558,779,Derive from strength 6,2024-11,2026-10-04
5,2,1566,783,Derive from strength 6,2024-11,2026-10-04
5,2,1570,785,Derive from strength 6,2024-11,2026-10-04
5,2,1578,789,Derive from strength 6,2024-11,2026-10-04
5,2,1582,791,Derive from strength 6,2024-11,2026-10-04
5,2,1690,792,Power CZ3-13.12-10.1,2024-11,2026-10-04
5,2,1859,814,Power CZ3-13.12-11.1,2024-11,2026-10-04
5,2,2198,819,Power CT13^3+1,2024-11,2026-10-04
5,2,2380,938,"Power CT68^2,cT33c",2024-11,2026-10-04
5,2,4624,940,"Power CT68^2,c",2024-11,2026-10-04
5,2,4707,986,Power CT73^2Arc(7)T2,2024-11,2026-10-04
5,2,4896,988,"Power CT72^2,cT4c",2024-11,2026-10-04
5,2,5184,996,"Power CT72^2,c",2024-11,2026-10-04
5,2,5440,1078,"Power CT80^2,cT12c",2024-11,2026-10-04
5,2,5760,1086,"Power CT80^2,cT8c",2024-11,2026-10-04
5,2,5867,1097,Power CT81^2Arc(7)T2,2024-11,2026-10-04
5,2,6400,1101,"Power CT80^2,c",2024-11,2026-10-04
5,2,6720,1155,"Power CT84^2,cT4c",2024-11,2026-10-04
5,2,7056,1164,"Power CT84^2,c",2024-11,2026-10-04
5,2,7200,1215,"Power CT90^2,cT10c",2024-11,2026-10-04
5,2,7560,1224,"Power CT90^2,cT6c",2024-11,2026-10-04
5,2,8100,1234,"Power CT90^2,c",2024-11,2026-10-04
5,2,8232,1320,"Power CT98^2,cT14c",2024-11,2026-10-04
5,2,8820,1330,"Power CT98^2,cT8c",2024-11,2026-10-04
5,2,9604,1346,"Power CT98^2,c",2024-11,2026-10-04
5,2,9898,1394,"Power CT101^2,cT3c",2024-11,2026-10-04
5,2,10000,1402,"Power CT100^2,c",2024-11,2026-10-04
5,3,6,243,orthogonal array,2024-11,2026-10-04
5,3,7,351,cross-sum (CKRS),2024-11,2026-10-04
5,3,10,405,simulated annealing (AG-TJ-H),2024-11,2026-10-04
5,3,12,483,SCPHF Sim Annealing (TJ-IM),2024-11,2026-10-04
5,3,13,687,CPHF 3-stage (TJ-IM),2024-11,2026-10-04
5,3,14,805,CPHF 3-stage (TJ-IM),2024-11,2026-10-04
5,3,15,842,CPHF 3-stage (TJ-IM),2024-11,2026-10-04
5,3,16,920,CPHF 3-stage (TJ-IM),2024-11,2026-10-04
5,3,17,963,SCPHF Sim Annealing (TJ-IM),2024-11,2026-10-04
5,3,18,1034,CPHF 3-stage (TJ-IM),2024-11,2026-10-04
5,3,19,1064,CPHF 3-stage (TJ-IM),2024-11,2026-10-04
5,3,20,1108,CPHF 3-stage (TJ-IM),2024-11,2026-10-04
5,3,22,1200,CPHF 3-stage (TJ-IM),2024-11,2026-10-04
5,3,23,1258,CPHF 3-stage (TJ-IM),2024-11,2026-10-04
5,3,24,1302,CPHF 3-stage (TJ-IM),2024-11,2026-10-04
5,3,25,1350,CPHF 3-stage (TJ-IM),2024-11,2026-10-04
5,3,26,1371,CPHF 3-stage (TJ-IM),2024-11,2026-10-04
5,3,27,1413,CPHF 3-stage (TJ-IM),2024-11,2026-10-04
5,3,28,1435,CPHF 3-stage (TJ-IM),2024-11,2026-10-04
5,3,29,1480,CPHF 3-stage (TJ-IM),2024-11,2026-10-04
5,3,30,1520,CPHF 3-stage (TJ-IM),2024-11,2026-10-04
5,3,31,1541,CPHF 3-stage (TJ-IM),2024-11,2026-10-04
5,3,32,1580,CPHF 3-stage (TJ-IM),2024-11,2026-10-04
5,3,33,1600,CPHF 3-stage (TJ-IM),2024-11,2026-10-04
5,3,34,1630,CPHF 3-stage (TJ-IM),2024-11,2026-10-04
5,3,35,1661,CPHF 3-stage (TJ-IM),2024-11,2026-10-04
5,3,36,1681,CPHF 3-stage (TJ-IM),2024-11,2026-10-04
5,3,37,1693,CPHF 3-stage (TJ-IM),2024-11,2026-10-04
5,3,38,1730,CPHF 3-stage (TJ-IM),2024-11,2026-10-04
5,3,39,1760,CPHF 3-stage (TJ-IM),2024-11,2026-10-04
5,3,40,1780,CPHF 3-stage (TJ-IM),2024-11,2026-10-04
5,3,41,1811,CPHF 3-stage (TJ-IM),2024-11,2026-10-04
5,3,42,1838,CPHF 3-stage (TJ-IM),2024-11,2026-10-04
5,3,44,1855,CPHF 3-stage (TJ-IM),2024-11,2026-10-04
5,3,45,1870,CPHF 3-stage (TJ-IM),2024-11,2026-10-04
5,3,46,1903,CPHF 3-stage (TJ-IM),2024-11,2026-10-04
5,3,47,1931,CPHF 3-stage (TJ-IM),2024-11,2026-10-04
5,3,48,1947,CPHF 3-stage (TJ-IM),2024-11,2026-10-04
5,3,49,1975,CPHF 3-stage (TJ-IM),2024-11,2026-10-04
5,3,50,2041,CPHF 3-stage (TJ-IM),2024-11,2026-10-04
5,3,51,2054,CPHF 3-stage (TJ-IM),2024-11,2026-10-04
5,3,52,2068,CPHF 3-stage (TJ-IM),2024-11,2026-10-04
5,3,53,2076,CPHF 3-stage (TJ-IM),2024-11,2026-10-04
5,3,54,2098,CPHF 3-stage (TJ-IM),2024-11,2026-10-04
5,3,55,2109,CPHF 3-stage (TJ-IM),2024-11,2026-10-04
5,3,56,2125,CPHF 3-stage (TJ-IM),2024-11,2026-10-04
5,3,57,2131,CPHF 3-stage (TJ-IM),2024-11,2026-10-04
5,3,58,2150,CPHF 3-stage (TJ-IM),2024-11,2026-10-04
5,3,59,2157,CPHF 3-stage (TJ-IM),2024-11,2026-10-04
5,3,60,2200,CPHF 3-stage (TJ-IM),2024-11,2026-10-04
5,3,61,2258,CPHF 3-stage (TJ-IM),2024-11,2026-10-04
5,3,62,2266,CPHF 3-stage (TJ-IM),2024-11,2026-10-04
5,3,63,2284,CPHF 3-stage (TJ-IM),2024-11,2026-10-04
5,3,64,2288,CPHF 3-stage (TJ-IM),2024-11,2026-10-04
5,3,65,2297,CPHF 3-stage (TJ-IM),2024-11,2026-10-04
5,3,66,2304,CPHF 3-stage (TJ-IM),2024-11,2026-10-04
5,3,67,2308,CPHF 3-stage (TJ-IM),2024-11,2026-10-04
5,3,68,2318,CPHF 3-stage (TJ-IM),2024-11,2026-10-04
5,3,70,2327,CPHF 3-stage (TJ-IM),2024-11,2026-10-04
5,3,71,2354,CPHF 3-stage (TJ-IM),2024-11,2026-10-04
5,3,72,2361,CPHF 3-stage (TJ-IM),2024-11,2026-10-04
5,3,73,2364,CPHF 3-stage (TJ-IM),2024-11,2026-10-04
5,3,74,2379,CPHF 3-stage (TJ-IM),2024-11,2026-10-04
5,3,75,2391,CPHF 3-stage (TJ-IM),2024-11,2026-10-04
5,3,76,2403,CPHF 3-stage (TJ-IM),2024-11,2026-10-04
5,3,77,2419,CPHF 3-stage (TJ-IM),2024-11,2026-10-04
5,3,78,2427,CPHF 3-stage (TJ-IM),2024-11,2026-10-04
5,3,79,2438,CPHF 3-stage (TJ-IM),2024-11,2026-10-04
5,3,80,2450,CPHF 3-stage (TJ-IM),2024-11,2026-10-04
5,3,81,2457,CPHF 3-stage (TJ-IM),2024-11,2026-10-04
5,3,82,2488,CPHF 3-stage (TJ-IM),2024-11,2026-10-04
5,3,83,2494,CPHF 3-stage (TJ-IM),2024-11,2026-10-04
5,3,84,2497,CPHF 3-stage (TJ-IM),2024-11,2026-10-04
5,3,85,2505,CPHF 3-stage (TJ-IM),2024-11,2026-10-04
5,3,87,2519,CPHF 3-stage (TJ-IM),2024-11,2026-10-04
5,3,89,2544,CPHF 3-stage (TJ-IM),2024-11,2026-10-04
5,3,90,2548,CPHF 3-stage (TJ-IM),2024-11,2026-10-04
5,3,97,2617,CPHF 3-stage (TJ-IM),2024-11,2026-10-04
5,3,98,2626,CPHF 3-stage (TJ-IM),2024-11,2026-10-04
5,3,99,2646,CPHF 3-stage (TJ-IM),2024-11,2026-10-04
5,3,100,2649,CPHF 3-stage (TJ-IM),2024-11,2026-10-04
5,3,101,2660,CPHF 3-stage (TJ-IM),2024-11,2026-10-04
5,3,102,2675,CPHF 3-stage (TJ-IM),2024-11,2026-10-04
5,3,103,2681,CPHF 3-stage (TJ-IM),2024-11,2026-10-04
5,3,104,2690,CPHF 3-stage (TJ-IM),2024-11,2026-10-04
5,3,105,2699,CPHF 3-stage (TJ-IM),2024-11,2026-10-04
5,3,108,2880,CPHF 3-stage (TJ-IM),2024-11,2026-10-04
5,3,110,2907,CPHF 3-stage (TJ-IM),2024-11,2026-10-04
5,3,114,2942,CPHF 3-stage (TJ-IM),2024-11,2026-10-04
5,3,115,3005,IPOGF postop MPO (TJ-RC),2024-11,2026-10-04
5,3,116,3019,IPOGF postop MPO (TJ-RC),2024-11,2026-10-04
5,3,148,3140,CPHF 3-stage (TJ-IM),2024-11,2026-10-04
5,3,1051,3156,Cyclotomy (Colbourn),2024-11,2026-10-04
5,3,1069,3210,Cyclotomy (Colbourn),2024-11,2026-10-04
5,3,1087,3264,Cyclotomy (Colbourn),2024-11,2026-10-04
5,3,1093,3282,Cyclotomy (Colbourn),2024-11,2026-10-04
5,3,1123,3369,Cyclotomy (Colbourn),2024-11,2026-10-04
5,3,1129,3390,Cyclotomy (Colbourn),2024-11,2026-10-04
5,3,1171,3516,Cyclotomy (Colbourn),2024-11,2026-10-04
5,3,1213,3642,Cyclotomy (Colbourn),2024-11,2026-10-04
5,3,1231,3696,Cyclotomy (Colbourn),2024-11,2026-10-04
5,3,1249,3750,Cyclotomy (Colbourn),2024-11,2026-10-04
5,3,1279,3840,Cyclotomy (Colbourn),2024-11,2026-10-04
5,3,1291,3876,Cyclotomy (Colbourn),2024-11,2026-10-04
5,3,1297,3891,Cyclotomy (Colbourn),2024-11,2026-10-04
5,3,1303,3909,Cyclotomy (Colbourn),2024-11,2026-10-04
5,3,1327,3981,Cyclotomy (Colbourn),2024-11,2026-10-04
5,3,1381,4143,Cyclotomy (Colbourn),2024-11,2026-10-04
5,3,1399,4197,Cyclotomy (Colbourn),2024-11,2026-10-04
5,3,1423,4269,Cyclotomy (Colbourn),2024-11,2026-10-04
5,3,1447,4341,Cyclotomy (Colbourn),2024-11,2026-10-04
5,3,1453,4359,Cyclotomy (Colbourn),2024-11,2026-10-04
5,3,1459,4377,Cyclotomy (Colbourn),2024-11,2026-10-04
5,3,1471,4413,Cyclotomy (Colbourn),2024-11,2026-10-04
5,3,1483,4449,Cyclotomy (Colbourn),2024-11,2026-10-04
5,3,1489,4467,Cyclotomy (Colbourn),2024-11,2026-10-04
5,3,1531,4593,Cyclotomy (Colbourn),2024-11,2026-10-04
5,3,1543,4629,Cyclotomy (Colbourn),2024-11,2026-10-04
5,3,1549,4647,Cyclotomy (Colbourn),2024-11,2026-10-04
5,3,1567,4701,Cyclotomy (Colbourn),2024-11,2026-10-04
5,3,1579,4737,Cyclotomy (Colbourn),2024-11,2026-10-04
5,3,1597,4791,Cyclotomy (Colbourn),2024-11,2026-10-04
5,3,1609,4827,Cyclotomy (Colbourn),2024-11,2026-10-04
5,3,1621,4863,Cyclotomy (Colbourn),2024-11,2026-10-04
5,3,1627,4881,Cyclotomy (Colbourn),2024-11,2026-10-04
5,3,1657,4971,Cyclotomy (Colbourn),2024-11,2026-10-04
5,3,1663,4989,Cyclotomy (Colbourn),2024-11,2026-10-04
5,3,1669,5007,Cyclotomy (Colbourn),2024-11,2026-10-04
5,3,1693,5079,Cyclotomy (Colbourn),2024-11,2026-10-04
5,3,1699,5097,Cyclotomy (Colbourn),2024-11,2026-10-04
5,3,1723,5169,Cyclotomy (Colbourn),2024-11,2026-10-04
5,3,1741,5223,Cyclotomy (Colbourn),2024-11,2026-10-04
5,3,1747,5241,Cyclotomy (Colbourn),2024-11,2026-10-04
5,3,1753,5259,Cyclotomy (Colbourn),2024-11,2026-10-04
5,3,1759,5277,Cyclotomy (Colbourn),2024-11,2026-10-04
5,3,2659,5318,Cyclotomy shift (Colbourn),2024-11,2026-10-04
5,3,2671,5345,Cyclotomy shift (Colbourn),2024-11,2026-10-04
5,3,2683,5369,Cyclotomy shift (Colbourn),2024-11,2026-10-04
5,3,2684,6953,Add 1 factors,2024-11,2026-10-04
5,3,6983,6983,Cyclotomy (Torres-Jimenez),2024-11,2026-10-04
5,3,7013,7013,Cyclotomy (Torres-Jimenez),2024-11,2026-10-04
5,3,7014,9101,Add 1 factors,2024-11,2026-10-04
5,3,7015,9803,Add 2 factors,2024-11,2026-10-04
5,3,7016,9965,Add 3 factors,2024-11,2026-10-04
5,3,10000,10007,Cyclotomy (Torres-Jimenez),2024-11,2026-10-04
5,4,6,1024,orthogonal array,2024-11,2026-10-04
5,4,7,1408,CPHF 3-stage (IM-TJ-AJ-AG),2024-11,2026-10-04
5,4,8,1600,CPHF 3-stage (IM-TJ-AJ-AG),2024-11,2026-10-04
5,4,10,1792,4-Restricted SCPHF RE (CL),2024-11,2026-10-04
5,4,11,1984,3-Restricted SCPHF RE (CL),2024-11,2026-10-04
5,4,12,2047,CPHF 3-stage (IM-TJ-AJ-AG),2024-11,2026-10-04
5,4,13,2807,CPHF 3-stage (IM-TJ-AJ-AG),2024-11,2026-10-04
5,4,14,2812,4-Restricted SCPHF RE (CL),2024-11,2026-10-04
5,4,15,3004,3-Restricted SCPHF RE (CL),2024-11,2026-10-04
5,4,16,3429,CPHF 3-stage (IM-TJ-AJ-AG),2024-11,2026-10-04
5,4,17,3580,"4,4-Restricted SCPHF RE (CL)",2024-11,2026-10-04
5,4,18,3820,"4,2-restricted SCPHF RE (CL)",2024-11,2026-10-04
5,4,19,3964,"3,3-Restricted SCPHF RE (CL)",2024-11,2026-10-04
5,4,20,4060,"2,2-Restricted SCPHF RE (CL)",2024-11,2026-10-04
5,4,21,4093,CPHF IPO 4 (WCS),2024-11,2026-10-04
5,4,22,4597,CPHF 3-stage (IM-TJ-AJ-AG),2024-11,2026-10-04
5,4,23,4600,"4,4-Restricted SCPHF RE (CL)",2024-11,2026-10-04
5,4,24,4847,CPHF 3-stage (IM-TJ-AJ-AG),2024-11,2026-10-04
5,4,25,5044,3-Restricted SCPHF RE (CL),2024-11,2026-10-04
5,4,26,5092,2-Restricted SCPHF RE (CL),2024-11,2026-10-04
5,4,28,5104,SCPHF Sim Annealing (TJ-IM),2024-11,2026-10-04
5,4,29,5452,CPHF 3-stage (IM-TJ-AJ-AG),2024-11,2026-10-04
5,4,30,5701,CPHF 3-stage (IM-TJ-AJ-AG),2024-11,2026-10-04
5,4,31,5708,CPHF 3-stage (IM-TJ-AJ-AG),2024-11,2026-10-04
5,4,32,5859,CPHF 3-stage (IM-TJ-AJ-AG),2024-11,2026-10-04
5,4,33,5980,CPHF 3-stage (IM-TJ-AJ-AG),2024-11,2026-10-04
5,4,34,6111,CPHF 3-stage (IM-TJ-AJ-AG),2024-11,2026-10-04
5,4,38,6139,CPHF IPO 6 (WCS),2024-11,2026-10-04
5,4,39,6747,CPHF 3-stage (IM-TJ-AJ-AG),2024-11,2026-10-04
5,4,40,6865,CPHF 3-stage (IM-TJ-AJ-AG),2024-11,2026-10-04
5,4,41,6892,4-Restricted SCPHF RE (CL),2024-11,2026-10-04
5,4,42,7030,CPHF 3-stage (IM-TJ-AJ-AG),2024-11,2026-10-04
5,4,50,7162,CPHF IPO 7 (WCS),2024-11,2026-10-04
5,4,51,7531,CPHF 3-stage (IM-TJ-AJ-AG),2024-11,2026-10-04
5,4,52,7598,CPHF 3-stage (IM-TJ-AJ-AG),2024-11,2026-10-04
5,4,53,7615,CPHF 3-stage (IM-TJ-AJ-AG),2024-11,2026-10-04
5,4,54,7641,CPHF 3-stage (IM-TJ-AJ-AG),2024-11,2026-10-04
5,4,55,7676,CPHF 3-stage (IM-TJ-AJ-AG),2024-11,2026-10-04
5,4,56,7718,CPHF 3-stage (IM-TJ-AJ-AG),2024-11,2026-10-04
5,4,57,7799,CPHF 3-stage (IM-TJ-AJ-AG),2024-11,2026-10-04
5,4,58,7870,CPHF 3-stage (IM-TJ-AJ-AG),2024-11,2026-10-04
5,4,59,7881,CPHF 3-stage (IM-TJ-AJ-AG),2024-11,2026-10-04
5,4,60,7932,CPHF 3-stage (IM-TJ-AJ-AG),2024-11,2026-10-04
5,4,61,7977,CPHF 3-stage (IM-TJ-AJ-AG),2024-11,2026-10-04
5,4,62,8017,CPHF 3-stage (IM-TJ-AJ-AG),2024-11,2026-10-04
5,4,63,8094,CPHF 3-stage (IM-TJ-AJ-AG),2024-11,2026-10-04
5,4,64,8176,CPHF 3-stage (IM-TJ-AJ-AG),2024-11,2026-10-04
5,4,65,8237,CPHF 3-stage (IM-TJ-AJ-AG),2024-11,2026-10-04
5,4,66,8300,CPHF 3-stage (IM-TJ-AJ-AG),2024-11,2026-10-04
5,4,67,8411,CPHF 3-stage (IM-TJ-AJ-AG),2024-11,2026-10-04
5,4,68,8434,CPHF 3-stage (IM-TJ-AJ-AG),2024-11,2026-10-04
5,4,69,8450,CPHF 3-stage (IM-TJ-AJ-AG),2024-11,2026-10-04
5,4,70,8481,CPHF 3-stage (IM-TJ-AJ-AG),2024-11,2026-10-04
5,4,71,8504,CPHF 3-stage (IM-TJ-AJ-AG),2024-11,2026-10-04
5,4,72,8528,CPHF 3-stage (IM-TJ-AJ-AG),2024-11,2026-10-04
5,4,73,8580,CPHF 3-stage (IM-TJ-AJ-AG),2024-11,2026-10-04
5,4,74,8615,CPHF 3-stage (IM-TJ-AJ-AG),2024-11,2026-10-04
5,4,75,8637,CPHF 3-stage (IM-TJ-AJ-AG),2024-11,2026-10-04
5,4,76,8675,CPHF 3-stage (IM-TJ-AJ-AG),2024-11,2026-10-04
5,4,77,8712,CPHF 3-stage (IM-TJ-AJ-AG),2024-11,2026-10-04
5,4,78,8736,CPHF 3-stage (IM-TJ-AJ-AG),2024-11,2026-10-04
5,4,79,8810,CPHF 3-stage (IM-TJ-AJ-AG),2024-11,2026-10-04
5,4,80,8831,CPHF 3-stage (IM-TJ-AJ-AG),2024-11,2026-10-04
5,4,81,8869,CPHF 3-stage (IM-TJ-AJ-AG),2024-11,2026-10-04
5,4,82,8929,CPHF 3-stage (IM-TJ-AJ-AG),2024-11,2026-10-04
5,4,83,9070,CPHF 3-stage (IM-TJ-AJ-AG),2024-11,2026-10-04
5,4,84,9208,CPHF 3-stage (IM-TJ-AJ-AG),2024-11,2026-10-04
5,4,85,9254,CPHF 3-stage (IM-TJ-AJ-AG),2024-11,2026-10-04
5,4,86,9495,CPHF 3-stage (IM-TJ-AJ-AG),2024-11,2026-10-04
5,4,87,9550,CPHF 3-stage (IM-TJ-AJ-AG),2024-11,2026-10-04
5,4,88,9618,CPHF 3-stage (IM-TJ-AJ-AG),2024-11,2026-10-04
5,4,89,9670,CPHF 3-stage (IM-TJ-AJ-AG),2024-11,2026-10-04
5,4,90,9735,CPHF 3-stage (IM-TJ-AJ-AG),2024-11,2026-10-04
5,4,91,9755,CPHF 3-stage (IM-TJ-AJ-AG),2024-11,2026-10-04
5,4,92,9790,CPHF 3-stage (IM-TJ-AJ-AG),2024-11,2026-10-04
5,4,93,9811,CPHF 3-stage (IM-TJ-AJ-AG),2024-11,2026-10-04
5,4,94,9854,CPHF 3-stage (IM-TJ-AJ-AG),2024-11,2026-10-04
5,4,95,9873,CPHF 3-stage (IM-TJ-AJ-AG),2024-11,2026-10-04
5,4,96,9926,CPHF 3-stage (IM-TJ-AJ-AG),2024-11,2026-10-04
5,4,97,9958,CPHF 3-stage (IM-TJ-AJ-AG),2024-11,2026-10-04
5,4,98,9976,CPHF 3-stage (IM-TJ-AJ-AG),2024-11,2026-10-04
5,4,99,10008,CPHF 3-stage (IM-TJ-AJ-AG),2024-11,2026-10-04
5,4,100,10050,CPHF 3-stage (IM-TJ-AJ-AG),2024-11,2026-10-04
5,4,107,10231,CPHF IPO 10 (WCS),2024-11,2026-10-04
5,4,125,10748,CPHF 3-stage (IM-TJ-AJ-AG),2024-11,2026-10-04
5,4,143,11254,CPHF IPO 11 (WCS),2024-11,2026-10-04
5,4,150,11268,CPHF 3-stage (IM-TJ-AJ-AG),2024-11,2026-10-04
5,4,195,11774,CPHF 3-stage (IM-TJ-AJ-AG),2024-11,2026-10-04
5,4,200,12305,CPHF 3-stage (IM-TJ-AJ-AG),2024-11,2026-10-04
5,4,250,12963,CPHF 3-stage (IM-TJ-AJ-AG),2024-11,2026-10-04
5,4,252,13300,CPHF IPO 13 (WCS),2024-11,2026-10-04
5,4,300,13670,CPHF 3-stage (IM-TJ-AJ-AG),2024-11,2026-10-04
5,4,350,13941,CPHF 3-stage (IM-TJ-AJ-AG),2024-11,2026-10-04
5,4,400,14614,CPHF 3-stage (IM-TJ-AJ-AG),2024-11,2026-10-04
5,4,500,15197,CPHF 3-stage (IM-TJ-AJ-AG),2024-11,2026-10-04
5,4,600,15755,CPHF 3-stage (IM-TJ-AJ-AG),2024-11,2026-10-04
5,4,1000,17410,CPHF 3-stage (IM-TJ-AJ-AG),2024-11,2026-10-04
5,4,1500,18971,CPHF 3-stage (IM-TJ-AJ-AG),2024-11,2026-10-04
5,4,2160,19841,CPHF 3-stage (IM-TJ-AJ-AG),2024-11,2026-10-04
5,4,2161,26765,Add 1 factors,2024-11,2026-10-04
5,4,2162,29645,Add 2 factors,2024-11,2026-10-04
5,4,2163,30413,Add 3 factors,2024-11,2026-10-04
5,4,2164,31181,Add 4 factors,2024-11,2026-10-04
5,4,2165,34815,Add 5 factors,2024-11,2026-10-04
5,4,2166,40985,Add 4 factors,2024-11,2026-10-04
5,4,2167,41753,Add 4 factors,2024-11,2026-10-04
5,4,2168,42521,Add 4 factors,2024-11,2026-10-04
5,4,2366,45519,Martirosyan-Colbourn,2024-11,2026-10-04
5,4,2372,45534,Martirosyan-Colbourn,2024-11,2026-10-04
5,4,2374,45549,Martirosyan-Colbourn,2024-11,2026-10-04
5,4,2400,45564,Martirosyan-Colbourn,2024-11,2026-10-04
5,4,2410,46065,Martirosyan-Colbourn,2024-11,2026-10-04
5,4,2752,49140,Martirosyan-Colbourn,2024-11,2026-10-04
5,4,3000,49308,Martirosyan-Colbourn,2024-11,2026-10-04
5,4,3312,50178,Martirosyan-Colbourn,2024-11,2026-10-04
5,4,3600,50184,Martirosyan-Colbourn,2024-11,2026-10-04
5,4,3856,50358,Martirosyan-Colbourn,2024-11,2026-10-04
5,4,4320,50439,Martirosyan-Colbourn,2024-11,2026-10-04
5,4,4322,57363,Martirosyan-Colbourn,2024-11,2026-10-04
5,4,4324,60243,Martirosyan-Colbourn,2024-11,2026-10-04
5,4,4326,61011,Martirosyan-Colbourn,2024-11,2026-10-04
5,4,4328,61779,Martirosyan-Colbourn,2024-11,2026-10-04
5,4,4330,65413,Martirosyan-Colbourn,2024-11,2026-10-04
5,4,4332,71583,Martirosyan-Colbourn,2024-11,2026-10-04
5,4,4334,72351,Martirosyan-Colbourn,2024-11,2026-10-04
5,4,4336,73119,Martirosyan-Colbourn,2024-11,2026-10-04
5,4,4522,73761,Power CT19^3T5T2,2024-11,2026-10-04
5,4,4560,73802,Power CT19^3T4T3,2024-11,2026-10-04
5,4,4590,73809,Power CT19^3T4T2T1,2024-11,2026-10-04
5,4,4605,73905,Power CT19^3T4S3,2024-11,2026-10-04
5,4,4845,73953,Power CT19^3T4T2,2024-11,2026-10-04
5,4,4860,74049,Power CT19^3T4T1T1,2024-11,2026-10-04
5,4,5054,74145,Power CT19^3T5,2024-11,2026-10-04
5,4,5130,74193,Power CT19^3T4T1,2024-11,2026-10-04
5,4,6000,74319,"perfect hash family4,7776,1296T296",2024-11,2026-10-04
5,4,6137,74913,Power CT19^3T2,2024-11,2026-10-04
5,4,6156,75009,Power CT19^3T1T1,2024-11,2026-10-04
5,4,6498,75153,Power CT19^3T1,2024-11,2026-10-04
5,4,6859,75297,Power CT19^3,2024-11,2026-10-04
5,4,7776,75880,"perfect hash family4,7776,1296",2024-11,2026-10-04
5,4,7780,82446,Martirosyan-Colbourn,2024-11,2026-10-04
5,4,8640,82447,Martirosyan-Colbourn,2024-11,2026-10-04
5,4,8820,85827,Power CT23^3T3T2T2,2024-11,2026-10-04
5,4,9261,85860,Power CT23^3T2T2T2,2024-11,2026-10-04
5,4,9660,86334,Power CT23^3T3T2,2024-11,2026-10-04
5,4,9702,86364,Power CT23^3T2T2T1,2024-11,2026-10-04
5,4,10000,86367,Power CT23^3T2T2,2024-11,2026-10-04
5,5,6,3125,orthogonal array,2024-11,2026-10-04
5,5,7,4375,Ji-Li-Yin,2024-11,2026-10-04
5,5,8,5000,Xu-Ji-Dong,2024-11,2026-10-04
5,5,12,5625,4-Restricted SCPHF RE (CL),2024-11,2026-10-04
5,5,13,6245,SCPHF Sim Annealing (TJ-IM),2024-11,2026-10-04
5,5,16,8745,4-Restricted SCPHF RE (CL),2024-11,2026-10-04
5,5,17,9245,Restricted CPHF Sim Annealing (TJ-IM),2024-11,2026-10-04
5,5,19,9365,Restricted CPHF Sim Annealing (TJ-IM),2024-11,2026-10-04
5,5,21,11245,"4,4-Restricted SCPHF RE (CL)",2024-11,2026-10-04
5,5,22,11745,Restricted CPHF Sim Annealing (TJ-IM),2024-11,2026-10-04
5,5,23,11845,Restricted CPHF Sim Annealing (TJ-IM),2024-11,2026-10-04
5,5,25,11865,Restricted CPHF Sim Annealing (TJ-IM),2024-11,2026-10-04
5,5,27,12485,Restricted CPHF Sim Annealing (TJ-IM),2024-11,2026-10-04
5,5,31,14365,Restricted CPHF Sim Annealing (TJ-IM),2024-11,2026-10-04
5,5,32,14985,Restricted CPHF Sim Annealing (TJ-IM),2024-11,2026-10-04
5,5,34,15485,Restricted CPHF Sim Annealing (TJ-IM),2024-11,2026-10-04
5,5,35,15585,Restricted CPHF Sim Annealing (TJ-IM),2024-11,2026-10-04
5,5,39,15605,Restricted CPHF Sim Annealing (TJ-IM),2024-11,2026-10-04
5,5,40,17985,"4,3-restricted SCPHF RE (CL)",2024-11,2026-10-04
5,5,43,18105,Restricted CPHF Sim Annealing (TJ-IM),2024-11,2026-10-04
5,5,44,18605,Restricted CPHF Sim Annealing (TJ-IM),2024-11,2026-10-04
5,5,52,18725,Restricted CPHF Sim Annealing (TJ-IM),2024-11,2026-10-04
5,5,58,21225,Restricted CPHF Sim Annealing (TJ-IM),2024-11,2026-10-04
5,5,60,21785,Restricted CPHF Sim Annealing (TJ-IM),2024-11,2026-10-04
5,5,77,21845,Restricted CPHF Sim Annealing (TJ-IM),2024-11,2026-10-04
5,5,83,23725,Restricted CPHF Sim Annealing (TJ-IM),2024-11,2026-10-04
5,5,85,24885,Restricted CPHF Sim Annealing (TJ-IM),2024-11,2026-10-04
5,5,102,24965,Restricted CPHF Sim Annealing (TJ-IM),2024-11,2026-10-04
5,5,111,27465,Restricted CPHF Sim Annealing (TJ-IM),2024-11,2026-10-04
5,5,143,28085,Restricted CPHF Sim Annealing (TJ-IM),2024-11,2026-10-04
5,5,200,31205,Restricted CPHF Sim Annealing (TJ-IM),2024-11,2026-10-04
5,5,270,34365,Restricted CPHF Sim Annealing (TJ-IM),2024-11,2026-10-04
5,5,350,37489,Restricted CPHF Sim Annealing (TJ-IM),2024-11,2026-10-04
5,5,359,40325,"3,3-Restricted SCPHF RE (CL)",2024-11,2026-10-04
5,5,364,40525,"2,2-Restricted SCPHF RE (CL)",2024-11,2026-10-04
5,5,500,40613,Restricted CPHF Sim Annealing (TJ-IM),2024-11,2026-10-04
5,5,700,43737,Restricted CPHF Sim Annealing (TJ-IM),2024-11,2026-10-04
5,5,914,46861,Restricted CPHF Sim Annealing (TJ-IM),2024-11,2026-10-04
5,5,1377,49985,Restricted CPHF Sim Annealing (TJ-IM),2024-11,2026-10-04
5,5,1800,53109,Restricted CPHF Sim Annealing (TJ-IM),2024-11,2026-10-04
5,5,2400,56233,Restricted CPHF Sim Annealing (TJ-IM),2024-11,2026-10-04
5,5,2401,75773,Add 1 factors,2024-11,2026-10-04
5,5,2402,85273,Add 2 factors,2024-11,2026-10-04
5,5,2403,87773,Add 3 factors,2024-11,2026-10-04
5,5,2405,90273,Add 5 factors,2024-11,2026-10-04
5,5,2406,109813,Add 5 factors,2024-11,2026-10-04
5,5,2407,119313,Add 5 factors,2024-11,2026-10-04
5,5,2408,121813,Add 5 factors,2024-11,2026-10-04
5,5,2410,124313,Add 5 factors,2024-11,2026-10-04
5,5,2412,140566,Martirosyan-Colbourn,2024-11,2026-10-04
5,5,2604,140590,Martirosyan-Colbourn,2024-11,2026-10-04
5,5,2754,141166,Martirosyan-Colbourn,2024-11,2026-10-04
5,5,3200,144290,Martirosyan-Colbourn,2024-11,2026-10-04
5,5,3262,146786,Martirosyan-Colbourn,2024-11,2026-10-04
5,5,3284,146810,Martirosyan-Colbourn,2024-11,2026-10-04
5,5,3600,147386,Martirosyan-Colbourn,2024-11,2026-10-04
5,5,4206,150510,Martirosyan-Colbourn,2024-11,2026-10-04
5,5,4210,150534,Martirosyan-Colbourn,2024-11,2026-10-04
5,5,4214,150558,Martirosyan-Colbourn,2024-11,2026-10-04
5,5,4800,151110,Martirosyan-Colbourn,2024-11,2026-10-04
5,5,4802,170650,Martirosyan-Colbourn,2024-11,2026-10-04
5,5,4804,180150,Martirosyan-Colbourn,2024-11,2026-10-04
5,5,4806,182650,Martirosyan-Colbourn,2024-11,2026-10-04
5,5,4810,185150,Martirosyan-Colbourn,2024-11,2026-10-04
5,5,5333,196596,"perfect hash family9,5333,77",2024-11,2026-10-04
5,5,5484,196812,"perfect hash family4,7776,1296T382",2024-11,2026-10-04
5,5,7776,199936,"perfect hash family4,7776,1296",2024-11,2026-10-04
5,5,7777,221556,Power N-CT101^2T24,2024-11,2026-10-04
5,5,8383,223436,Power N-CT101^2T18,2024-11,2026-10-04
5,5,8585,224596,Power N-CT101^2T16,2024-11,2026-10-04
5,5,10000,224676,Power N-CT101^2,2024-11,2026-10-04
6,2,7,64,orthogonal array,2024-11,2026-10-04
6,2,8,85,Johnson-Entringer,2024-11,2026-10-04
6,2,9,108,Torres-Jimenez,2024-11,2026-10-04
6,2,10,116,simulated annealing (CKRS),2024-11,2026-10-04
6,2,11,118,Torres-Jimenez,2024-11,2026-10-04
6,2,15,128,tower (TJ-IM-K-K),2024-11,2026-10-04
6,2,16,179,Torres-Jimenez,2024-11,2026-10-04
6,2,17,235,Torres-Jimenez,2024-11,2026-10-04
6,2,18,260,SBSTT (TJ-AG),2024-11,2026-10-04
6,2,19,285,SBSTT (TJ-AG),2024-11,2026-10-04
6,2,20,300,SBSTT (TJ-AG),2024-11,2026-10-04
6,2,21,318,SBSTT (TJ-AG),2024-11,2026-10-04
6,2,22,330,SBSTT (TJ-AG),2024-11,2026-10-04
6,2,23,350,SBSTT (TJ-AG),2024-11,2026-10-04
6,2,24,357,SBSTT (TJ-AG),2024-11,2026-10-04
6,2,25,375,SBSTT (TJ-AG),2024-11,2026-10-04
6,2,26,383,SBSTT (TJ-AG),2024-11,2026-10-04
6,2,27,404,SBSTT (TJ-AG),2024-11,2026-10-04
6,2,28,415,SBSTT (TJ-AG),2024-11,2026-10-04
6,2,29,426,SBSTT (TJ-AG),2024-11,2026-10-04
6,2,30,440,SIPO (Wagner-Kampel-Simos),2024-11,2026-10-04
6,2,31,452,SIPO (Wagner-Kampel-Simos),2024-11,2026-10-04
6,2,32,461,SIPO (Wagner-Kampel-Simos),2024-11,2026-10-04
6,2,33,470,SIPO (Wagner-Kampel-Simos),2024-11,2026-10-04
6,2,34,479,SIPO (Wagner-Kampel-Simos),2024-11,2026-10-04
6,2,35,487,SIPO (Wagner-Kampel-Simos),2024-11,2026-10-04
6,2,36,495,SIPO (Wagner-Kampel-Simos),2024-11,2026-10-04
6,2,37,506,SIPO (Wagner-Kampel-Simos),2024-11,2026-10-04
6,2,38,512,SIPO (Wagner-Kampel-Simos),2024-11,2026-10-04
6,2,39,518,SIPO (Wagner-Kampel-Simos),2024-11,2026-10-04
6,2,40,527,SIPO (Wagner-Kampel-Simos),2024-11,2026-10-04
6,2,41,534,SIPO (Wagner-Kampel-Simos),2024-11,2026-10-04
6,2,42,541,SIPO (Wagner-Kampel-Simos),2024-11,2026-10-04
6,2,43,553,SIPO (Wagner-Kampel-Simos),2024-11,2026-10-04
6,2,44,561,SIPO (Wagner-Kampel-Simos),2024-11,2026-10-04
6,2,45,566,SIPO (Wagner-Kampel-Simos),2024-11,2026-10-04
6,2,46,573,SIPO (Wagner-Kampel-Simos),2024-11,2026-10-04
6,2,47,581,SIPO (Wagner-Kampel-Simos),2024-11,2026-10-04
6,2,48,586,SIPO (Wagner-Kampel-Simos),2024-11,2026-10-04
6,2,49,592,SIPO (Wagner-Kampel-Simos),2024-11,2026-10-04
6,2,50,599,SIPO (Wagner-Kampel-Simos),2024-11,2026-10-04
6,2,51,605,SIPO (Wagner-Kampel-Simos),2024-11,2026-10-04
6,2,52,612,SIPO (Wagner-Kampel-Simos),2024-11,2026-10-04
6,2,53,615,SIPO (Wagner-Kampel-Simos),2024-11,2026-10-04
6,2,54,623,SIPO (Wagner-Kampel-Simos),2024-11,2026-10-04
6,2,55,628,SIPO (Wagner-Kampel-Simos),2024-11,2026-10-04
6,2,56,634,SIPO (Wagner-Kampel-Simos),2024-11,2026-10-04
6,2,57,640,SIPO (Wagner-Kampel-Simos),2024-11,2026-10-04
6,2,58,644,SIPO (Wagner-Kampel-Simos),2024-11,2026-10-04
6,2,59,651,SIPO (Wagner-Kampel-Simos),2024-11,2026-10-04
6,2,60,660,SIPO (Wagner-Kampel-Simos),2024-11,2026-10-04
6,2,61,666,SIPO (Wagner-Kampel-Simos),2024-11,2026-10-04
6,2,62,672,SIPO (Wagner-Kampel-Simos),2024-11,2026-10-04
6,2,63,677,SIPO (Wagner-Kampel-Simos),2024-11,2026-10-04
6,2,64,680,SIPO (Wagner-Kampel-Simos),2024-11,2026-10-04
6,2,65,685,SIPO (Wagner-Kampel-Simos),2024-11,2026-10-04
6,2,66,688,SIPO (Wagner-Kampel-Simos),2024-11,2026-10-04
6,2,67,695,SIPO (Wagner-Kampel-Simos),2024-11,2026-10-04
6,2,68,699,SIPO (Wagner-Kampel-Simos),2024-11,2026-10-04
6,2,69,705,SIPO (Wagner-Kampel-Simos),2024-11,2026-10-04
6,2,70,709,SIPO (Wagner-Kampel-Simos),2024-11,2026-10-04
6,2,71,714,SIPO (Wagner-Kampel-Simos),2024-11,2026-10-04
6,2,72,718,SIPO (Wagner-Kampel-Simos),2024-11,2026-10-04
6,2,360,720,Cyclic (Colbourn-Keri),2024-11,2026-10-04
6,2,379,758,Cyclic (Colbourn-Keri),2024-11,2026-10-04
6,2,432,862,Cyclic (Colbourn-Keri),2024-11,2026-10-04
6,2,464,926,Cyclic (Colbourn-Keri),2024-11,2026-10-04
6,2,468,934,Cyclic (Colbourn-Keri),2024-11,2026-10-04
6,2,488,974,Cyclic (Colbourn-Keri),2024-11,2026-10-04
6,2,492,982,Cyclic (Colbourn-Keri),2024-11,2026-10-04
6,2,500,998,Cyclic (Colbourn-Keri),2024-11,2026-10-04
6,2,504,1008,Cyclic (Colbourn-Keri),2024-11,2026-10-04
6,2,510,1018,Cyclic (Colbourn-Keri),2024-11,2026-10-04
6,2,522,1042,Cyclic (Colbourn-Keri),2024-11,2026-10-04
6,2,1231,1231,Cyclotomy (Torres-Jimenez),2024-11,2026-10-04
6,2,1283,1283,Cyclotomy (Torres-Jimenez),2024-11,2026-10-04
6,2,1319,1319,Cyclotomy (Torres-Jimenez),2024-11,2026-10-04
6,2,1361,1361,Cyclotomy (Torres-Jimenez),2024-11,2026-10-04
6,2,1367,1367,Cyclotomy (Torres-Jimenez),2024-11,2026-10-04
6,2,1373,1373,Cyclotomy (Torres-Jimenez),2024-11,2026-10-04
6,2,1381,1381,Cyclotomy (Torres-Jimenez),2024-11,2026-10-04
6,2,1423,1423,Cyclotomy (Torres-Jimenez),2024-11,2026-10-04
6,2,1427,1427,Cyclotomy (Torres-Jimenez),2024-11,2026-10-04
6,2,1429,1429,Cyclotomy (Torres-Jimenez),2024-11,2026-10-04
6,2,1439,1439,Cyclotomy (Torres-Jimenez),2024-11,2026-10-04
6,2,1447,1447,Cyclotomy (Torres-Jimenez),2024-11,2026-10-04
6,2,1459,1459,Cyclotomy (Torres-Jimenez),2024-11,2026-10-04
6,2,1483,1483,Cyclotomy (Torres-Jimenez),2024-11,2026-10-04
6,2,1487,1487,Cyclotomy (Torres-Jimenez),2024-11,2026-10-04
6,2,1493,1493,Cyclotomy (Torres-Jimenez),2024-11,2026-10-04
6,2,1499,1499,Cyclotomy (Torres-Jimenez),2024-11,2026-10-04
6,2,1511,1511,Cyclotomy (Torres-Jimenez),2024-11,2026-10-04
6,2,1523,1523,Cyclotomy (Torres-Jimenez),2024-11,2026-10-04
6,2,1549,1549,Cyclotomy (Torres-Jimenez),2024-11,2026-10-04
6,2,1559,1559,Cyclotomy (Torres-Jimenez),2024-11,2026-10-04
6,2,1567,1567,Cyclotomy (Torres-Jimenez),2024-11,2026-10-04
6,2,1571,1571,Cyclotomy (Torres-Jimenez),2024-11,2026-10-04
6,2,1579,1579,Cyclotomy (Torres-Jimenez),2024-11,2026-10-04
6,2,1583,1583,Cyclotomy (Torres-Jimenez),2024-11,2026-10-04
6,2,1597,1597,Cyclotomy (Torres-Jimenez),2024-11,2026-10-04
6,2,1601,1601,Cyclotomy (Torres-Jimenez),2024-11,2026-10-04
6,2,1607,1607,Cyclotomy (Torres-Jimenez),2024-11,2026-10-04
6,2,1609,1609,Cyclotomy (Torres-Jimenez),2024-11,2026-10-04
6,2,1613,1613,Cyclotomy (Torres-Jimenez),2024-11,2026-10-04
6,2,1619,1619,Cyclotomy (Torres-Jimenez),2024-11,2026-10-04
6,2,1621,1621,Cyclotomy (Torres-Jimenez),2024-11,2026-10-04
6,2,1627,1627,Cyclotomy (Torres-Jimenez),2024-11,2026-10-04
6,2,1997,1997,Cyclotomy (Torres-Jimenez),2024-11,2026-10-04
6,2,1999,1999,Cyclotomy (Torres-Jimenez),2024-11,2026-10-04
6,2,2003,2003,Cyclotomy (Torres-Jimenez),2024-11,2026-10-04
6,2,2503,2503,Cyclotomy (Torres-Jimenez),2024-11,2026-10-04
6,2,2504,3047,Add 1 factors,2024-11,2026-10-04
6,2,2505,3591,Add 1 factors,2024-11,2026-10-04
6,2,2506,4135,Add 1 factors,2024-11,2026-10-04
6,2,2507,4679,Add 1 factors,2024-11,2026-10-04
6,2,2673,4721,Power CZ3-19.15-15.4,2024-11,2026-10-04
6,2,2752,4839,Power CT19^3T3cS18,2024-11,2026-10-04
6,2,2784,4864,Power CT19^3T3cS17,2024-11,2026-10-04
6,2,2839,4889,Power CZ3-19.11-18.0-17.8,2024-11,2026-10-04
6,2,3375,4893,Power CZ3-19.16-15.1-15.1-15.1,2024-11,2026-10-04
6,2,3600,4943,Power CZ3-19.16-15.1-15.1-16.1,2024-11,2026-10-04
6,2,3840,4993,Power CZ3-19.16-15.1-16.1-16.1,2024-11,2026-10-04
6,2,4050,5041,Power CZ3-19.16-15.1-15.1-18.1,2024-11,2026-10-04
6,2,4096,5043,Power CZ3-19.16-16.1-16.1-16.1,2024-11,2026-10-04
6,2,4275,5065,Power CZ3-19.17-15.1-15.1,2024-11,2026-10-04
6,2,4320,5091,Power CZ3-19.16-15.1-16.1-18.1,2024-11,2026-10-04
6,2,4352,5100,Power CZ3-19.16-16.1-16.1-17.1,2024-11,2026-10-04
6,2,4560,5115,Power CZ3-19.17-15.1-16.1,2024-11,2026-10-04
6,2,4608,5141,Power CZ3-19.16-16.1-16.1-18.1,2024-11,2026-10-04
6,2,4624,5157,Power CZ3-19.16-16.1-17.1-17.1,2024-11,2026-10-04
6,2,4864,5165,Power CZ3-19.17-16.1-16.1,2024-11,2026-10-04
6,2,4896,5198,Power CZ3-19.16-16.1-17.1-18.1,2024-11,2026-10-04
6,2,5130,5213,Power CZ3-19.17-15.1-18.1,2024-11,2026-10-04
6,2,5168,5222,Power CZ3-19.17-16.1-17.1,2024-11,2026-10-04
6,2,5415,5237,Power CZ3-19.18-15.1,2024-11,2026-10-04
6,2,5472,5263,Power CZ3-19.17-16.1-18.1,2024-11,2026-10-04
6,2,5491,5279,Power CZ3-19.17-17.1-17.1,2024-11,2026-10-04
6,2,5776,5287,Power CZ3-19.18-16.1,2024-11,2026-10-04
6,2,5814,5320,Power CZ3-19.17-17.1-18.1,2024-11,2026-10-04
6,2,5832,5321,Power CT19^3T1T1T1,2024-11,2026-10-04
6,2,6137,5344,Power CZ3-19.18-17.1,2024-11,2026-10-04
6,2,6156,5346,Power CT19^3T1T1,2024-11,2026-10-04
6,2,6498,5371,Power CT19^3T1,2024-11,2026-10-04
6,2,6859,5396,Power CT19^3,2024-11,2026-10-04
6,2,6860,5681,Power CT19^3+1,2024-11,2026-10-04
6,2,6861,5975,Power CZ3-21.19,2024-11,2026-10-04
6,2,6930,6245,Power CZ3-23.16-15.1-21.1-22.1,2024-11,2026-10-04
6,2,6945,6252,Power CZ3-23.15-22.3-15.1,2024-11,2026-10-04
6,2,7245,6258,Power CZ3-23.17-15.1-21.1,2024-11,2026-10-04
6,2,7260,6265,Power CZ3-23.16-22.2-15.1,2024-11,2026-10-04
6,2,7590,6278,Power CZ3-23.17-15.1-22.1,2024-11,2026-10-04
6,2,7935,6291,Power CZ3-23.18-15.1,2024-11,2026-10-04
6,2,8096,6328,Power CZ3-23.17-16.1-22.1,2024-11,2026-10-04
6,2,8464,6341,Power CZ3-23.18-16.1,2024-11,2026-10-04
6,2,8602,6385,Power CZ3-23.17-17.1-22.1,2024-11,2026-10-04
6,2,8993,6398,Power CZ3-23.18-17.1,2024-11,2026-10-04
6,2,9261,6421,Power CZ3-23.16-22.0-21.3,2024-11,2026-10-04
6,2,9282,6428,Power CZ3-23.15-22.2-21.2,2024-11,2026-10-04
6,2,9303,6435,Power CZ3-23.14-22.4-21.1,2024-11,2026-10-04
6,2,9522,6439,Power CZ3-23.18-18.1,2024-11,2026-10-04
6,2,9702,6441,Power CZ3-23.16-22.1-21.2,2024-11,2026-10-04
6,2,9723,6448,Power CZ3-23.15-22.3-21.1,2024-11,2026-10-04
6,2,10000,6454,Power CZ3-23.17-21.1-21.1,2024-11,2026-10-04
6,3,7,729,orthogonal array,2024-11,2026-10-04
6,3,8,1134,Torres-Jimenez,2024-11,2026-10-04
6,3,9,1377,4-Restricted SCPHF RE (CL),2024-11,2026-10-04
6,3,11,1431,CPHF 3-stage (TJ-IM),2024-11,2026-10-04
6,3,12,1455,SCPHF Sim Annealing (TJ-IM),2024-11,2026-10-04
6,3,13,2181,SCPHF Sim Annealing (TJ-IM),2024-11,2026-10-04
6,3,14,2701,CPHF 3-stage (TJ-IM),2024-11,2026-10-04
6,3,15,2901,CPHF 3-stage (TJ-IM),2024-11,2026-10-04
6,3,16,3126,CPHF 3-stage (TJ-IM),2024-11,2026-10-04
6,3,17,3633,SCPHF Sim Annealing (TJ-IM),2024-11,2026-10-04
6,3,18,3839,Density (Colbourn) postop NCK,2024-11,2026-10-04
6,3,19,3961,CPHF 3-stage (TJ-IM),2024-11,2026-10-04
6,3,20,4006,CPHF 3-stage (TJ-IM),2024-11,2026-10-04
6,3,21,4200,CPHF 3-stage (TJ-IM),2024-11,2026-10-04
6,3,22,4400,CPHF 3-stage (TJ-IM),2024-11,2026-10-04
6,3,23,4600,CPHF 3-stage (TJ-IM),2024-11,2026-10-04
6,3,24,4661,CPHF 3-stage (TJ-IM),2024-11,2026-10-04
6,3,25,4880,CPHF 3-stage (TJ-IM),2024-11,2026-10-04
6,3,26,5020,CPHF 3-stage (TJ-IM),2024-11,2026-10-04
6,3,27,5200,CPHF 3-stage (TJ-IM),2024-11,2026-10-04
6,3,28,5359,CPHF 3-stage (TJ-IM),2024-11,2026-10-04
6,3,29,5410,CPHF 3-stage (TJ-IM),2024-11,2026-10-04
6,3,30,5572,CPHF 3-stage (TJ-IM),2024-11,2026-10-04
6,3,31,5691,CPHF 3-stage (TJ-IM),2024-11,2026-10-04
6,3,32,5786,CPHF 3-stage (TJ-IM),2024-11,2026-10-04
6,3,35,5825,CPHF 3-stage (TJ-IM),2024-11,2026-10-04
6,3,36,6248,CPHF 3-stage (TJ-IM),2024-11,2026-10-04
6,3,37,6316,CPHF 3-stage (TJ-IM),2024-11,2026-10-04
6,3,38,6454,CPHF 3-stage (TJ-IM),2024-11,2026-10-04
6,3,39,6583,CPHF 3-stage (TJ-IM),2024-11,2026-10-04
6,3,40,6663,CPHF 3-stage (TJ-IM),2024-11,2026-10-04
6,3,41,6755,CPHF 3-stage (TJ-IM),2024-11,2026-10-04
6,3,42,6870,CPHF 3-stage (TJ-IM),2024-11,2026-10-04
6,3,43,7153,CPHF 3-stage (TJ-IM),2024-11,2026-10-04
6,3,44,7264,CPHF 3-stage (TJ-IM),2024-11,2026-10-04
6,3,45,7348,CPHF 3-stage (TJ-IM),2024-11,2026-10-04
6,3,46,7482,CPHF 3-stage (TJ-IM),2024-11,2026-10-04
6,3,47,7567,CPHF 3-stage (TJ-IM),2024-11,2026-10-04
6,3,50,7576,CPHF 3-stage (TJ-IM),2024-11,2026-10-04
6,3,51,7635,CPHF 3-stage (TJ-IM),2024-11,2026-10-04
6,3,52,7656,CPHF 3-stage (TJ-IM),2024-11,2026-10-04
6,3,54,7746,CPHF 3-stage (TJ-IM),2024-11,2026-10-04
6,3,55,7797,CPHF 3-stage (TJ-IM),2024-11,2026-10-04
6,3,58,7999,CPHF 3-stage (TJ-IM),2024-11,2026-10-04
6,3,61,8687,CPHF 3-stage (TJ-IM),2024-11,2026-10-04
6,3,62,8758,CPHF 3-stage (TJ-IM),2024-11,2026-10-04
6,3,63,8955,CPHF 3-stage (TJ-IM),2024-11,2026-10-04
6,3,64,9025,CPHF 3-stage (TJ-IM),2024-11,2026-10-04
6,3,66,9033,CPHF 3-stage (TJ-IM),2024-11,2026-10-04
6,3,68,9154,CPHF 3-stage (TJ-IM),2024-11,2026-10-04
6,3,73,9249,CPHF 3-stage (TJ-IM),2024-11,2026-10-04
6,3,82,9997,CPHF 3-stage (TJ-IM),2024-11,2026-10-04
6,3,86,10406,CPHF 3-stage (TJ-IM),2024-11,2026-10-04
6,3,88,10490,CPHF 3-stage (TJ-IM),2024-11,2026-10-04
6,3,90,10673,CPHF 3-stage (TJ-IM),2024-11,2026-10-04
6,3,96,10927,CPHF 3-stage (TJ-IM),2024-11,2026-10-04
6,3,98,10942,CPHF 3-stage (TJ-IM),2024-11,2026-10-04
6,3,120,10974,CPHF 3-stage (TJ-IM),2024-11,2026-10-04
6,3,136,12297,CPHF 3-stage (TJ-IM),2024-11,2026-10-04
6,3,350,14467,CPHF 3-stage (TJ-IM),2024-11,2026-10-04
6,3,351,19675,Add 1 factors,2024-11,2026-10-04
6,3,352,22969,Add 2 factors,2024-11,2026-10-04
6,3,353,24427,Add 3 factors,2024-11,2026-10-04
6,3,354,29635,Add 3 factors,2024-11,2026-10-04
6,3,355,32929,Add 3 factors,2024-11,2026-10-04
6,3,356,34387,Add 3 factors,2024-11,2026-10-04
6,3,357,39595,Add 3 factors,2024-11,2026-10-04
6,3,358,42889,Add 3 factors,2024-11,2026-10-04
6,3,359,44347,Add 3 factors,2024-11,2026-10-04
6,3,360,49555,Add 3 factors,2024-11,2026-10-04
6,3,361,49598,Power CZ2-19.13,2024-11,2026-10-04
6,3,362,52065,Power CT19^2+1,2024-11,2026-10-04
6,3,363,54587,Power CT19^2+2,2024-11,2026-10-04
6,3,364,57187,Power CT19^2+3,2024-11,2026-10-04
6,3,560,57864,"perfect hash family4,560,350",2024-11,2026-10-04
6,3,678,60140,Martirosyan-Colbourn,2024-11,2026-10-04
6,3,700,65212,Martirosyan-Colbourn,2024-11,2026-10-04
6,3,702,67327,Power CZ2-27.12-26.1,2024-11,2026-10-04
6,3,729,67477,Power CZ2-27.13,2024-11,2026-10-04
6,3,730,69654,Power CT27^2+1,2024-11,2026-10-04
6,3,754,69927,Power CT29^2T3,2024-11,2026-10-04
6,3,756,70056,Power CT29^2T2T1,2024-11,2026-10-04
6,3,783,70107,Power CT29^2T2,2024-11,2026-10-04
6,3,784,70215,Power CT29^2T1T1,2024-11,2026-10-04
6,3,812,70266,Power CT29^2T1,2024-11,2026-10-04
6,3,841,70317,Power CT29^2,2024-11,2026-10-04
6,3,866,72330,"perfect hash family5,866,350",2024-11,2026-10-04
6,3,870,73570,Power CT31^2T2T1,2024-11,2026-10-04
6,3,871,73613,Power CT31^2Arc(3),2024-11,2026-10-04
6,3,899,73689,Power CT31^2T2,2024-11,2026-10-04
6,3,900,73732,Power CT31^2T1T1,2024-11,2026-10-04
6,3,930,73851,Power CT31^2T1,2024-11,2026-10-04
6,3,961,73970,Power CT31^2,2024-11,2026-10-04
6,3,992,75110,Power CT32^2T1,2024-11,2026-10-04
6,3,1024,75205,Power CT32^2,2024-11,2026-10-04
6,3,1027,75712,Power CT32^2+3,2024-11,2026-10-04
6,3,1039,79640,"Power CT37^2Arc(10):5 twos,0 ones",2024-11,2026-10-04
6,3,1040,79995,"Power CT37^2Arc(12):4 twos,2 ones",2024-11,2026-10-04
6,3,1068,80063,"Power CT37^2Arc(10):4 twos,1 ones",2024-11,2026-10-04
6,3,1097,80131,"Power CT37^2Arc(8):4 twos,0 ones",2024-11,2026-10-04
6,3,1098,80486,"Power CT37^2Arc(10):3 twos,2 ones",2024-11,2026-10-04
6,3,1128,80554,"Power CT37^2Arc(8):3 twos,1 ones",2024-11,2026-10-04
6,3,1159,80622,"Power CT37^2Arc(6):3 twos,0 ones",2024-11,2026-10-04
6,3,1160,80977,"Power CT37^2Arc(8):2 twos,2 ones",2024-11,2026-10-04
6,3,1192,81045,"Power CT37^2Arc(6):2 twos,1 ones",2024-11,2026-10-04
6,3,1225,81113,Power CT37^2T2T2,2024-11,2026-10-04
6,3,1226,81468,Power CT37^2Arc(2)T2,2024-11,2026-10-04
6,3,1260,81536,Power CT37^2T2T1,2024-11,2026-10-04
6,3,1295,81604,Power CT37^2T2,2024-11,2026-10-04
6,3,1296,81959,Power CT37^2T1T1,2024-11,2026-10-04
6,3,1332,82027,Power CT37^2T1,2024-11,2026-10-04
6,3,1369,82095,Power CT37^2,2024-11,2026-10-04
6,3,1370,83889,Power CT37^2+1,2024-11,2026-10-04
6,3,1371,85566,Power CT37^2+2,2024-11,2026-10-04
6,3,1372,86606,Power CT37^2+3,2024-11,2026-10-04
6,3,1400,86780,Power CT41^2T6T1,2024-11,2026-10-04
6,3,1435,86872,Power CT41^2T6,2024-11,2026-10-04
6,3,1444,87179,Power CT41^2Arc(2)T4,2024-11,2026-10-04
6,3,1447,87225,Power CT41^2Arc(3)T3,2024-11,2026-10-04
6,3,1450,87250,Power CT41^2Arc(6),2024-11,2026-10-04
6,3,1480,87271,Power CT41^2T4T1,2024-11,2026-10-04
6,3,1483,87317,Power CT41^2Arc(2)T3,2024-11,2026-10-04
6,3,1486,87342,Power CT41^2Arc(5),2024-11,2026-10-04
6,3,1517,87363,Power CT41^2T4,2024-11,2026-10-04
6,3,1520,87409,Power CT41^2T3T1,2024-11,2026-10-04
6,3,1523,87434,Power CT41^2Arc(4),2024-11,2026-10-04
6,3,1558,87501,Power CT41^2T3,2024-11,2026-10-04
6,3,1561,87526,Power CT41^2Arc(3),2024-11,2026-10-04
6,3,1600,87618,Power CT41^2T1T1,2024-11,2026-10-04
6,3,1640,87710,Power CT41^2T1,2024-11,2026-10-04
6,3,1681,87802,Power CT41^2,2024-11,2026-10-04
6,3,1682,89297,Power CT41^2+1,2024-11,2026-10-04
6,3,1683,91844,Power CT43^2Arc(4),2024-11,2026-10-04
6,3,1723,92127,Power CT43^2Arc(3),2024-11,2026-10-04
6,3,1764,92410,Power CT43^2T1T1,2024-11,2026-10-04
6,3,1806,92693,Power CT43^2T1,2024-11,2026-10-04
6,3,1849,92976,Power CT43^2,2024-11,2026-10-04
6,3,1850,94419,Power CT43^2+1,2024-11,2026-10-04
6,3,1851,95511,Power CT43^2+2,2024-11,2026-10-04
6,3,1852,97253,Power CT43^2+3,2024-11,2026-10-04
6,3,1862,97353,Power CT49^2T11,2024-11,2026-10-04
6,3,1890,97442,Power CT47^2T5T2,2024-11,2026-10-04
6,3,1911,97482,Power CT49^2T10,2024-11,2026-10-04
6,3,1927,97546,Power CT47^2T6,2024-11,2026-10-04
6,3,1960,97562,Power CT49^2T9,2024-11,2026-10-04
6,3,2009,97654,Power CT49^2T8,2024-11,2026-10-04
6,3,2058,97769,Power CT49^2T7,2024-11,2026-10-04
6,3,2107,98052,Power CT49^2T6,2024-11,2026-10-04
6,3,2115,98139,Power CT47^2T2,2024-11,2026-10-04
6,3,2156,98163,Power CT49^2T5,2024-11,2026-10-04
6,3,2205,98247,Power CT49^2T4,2024-11,2026-10-04
6,3,2209,98358,Power CT47^2,2024-11,2026-10-04
6,3,2254,98381,Power CT49^2T3,2024-11,2026-10-04
6,3,2303,98466,Power CT49^2T2,2024-11,2026-10-04
6,3,2402,98475,Power CT49^2+1,2024-11,2026-10-04
6,3,2403,99242,Power CT49^2+2,2024-11,2026-10-04
6,3,2404,99515,Power CT49^2+3,2024-11,2026-10-04
6,3,2413,99965,Power CT53^2Arc(8),2024-11,2026-10-04
6,3,2459,100055,Power CT53^2Arc(7),2024-11,2026-10-04
6,3,2506,100145,Power CT53^2Arc(6),2024-11,2026-10-04
6,3,2554,100235,Power CT53^2Arc(5),2024-11,2026-10-04
6,3,2603,100325,Power CT53^2Arc(4),2024-11,2026-10-04
6,3,2653,100415,Power CT53^2Arc(3),2024-11,2026-10-04
6,3,2704,100505,Power CT53^2T1T1,2024-11,2026-10-04
6,3,2756,100595,Power CT53^2T1,2024-11,2026-10-04
6,3,2810,100685,Power CT53^2+1,2024-11,2026-10-04
6,3,2811,101348,Power CT53^2+2,2024-11,2026-10-04
6,3,2814,103974,Power CT53^2 +5,2024-11,2026-10-04
6,3,2839,104662,Power CT59^2Arc(12),2024-11,2026-10-04
6,3,2887,105350,Power CT59^2Arc(11),2024-11,2026-10-04
6,3,2936,106038,Power CT59^2Arc(10),2024-11,2026-10-04
6,3,2986,106726,Power CT59^2Arc(9),2024-11,2026-10-04
6,3,3037,107414,Power CT59^2Arc(8),2024-11,2026-10-04
6,3,3089,108102,Power CT59^2Arc(7),2024-11,2026-10-04
6,3,3142,108790,Power CT59^2Arc(6),2024-11,2026-10-04
6,3,3196,109478,Power CT59^2Arc(5),2024-11,2026-10-04
6,3,3251,110166,Power CT59^2Arc(4),2024-11,2026-10-04
6,3,3307,110854,Power CT59^2Arc(3),2024-11,2026-10-04
6,3,3364,111542,Power CT59^2T1T1,2024-11,2026-10-04
6,3,3538,112230,Power CT61^2T3,2024-11,2026-10-04
6,3,3721,112918,Power CT61^2,2024-11,2026-10-04
6,3,3722,113841,Power CT61^2+1,2024-11,2026-10-04
6,3,3913,114020,Power CT25^3T12S24,2024-11,2026-10-04
6,3,3939,114239,Power CT25^3T12S23,2024-11,2026-10-04
6,3,3978,114458,Power CT25^3T12S22,2024-11,2026-10-04
6,3,4214,114540,Power CT25^3T11S24,2024-11,2026-10-04
6,3,4515,114740,Power CT25^3T10S24,2024-11,2026-10-04
6,3,4545,114959,Power CT25^3T10S23,2024-11,2026-10-04
6,3,4816,114965,Power CT25^3T9S24,2024-11,2026-10-04
6,3,4848,115184,Power CT25^3T9S23,2024-11,2026-10-04
6,3,4896,115403,Power CT25^3T9S22,2024-11,2026-10-04
6,3,5117,115472,Power CT25^3T8S24,2024-11,2026-10-04
6,3,5418,115678,Power CT25^3T7S24,2024-11,2026-10-04
6,3,5719,115800,Power CT25^3T6S24,2024-11,2026-10-04
6,3,6020,115845,Power CT25^3T5S24,2024-11,2026-10-04
6,3,6321,116039,Power CT25^3T4S24,2024-11,2026-10-04
6,3,6622,116239,Power CT25^3T3S24,2024-11,2026-10-04
6,3,6923,116439,Power CT25^3T2S24,2024-11,2026-10-04
6,3,7224,116500,Power CT25^3S25,2024-11,2026-10-04
6,3,7272,116719,Power CT25^3S24,2024-11,2026-10-04
6,3,7344,116938,Power CT25^3S23,2024-11,2026-10-04
6,3,7440,117157,Power CT25^3S22,2024-11,2026-10-04
6,3,7560,117376,Power CT25^3S21,2024-11,2026-10-04
6,3,7704,117595,Power CT25^3S20,2024-11,2026-10-04
6,3,7872,117814,Power CT25^3S19,2024-11,2026-10-04
6,3,8064,118033,Power CT25^3S18,2024-11,2026-10-04
6,3,8280,118252,Power CT25^3S17,2024-11,2026-10-04
6,3,8520,118471,Power CT25^3S16,2024-11,2026-10-04
6,3,8784,118690,Power CT25^3S15,2024-11,2026-10-04
6,3,9072,118909,Power CT25^3S14,2024-11,2026-10-04
6,3,9384,119128,Power CT25^3S13,2024-11,2026-10-04
6,3,9720,119347,Power CT25^3S12,2024-11,2026-10-04
6,3,10000,119566,Power CT25^3S11,2024-11,2026-10-04
6,4,7,4096,orthogonal array,2024-11,2026-10-04
6,4,8,5632,CPHF 3-stage (IM-TJ-AJ-AG),2024-11,2026-10-04
6,4,9,7128,CPHF 3-stage (IM-TJ-AJ-AG),2024-11,2026-10-04
6,4,11,7936,CPHF 3-stage (IM-TJ-AJ-AG),2024-11,2026-10-04
6,4,12,8188,CPHF 3-stage (IM-TJ-AJ-AG),2024-11,2026-10-04
6,4,13,12028,4-Restricted SCPHF RE (CL),2024-11,2026-10-04
6,4,14,12223,CPHF 3-stage (IM-TJ-AJ-AG),2024-11,2026-10-04
6,4,15,14527,CPHF 3-stage (IM-TJ-AJ-AG),2024-11,2026-10-04
6,4,16,16120,4-Restricted SCPHF RE (CL),2024-11,2026-10-04
6,4,17,16372,CPHF 3-stage (IM-TJ-AJ-AG),2024-11,2026-10-04
6,4,18,16381,CPHF Sim Annealing (TJ-IM),2024-11,2026-10-04
6,4,19,19568,CPHF 3-stage (IM-TJ-AJ-AG),2024-11,2026-10-04
6,4,20,20404,3-Restricted SCPHF RE (CL),2024-11,2026-10-04
6,4,21,20476,CPHF IPO 5 (WCS),2024-11,2026-10-04
6,4,22,21512,CPHF 3-stage (IM-TJ-AJ-AG),2024-11,2026-10-04
6,4,23,22548,CPHF 3-stage (IM-TJ-AJ-AG),2024-11,2026-10-04
6,4,24,23499,CPHF 3-stage (IM-TJ-AJ-AG),2024-11,2026-10-04
6,4,25,24305,CPHF 3-stage (IM-TJ-AJ-AG),2024-11,2026-10-04
6,4,26,24571,CPHF IPO 6 (WCS),2024-11,2026-10-04
6,4,30,27241,CPHF 3-stage (IM-TJ-AJ-AG),2024-11,2026-10-04
6,4,33,28666,CPHF IPO 7 (WCS),2024-11,2026-10-04
6,4,35,30054,CPHF 3-stage (IM-TJ-AJ-AG),2024-11,2026-10-04
6,4,40,32407,CPHF 3-stage (IM-TJ-AJ-AG),2024-11,2026-10-04
6,4,45,35245,CPHF 3-stage (IM-TJ-AJ-AG),2024-11,2026-10-04
6,4,50,36856,CPHF IPO 9 (WCS),2024-11,2026-10-04
6,4,55,38751,CPHF 3-stage (IM-TJ-AJ-AG),2024-11,2026-10-04
6,4,60,39782,CPHF 3-stage (IM-TJ-AJ-AG),2024-11,2026-10-04
6,4,61,40951,CPHF IPO 10 (WCS),2024-11,2026-10-04
6,4,65,41988,CPHF 3-stage (IM-TJ-AJ-AG),2024-11,2026-10-04
6,4,70,43113,CPHF 3-stage (IM-TJ-AJ-AG),2024-11,2026-10-04
6,4,75,43981,CPHF 3-stage (IM-TJ-AJ-AG),2024-11,2026-10-04
6,4,77,45046,CPHF IPO 11 (WCS),2024-11,2026-10-04
6,4,80,45345,CPHF 3-stage (IM-TJ-AJ-AG),2024-11,2026-10-04
6,4,85,46260,CPHF 3-stage (IM-TJ-AJ-AG),2024-11,2026-10-04
6,4,90,46814,CPHF 3-stage (IM-TJ-AJ-AG),2024-11,2026-10-04
6,4,100,49521,CPHF 3-stage (IM-TJ-AJ-AG),2024-11,2026-10-04
6,4,107,53236,CPHF IPO 13 (WCS),2024-11,2026-10-04
6,4,150,55432,CPHF 3-stage (IM-TJ-AJ-AG),2024-11,2026-10-04
6,4,210,60720,CPHF 3-stage (IM-TJ-AJ-AG),2024-11,2026-10-04
6,4,224,61942,CPHF 3-stage (IM-TJ-AJ-AG),2024-11,2026-10-04
6,4,225,84118,Add 1 factors,2024-11,2026-10-04
6,4,250,90294,CPHF 3-stage (IM-TJ-AJ-AG),2024-11,2026-10-04
6,4,300,92609,CPHF 3-stage (IM-TJ-AJ-AG),2024-11,2026-10-04
6,4,301,114785,Add 1 factors,2024-11,2026-10-04
6,4,302,132833,Add 2 factors,2024-11,2026-10-04
6,4,303,142049,Add 3 factors,2024-11,2026-10-04
6,4,304,145121,Add 4 factors,2024-11,2026-10-04
6,4,305,167297,Add 4 factors,2024-11,2026-10-04
6,4,306,184798,Add 6 factors,2024-11,2026-10-04
6,4,307,194561,Add 4 factors,2024-11,2026-10-04
6,4,308,197633,Add 4 factors,2024-11,2026-10-04
6,4,309,219809,Add 4 factors,2024-11,2026-10-04
6,4,320,234359,Restricted CPHF Sim Annealing (TJ-IM) fuse,2024-11,2026-10-04
6,4,332,242876,"perfect hash family4,332,210",2024-11,2026-10-04
6,4,339,246542,"perfect hash family4,353,224T14",2024-11,2026-10-04
6,4,353,247764,"perfect hash family4,353,224",2024-11,2026-10-04
6,4,410,249983,Restricted CPHF Sim Annealing (TJ-IM) fuse,2024-11,2026-10-04
6,4,550,265607,Restricted CPHF Sim Annealing (TJ-IM) fuse,2024-11,2026-10-04
6,4,640,281231,Restricted CPHF Sim Annealing (TJ-IM) fuse,2024-11,2026-10-04
6,4,720,296855,Restricted CPHF Sim Annealing (TJ-IM) fuse,2024-11,2026-10-04
6,4,721,332039,Add 1 factors,2024-11,2026-10-04
6,4,722,354119,Add 2 factors,2024-11,2026-10-04
6,4,723,364487,Add 3 factors,2024-11,2026-10-04
6,4,724,367559,Add 4 factors,2024-11,2026-10-04
6,4,725,378424,Power CT29^2T4,2024-11,2026-10-04
6,4,754,378690,Power CT29^2T3,2024-11,2026-10-04
6,4,842,381360,Power CT29^2+1,2024-11,2026-10-04
6,4,843,395610,Power CT31^2Arc(4),2024-11,2026-10-04
6,4,871,397035,Power CT31^2Arc(3),2024-11,2026-10-04
6,4,900,398460,Power CT31^2T1T1,2024-11,2026-10-04
6,4,960,399885,Power CT32^2T2,2024-11,2026-10-04
6,4,1025,401310,Power CT32^2+1,2024-11,2026-10-04
6,4,1027,420742,Power CT32^2+3,2024-11,2026-10-04
6,4,1039,441919,"Power CT37^2Arc(10):5 twos,0 ones",2024-11,2026-10-04
6,4,1097,444272,"Power CT37^2Arc(8):4 twos,0 ones",2024-11,2026-10-04
6,4,1159,446625,"Power CT37^2Arc(6):3 twos,0 ones",2024-11,2026-10-04
6,4,1225,448978,Power CT37^2T2T2,2024-11,2026-10-04
6,4,1295,451331,Power CT37^2T2,2024-11,2026-10-04
6,4,1372,453684,Power CT37^2+3,2024-11,2026-10-04
6,4,1381,470712,Power CT41^2Arc(8),2024-11,2026-10-04
6,4,1415,473550,Power CT41^2Arc(7),2024-11,2026-10-04
6,4,1450,476388,Power CT41^2Arc(6),2024-11,2026-10-04
6,4,1486,479226,Power CT41^2Arc(5),2024-11,2026-10-04
6,4,1523,482064,Power CT41^2Arc(4),2024-11,2026-10-04
6,4,1561,484902,Power CT41^2Arc(3),2024-11,2026-10-04
6,4,1600,487740,Power CT41^2T1T1,2024-11,2026-10-04
6,4,1720,490578,Power CT43^2T3,2024-11,2026-10-04
6,4,1851,493416,Power CT43^2+2,2024-11,2026-10-04
6,4,1857,509526,"Power CT47^2Arc(8):4 twos,0 ones",2024-11,2026-10-04
6,4,1939,511137,"Power CT47^2Arc(6):3 twos,0 ones",2024-11,2026-10-04
6,4,1960,511521,Power CT49^2T9,2024-11,2026-10-04
6,4,2025,512748,Power CT47^2T2T2,2024-11,2026-10-04
6,4,2205,514359,Power CT49^2T4,2024-11,2026-10-04
6,4,2402,515970,Power CT49^2+1,2024-11,2026-10-04
6,4,2500,538710,Power CT53^2T3T3,2024-11,2026-10-04
6,4,2650,540605,Power CT53^2T3,2024-11,2026-10-04
6,4,2811,542500,Power CT53^2+2,2024-11,2026-10-04
6,4,2964,549432,"Power N-CT67^2Trin7,7,12",2024-11,2026-10-04
6,4,3229,550463,"Power N-CT67^2Trin7,7,7",2024-11,2026-10-04
6,4,3282,551632,"Power N-CT67^2Trin6,7,7",2024-11,2026-10-04
6,4,3494,552669,"Power N-CT67^2Trin2,7,7",2024-11,2026-10-04
6,4,3600,553794,Power N-CT67^2T7T7,2024-11,2026-10-04
6,4,3784,554875,"Power N-CT67^2Trin2,2,7",2024-11,2026-10-04
6,4,3900,556000,Power N-CT67^2T7T2,2024-11,2026-10-04
6,4,4099,557081,"Power N-CT67^2Trin2,2,2",2024-11,2026-10-04
6,4,4225,558206,Power N-CT67^2T2T2,2024-11,2026-10-04
6,4,4355,559331,Power N-CT67^2T2,2024-11,2026-10-04
6,4,4492,560456,Power N-CT67^2+3,2024-11,2026-10-04
6,4,4501,564796,Power N-CT71^2Arc(8),2024-11,2026-10-04
6,4,4565,565664,Power N-CT71^2Arc(7),2024-11,2026-10-04
6,4,4630,566532,Power N-CT71^2Arc(6),2024-11,2026-10-04
6,4,4696,567400,Power N-CT71^2Arc(5),2024-11,2026-10-04
6,4,4763,568268,Power N-CT71^2Arc(4),2024-11,2026-10-04
6,4,4831,569136,Power N-CT71^2Arc(3),2024-11,2026-10-04
6,4,4900,570004,Power N-CT71^2T1T1,2024-11,2026-10-04
6,4,5110,570872,Power N-CT73^2T3,2024-11,2026-10-04
6,4,5331,571740,Power N-CT73^2+2,2024-11,2026-10-04
6,4,5341,585380,"Power N-CT79^2Trin4,4,4",2024-11,2026-10-04
6,4,5483,586445,"Power N-CT79^2Trin2,4,4",2024-11,2026-10-04
6,4,5625,586744,Power N-CT79^2T4T4,2024-11,2026-10-04
6,4,5629,587510,"Power N-CT79^2Trin2,2,4",2024-11,2026-10-04
6,4,5775,587809,Power N-CT79^2T4T2,2024-11,2026-10-04
6,4,5925,588108,Power N-CT79^2T4,2024-11,2026-10-04
6,4,5929,588874,Power N-CT79^2T2T2,2024-11,2026-10-04
6,4,6083,589173,Power N-CT79^2T2,2024-11,2026-10-04
6,4,6242,589472,Power N-CT79^2+1,2024-11,2026-10-04
6,4,6400,599537,Power N-CT83^2T3T3,2024-11,2026-10-04
6,4,6640,600452,Power N-CT83^2T3,2024-11,2026-10-04
6,4,6891,601367,Power N-CT83^2+2,2024-11,2026-10-04
6,4,6901,606907,"Power N-CT89^2Trin4,4,4",2024-11,2026-10-04
6,4,7120,607100,Power N-CT89^2T9,2024-11,2026-10-04
6,4,7225,607461,Power N-CT89^2T4T4,2024-11,2026-10-04
6,4,7565,608015,Power N-CT89^2T4,2024-11,2026-10-04
6,4,7922,608569,Power N-CT89^2+1,2024-11,2026-10-04
6,4,7998,637338,Power N-CT101^2Arc(13)T11,2024-11,2026-10-04
6,4,8100,638346,Power N-CT97^2T7T7,2024-11,2026-10-04
6,4,8790,640045,Power N-CT101^2Arc(13)T2,2024-11,2026-10-04
6,4,9412,643760,Power N-CT97^2+3,2024-11,2026-10-04
6,4,9421,662335,Power N-CT101^2Arc(8),2024-11,2026-10-04
6,4,9515,666050,Power N-CT101^2Arc(7),2024-11,2026-10-04
6,4,9610,669765,Power N-CT101^2Arc(6),2024-11,2026-10-04
6,4,9706,673480,Power N-CT101^2Arc(5),2024-11,2026-10-04
6,4,9803,677195,Power N-CT101^2Arc(4),2024-11,2026-10-04
6,4,9854,679410,Power CT27^3S21,2024-11,2026-10-04
6,4,9901,680910,Power N-CT101^2Arc(3),2024-11,2026-10-04
6,4,10000,682080,Power CT27^3S20,2024-11,2026-10-04
6,5,7,15625,orthogonal array,2024-11,2026-10-04
6,5,8,25000,Xu-Ji-Dong,2024-11,2026-10-04
6,5,11,28125,Restricted CPHF Sim Annealing (TJ-IM),2024-11,2026-10-04
6,5,12,30625,Restricted CPHF Sim Annealing (TJ-IM),2024-11,2026-10-04
6,5,15,43745,Restricted CPHF Sim Annealing (TJ-IM),2024-11,2026-10-04
6,5,16,46865,Restricted CPHF Sim Annealing (TJ-IM),2024-11,2026-10-04
6,5,17,56245,Restricted CPHF Sim Annealing (TJ-IM),2024-11,2026-10-04
6,5,20,59365,Restricted CPHF Sim Annealing (TJ-IM),2024-11,2026-10-04
6,5,21,62465,Restricted CPHF Sim Annealing (TJ-IM),2024-11,2026-10-04
6,5,24,71865,Restricted CPHF Sim Annealing (TJ-IM),2024-11,2026-10-04
6,5,26,74985,Restricted CPHF Sim Annealing (TJ-IM),2024-11,2026-10-04
6,5,27,78105,Restricted CPHF Sim Annealing (TJ-IM),2024-11,2026-10-04
6,5,32,87485,Restricted CPHF Sim Annealing (TJ-IM),2024-11,2026-10-04
6,5,33,90605,Restricted CPHF Sim Annealing (TJ-IM),2024-11,2026-10-04
6,5,35,93725,Restricted CPHF Sim Annealing (TJ-IM),2024-11,2026-10-04
6,5,40,103105,Restricted CPHF Sim Annealing (TJ-IM),2024-11,2026-10-04
6,5,41,106225,Restricted CPHF Sim Annealing (TJ-IM),2024-11,2026-10-04
6,5,46,109345,Restricted CPHF Sim Annealing (TJ-IM),2024-11,2026-10-04
6,5,50,118725,Restricted CPHF Sim Annealing (TJ-IM),2024-11,2026-10-04
6,5,52,121845,Restricted CPHF Sim Annealing (TJ-IM),2024-11,2026-10-04
6,5,59,124965,Restricted CPHF Sim Annealing (TJ-IM),2024-11,2026-10-04
6,5,64,134345,Restricted CPHF Sim Annealing (TJ-IM),2024-11,2026-10-04
6,5,75,140585,Restricted CPHF Sim Annealing (TJ-IM),2024-11,2026-10-04
6,5,82,149965,Restricted CPHF Sim Annealing (TJ-IM),2024-11,2026-10-04
6,5,84,153117,Restricted CPHF Sim Annealing (TJ-IM),2024-11,2026-10-04
6,5,89,156205,Restricted CPHF Sim Annealing (TJ-IM),2024-11,2026-10-04
6,5,98,165585,Restricted CPHF Sim Annealing (TJ-IM),2024-11,2026-10-04
6,5,104,168741,Restricted CPHF Sim Annealing (TJ-IM),2024-11,2026-10-04
6,5,124,171825,Restricted CPHF Sim Annealing (TJ-IM),2024-11,2026-10-04
6,5,169,187445,Restricted CPHF Sim Annealing (TJ-IM),2024-11,2026-10-04
6,5,210,203065,Restricted CPHF Sim Annealing (TJ-IM),2024-11,2026-10-04
6,5,274,218685,Restricted CPHF Sim Annealing (TJ-IM),2024-11,2026-10-04
6,5,320,234361,Restricted CPHF Sim Annealing (TJ-IM),2024-11,2026-10-04
6,5,410,249985,Restricted CPHF Sim Annealing (TJ-IM),2024-11,2026-10-04
6,5,550,265609,Restricted CPHF Sim Annealing (TJ-IM),2024-11,2026-10-04
6,5,640,281233,Restricted CPHF Sim Annealing (TJ-IM),2024-11,2026-10-04
6,5,720,296857,Restricted CPHF Sim Annealing (TJ-IM),2024-11,2026-10-04
6,5,721,434157,Add 1 factors,2024-11,2026-10-04
6,5,722,513857,Add 2 factors,2024-11,2026-10-04
6,5,723,553857,Add 3 factors,2024-11,2026-10-04
6,5,724,566357,Add 4 factors,2024-11,2026-10-04
6,5,725,578857,Add 5 factors,2024-11,2026-10-04
6,5,726,714777,Add 6 factors,2024-11,2026-10-04
6,5,727,795857,Add 5 factors,2024-11,2026-10-04
6,5,728,835857,Add 5 factors,2024-11,2026-10-04
6,5,729,848357,Add 5 factors,2024-11,2026-10-04
6,5,730,860857,Add 5 factors,2024-11,2026-10-04
6,5,731,996777,Add 6 factors,2024-11,2026-10-04
6,5,747,1046808,"perfect hash family4,884,547T137",2024-11,2026-10-04
6,5,887,1062432,"perfect hash family4,887,550",2024-11,2026-10-04
6,5,944,1109304,"perfect hash family4,1034,640T90",2024-11,2026-10-04
6,5,1034,1124928,"perfect hash family4,1034,640",2024-11,2026-10-04
6,5,1088,1171800,"perfect hash family4,1168,720T80",2024-11,2026-10-04
6,5,1168,1187424,"perfect hash family4,1168,720",2024-11,2026-10-04
6,5,1358,1328040,"perfect hash family5,1358,550",2024-11,2026-10-04
6,5,1597,1390536,"perfect hash family5,1775,639T89",2024-11,2026-10-04
6,5,1776,1406160,"perfect hash family5,1776,640",2024-11,2026-10-04
6,5,1840,1468656,"perfect hash family5,2000,720T80",2024-11,2026-10-04
6,5,2000,1484280,"perfect hash family5,2000,720",2024-11,2026-10-04
6,5,2086,1593648,"perfect hash family6,2086,550",2024-11,2026-10-04
6,5,2116,1643376,"perfect hash family14,2209,47S2",2024-11,2026-10-04
6,5,2162,1652756,"perfect hash family14,2209,47T1",2024-11,2026-10-04
6,5,2212,1662136,"perfect hash family14,2212,50",2024-11,2026-10-04
6,5,2269,1671768,"perfect hash family6,2536,639T89",2024-11,2026-10-04
6,5,2560,1687392,"perfect hash family6,2560,640",2024-11,2026-10-04
6,5,2714,1733876,"perfect hash family14,3481,59T13",2024-11,2026-10-04
6,5,2950,1743256,"perfect hash family14,3481,59T9",2024-11,2026-10-04
6,5,3068,1746376,"perfect hash family14,3481,59T7",2024-11,2026-10-04
6,5,3481,1749496,"perfect hash family14,3481,59",2024-11,2026-10-04
6,5,3650,1805732,"perfect hash family13,5329,73T23",2024-11,2026-10-04
6,5,3796,1808852,"perfect hash family13,5329,73T21",2024-11,2026-10-04
6,5,4307,1811972,"perfect hash family13,5329,73T14",2024-11,2026-10-04
6,5,4672,1821352,"perfect hash family13,5329,73T9",2024-11,2026-10-04
6,5,5331,1827592,"perfect hash family13,5331,75",2024-11,2026-10-04
6,5,5925,1940152,"perfect hash family13,6241,79T4",2024-11,2026-10-04
6,5,6244,1949532,"perfect hash family13,6244,82",2024-11,2026-10-04
6,5,6253,1965292,"perfect hash family13,6889,83S8",2024-11,2026-10-04
6,5,6329,1968444,"perfect hash family13,6889,83S7",2024-11,2026-10-04
6,5,6406,1971596,"perfect hash family13,6889,83S6",2024-11,2026-10-04
6,5,6484,1974748,"perfect hash family13,6889,83S5",2024-11,2026-10-04
6,5,6563,1977900,"perfect hash family13,6889,83S4",2024-11,2026-10-04
6,5,6643,1981052,"perfect hash family13,6889,83S3",2024-11,2026-10-04
6,5,6724,1984204,"perfect hash family13,6889,83S2",2024-11,2026-10-04
6,5,6806,1987356,"perfect hash family13,6889,83T1",2024-11,2026-10-04
6,5,6890,1990508,"perfect hash family13,6890,84",2024-11,2026-10-04
6,5,7298,2024412,"perfect hash family13,7921,89T7",2024-11,2026-10-04
6,5,7476,2027564,"perfect hash family13,7921,89T5",2024-11,2026-10-04
6,5,7921,2030652,"perfect hash family13,7921,89",2024-11,2026-10-04
6,5,7954,2136972,"perfect hash family13,9409,97T15",2024-11,2026-10-04
6,5,8148,2140124,"perfect hash family13,9409,97T13",2024-11,2026-10-04
6,5,8633,2143212,"perfect hash family13,9409,97T8",2024-11,2026-10-04
6,5,9410,2152592,"perfect hash family13,9410,98",2024-11,2026-10-04
6,5,10000,2190464,"perfect hash family13,10609,103T5",2024-11,2026-10-04
